combo,count
1 teaspoon salt,62131
1 onion,45898
1 clove garlic,42726
1 egg,32313
1 tablespoon olive oil,29397
1 cup water,28700
1 salt,20677
1 cup flour,20260
1 tablespoon butter,19743
1 teaspoon black pepper,18899
1 cup sugar,17474
1 teaspoon cumin,15147
1 tomato,14127
1 teaspoon pepper,14061
1 cup milk,13430
1 cup onion,13038
1 cup butter,12375
1 bell pepper,11549
"1 salt, pepper",10829
1 lb beef,10713
1 tablespoon soy sauce,10251
1 tablespoon sugar,9974
1 garlic,9834
1 pepper,9494
1 cup olive oil,9483
1 cup cilantro,9375
1 teaspoon cinnamon,8976
1 green onion,8936
1 can tomato,8585
1 teaspoon oregano,8524
1 carrot,8498
1 tablespoon vegetable oil,8476
1 tablespoon lemon juice,8429
1 teaspoon sugar,8404
1 cup parmesan cheese,8279
1 tablespoon parsley,7717
1 tablespoon oil,7392
1 cup rice,7283
1 teaspoon ginger,7014
1 bay leaf,6829
1 lime,6778
1 cup chicken broth,6639
1 lemon,6639
1 potato,6639
1 teaspoon chili powder,6567
1 cup yogurt,6386
1 tablespoon flour,6312
1 teaspoon vanilla extract,6272
1 teaspoon turmeric,6247
1 black pepper,6180
1 teaspoon paprika,6049
1 cup tomato,5940
1 tablespoon ginger,5814
1 cup parsley,5771
1 teaspoon baking powder,5743
1 teaspoon garlic powder,5627
1 teaspoon cayenne pepper,5485
1 cup sour cream,5420
1 cup brown sugar,5386
1 chicken breast,5367
1 cup cheddar cheese,5237
1 jalapeno,5150
1 teaspoon coriander,4950
1 teaspoon thyme,4905
1 teaspoon red pepper flakes,4787
1 tablespoon lime juice,4754
1 avocado,4641
1 teaspoon garlic,4421
1 tablespoon cilantro,4322
1 tablespoon garlic,4304
1 tablespoon water,4245
1 tablespoon honey,4148
1 egg yolk,4078
1 teaspoon nutmeg,4056
1 cup basil,3958
1 cucumber,3954
1 tablespoon brown sugar,3927
1 teaspoon mustard,3910
1 cup wine,3862
1 shallot,3796
1 cup bread crumbs,3733
1 cup chicken stock,3708
1 teaspoon baking soda,3703
1 cup carrot,3627
1 tablespoon salt,3616
1 cup mayonnaise,3567
1 teaspoon sesame oil,3521
1 teaspoon olive oil,3512
1 chili pepper,3407
1 teaspoon vanilla,3369
1 tablespoon cornstarch,3351
1 cooking spray,3349
1 cup white wine,3329
1 teaspoon basil,3320
1 chili,3315
1 lb shrimp,3305
1 inch ginger,3243
1 cup green onion,3240
1 cup mozzarella cheese,3232
1 lb chicken breast,3219
1 cup vegetable oil,3210
1 cup soy sauce,3162
1 tablespoon fish sauce,3137
1 cup powdered sugar,3108
1 tablespoon mustard,3096
1 cup heavy cream,3042
1 zucchini,3041
1 cup cheese,2866
1 slice bacon,2860
1 cup almonds,2800
1 lb chicken,2796
1 teaspoon garam masala,2784
1 cup bell pepper,2780
1 slice bread,2779
1 lb potato,2770
1 cup raisin,2766
1 tablespoon tomato paste,2758
1 stalk celery,2732
1 chicken,2715
1 tablespoon coriander,2708
1 cup corn,2702
1 bread,2640
1 cup celery,2608
1 cup cream,2573
1 tablespoon sesame oil,2554
1 cup salsa,2540
1 apple,2518
1 cup mushroom,2492
1 can black beans,2479
1 g butter,2468
1 teaspoon lemon juice,2448
1 tablespoon basil,2419
1 tablespoon chili powder,2415
1 flour tortilla,2411
1 cup spinach,2410
1 cup olive,2380
1 tablespoon canola oil,2373
1 lb pork,2368
1 egg whites,2343
1 cup coconut milk,2314
1 cup lemon juice,2270
1 cup panko,2254
1 olive oil,2253
1 tablespoon cumin,2241
1 can tomato sauce,2232
1 tablespoon oregano,2170
1 tablespoon sesame seeds,2164
1 tablespoon vinegar,2140
1 stick cinnamon,2100
1 cup feta cheese,2098
1 clove,2089
1 cup coconut,2070
1 corn tortilla,2070
1 tablespoon rice vinegar,2060
1 cup orange juice,2057
1 celery,2048
1 cup walnut,2038
1 cup cabbage,1963
1 cup peas,1959
1 orange,1952
1 tablespoon parmesan cheese,1913
1 tablespoon onion,1905
1 eggplant,1902
1 tablespoon Worcestershire sauce,1892
1 cup whipping cream,1891
1 teaspoon curry powder,1891
1 teaspoon clove,1868
1 teaspoon onion powder,1857
1 lemon juice,1844
1 cup peanut,1843
1 teaspoon white pepper,1829
1 teaspoon cornstarch,1828
1 teaspoon allspice,1816
1 oz cream cheese,1800
1 oil,1792
1 teaspoon lemon zest,1781
1 tortilla,1780
1 tablespoon paprika,1778
1 cup mint,1757
1 cardamom,1751
1 cup oil,1740
1 cup beef broth,1725
1 cup pecan,1721
1 tablespoon milk,1716
1 tablespoon balsamic vinegar,1715
1 tablespoon red wine vinegar,1713
1 banana,1712
1 lb sausage,1711
1 cup honey,1706
1 teaspoon cardamom,1704
1 water,1672
1 teaspoon soy sauce,1653
1 teaspoon rosemary,1629
1 cup lime juice,1614
1 teaspoon parsley,1551
1 cup potato,1546
1 oz butter,1542
1 tablespoon peanut oil,1541
1 cup buttermilk,1520
1 cilantro,1518
1 teaspoon Worcestershire sauce,1517
1 oz tomato,1512
1 can coconut milk,1495
1 teaspoon red pepper,1495
1 cup chicken,1478
1 tablespoon chives,1478
1 sour cream,1465
1 cup ketchup,1444
1 teaspoon yeast,1436
1 tablespoon thyme,1434
1 cup vinegar,1432
1 parsley,1419
1 teaspoon mustard seed,1413
1 sugar,1410
1 tablespoon mint,1386
1 tablespoon curry powder,1378
1 cup monterey jack cheese,1364
1 cup tomato sauce,1362
1 cup vegetable broth,1360
1 pack cream cheese,1357
1 leek,1354
1 can green chili,1326
1 sprig thyme,1315
1 can corn,1280
1 spring onion,1271
1 cup peanut butter,1271
1 salt and pepper,1270
1 oz mushroom,1248
1 parmesan cheese,1239
1 tablespoon oyster sauce,1234
1 cup broccoli,1231
1 lb mushroom,1228
1 tablespoon corn starch,1227
1 can tomato paste,1222
1 tablespoon mayonnaise,1219
1 cayenne pepper,1210
1 teaspoon butter,1206
1 tablespoon dill,1197
1 tablespoon apple cider vinegar,1191
1 cup lettuce,1185
1 nutmeg,1180
1 cup ricotta,1177
1 green bell pepper,1174
1 cup brown rice,1161
1 lb lamb,1154
1 vegetable oil,1153
1 tablespoon capers,1151
1 teaspoon brown sugar,1140
1 mango,1126
1 bunch cilantro,1120
1 teaspoon vegetable oil,1111
1 lettuce,1105
1 lb turkey,1091
1 teaspoon garlic salt,1087
1 g flour,1086
1 basil,1079
1 lb tomato,1071
1 can chicken broth,1071
1 teaspoon fennel seed,1066
1 cup coriander,1065
1 egg white,1060
1 cup cornmeal,1056
1 cup cashew,1043
1 red pepper,1037
1 lb chicken thigh,1028
1 tablespoon black pepper,1027
1 tablespoon green onion,1018
1 serrano pepper,1014
1 chicken thigh,1009
1 can kidney beans,1003
1 can chickpeas,986
1 head cabbage,973
1 tablespoon mirin,965
1 tablespoon sherry,954
1 teaspoon almond extract,949
1 cup beef stock,947
1 butter,944
1 stalk lemongrass,938
1 cinnamon,936
1 cup apple cider vinegar,934
1 lemon zest,934
1 cup strawberry,920
1 oz mozzarella cheese,914
1 cup lentil,914
1 teaspoon honey,907
1 can cream of mushroom soup,906
1 curry leaves,906
1 cup half-and-half,904
1 cup basmati rice,901
1 cup whole wheat flour,900
1 mushroom,900
1 sweet potato,899
1 cup canola oil,898
1 tablespoon ketchup,897
1 tablespoon rosemary,897
1 red pepper flakes,894
1 cup chocolate chips,889
1 cup black olive,886
1 teaspoon Italian seasoning,884
1 lb green beans,884
1 green chili,882
1 quart water,879
1 saffron,878
1 teaspoon five-spice powder,877
1 sprig rosemary,875
1 cup pine nut,871
1 g sugar,866
1 cup vegetable stock,866
1 poblano pepper,863
1 lb pasta,853
1 cup bean sprouts,849
1 cup red wine vinegar,844
1 oz cheddar cheese,835
1 cup pineapple,833
1 tablespoon baking powder,827
1 cup maple syrup,817
1 oz spinach,816
1 tablespoon sour cream,815
1 cup ice,812
1 tablespoon margarine,810
1 cup blueberries,808
1 tablespoon ghee,801
1 teaspoon dill,798
1 tablespoon coconut oil,797
1 tablespoon white wine vinegar,789
1 ice,788
1 ml water,786
1 teaspoon sage,781
1 leaf basil,779
1 tablespoon powdered sugar,777
1 flour,776
1 teaspoon italian seasoning,775
1 lb ground beef,775
1 teaspoon saffron,773
1 cup shallot,773
1 oz pasta,761
1 pack spinach,754
1 tablespoon peanut butter,754
1 cup margarine,753
1 teaspoon oil,750
1 tablespoon garlic powder,749
1 cup black beans,747
1 cup quinoa,739
1 lb bacon,739
1 cup cucumber,737
1 teaspoon lime juice,736
1 g tomato,731
1 tablespoon hoisin sauce,728
1 oz chocolate,724
1 tablespoon lemon zest,723
1 pie crust,720
1 powdered sugar,720
1 cup green beans,716
1 cup cornstarch,716
1 mint,716
1 bunch green onion,714
1 cup sherry,714
1 head lettuce,709
1 olive,701
1 cup red pepper,700
1 cup shortening,698
1 cabbage,698
1 lb chorizo,696
1 oz feta cheese,694
1 corn,692
1 sprig parsley,692
1 can beef broth,690
1 cup cranberry,687
1 can refried beans,685
1 salmon,684
1 lb pork shoulder,683
1 pack taco seasoning,682
1 tablespoon shallot,680
1 star anise,678
1 cup oats,672
1 teaspoon marjoram,667
1 tablespoon cinnamon,663
1 teaspoon hot sauce,662
1 shrimp,658
1 tablespoon yogurt,653
1 ml milk,653
1 cup zucchini,647
1 tablespoon maple syrup,645
1 cup cocoa powder,645
1 pack yeast,640
1 lb butter,638
1 tablespoon cocoa powder,638
1 can cream of chicken soup,635
1 head garlic,634
1 lime juice,633
1 lb flank steak,632
1 cup beer,631
1 tablespoon red curry paste,630
1 cup arugula,630
1 cup arborio rice,626
1 dash salt,625
1 cup chickpeas,624
1 cup green bell pepper,623
1 pork,618
1 cup balsamic vinegar,616
1 vanilla,616
1 can mushroom,611
1 salsa,610
1 taco seasoning,610
1 head cauliflower,607
1 cup cottage cheese,606
1 cup apple,605
1 pear,602
1 rice,602
1 bunch parsley,598
1 cup mustard,595
1 lb asparagus,595
1 lb carrot,592
1 teaspoon caraway,590
1 tablespoon orange juice,590
1 tablespoon rice wine,590
1 teaspoon vinegar,587
1 cup rice vinegar,582
1 piece ginger,580
1 can enchilada sauce,576
1 white pepper,573
1 salt and black pepper,569
1 cup marinara sauce,565
1 cup pasta,565
1 tablespoon sriracha,561
1 yeast,558
1 teaspoon lime zest,558
1 fennel,557
1 tablespoon sake,557
1 oz tomato sauce,552
1 ml cream,552
1 teaspoon water,551
1 bar tofu,550
1 can pineapple,548
1 cup ham,546
1 paprika,545
1 tablespoon pepper,542
1 cup raspberry,539
1 tablespoon vanilla extract,538
1 oregano,537
1 cup couscous,535
1 teaspoon cream of tartar,533
1 tablespoon sherry vinegar,531
1 cup barbecue sauce,531
1 can sweetened condensed milk,527
1 pint tomato,522
1 lb spaghetti,522
1 g beef,521
1 teaspoon chili flakes,521
1 lb salmon,520
1 tablespoon almonds,516
1 can cannellini beans,511
1 cup tomato paste,511
1 cup evaporated milk,510
1 tablespoon garam masala,510
1 teaspoon sesame seeds,509
1 oz parmesan cheese,509
1 coriander,507
1 cup broth,507
1 cup cream cheese,505
1 lb pork tenderloin,505
1 cup coffee,505
1 cup stock,501
1 teaspoon orange zest,500
1 can pinto beans,498
1 cheese,497
1 can chickpea,496
1 slice ginger,496
1 teaspoon fenugreek,495
1 shiitake mushroom,493
1 cup molasses,493
1 can tuna,493
1 oz bacon,491
1 cup corn syrup,491
1 lasagna noodle,490
1 oz goat cheese,489
1 cup romaine lettuce,489
1 cup caster sugar,488
1 cup green peas,484
1 tablespoon pine nut,482
1 cup salt,481
1 cube chicken bouillon,480
1 tablespoon cream,479
1 cup skim milk,479
1 tablespoon Italian seasoning,476
1 can black olive,475
1 oz flour,474
1 scallion,474
1 food coloring,472
1 cup scallion,472
1 anchovy,471
1 cup swiss cheese,468
1 tablespoon Shaoxing wine,468
1 cup chicken breast,468
1 teaspoon fish sauce,467
1 pita,466
1 cup tortilla chips,466
1 cup apricot,465
1 cup rolled oats,464
1 tablespoon rum,464
1 hamburger bun,463
1 cup cauliflower,462
1 cup pistachio,462
1 lb ham,461
1 sausage,459
1 peach,457
1 lb onion,456
1 cup kale,456
1 oz water,455
1 sheet puff pastry,455
1 tablespoon bread crumbs,455
1 cup half and half,454
1 teaspoon cilantro,452
1 tortilla chips,451
1 cup almond,450
1 lb spinach,450
1 inch cinnamon,450
1 slice white bread,449
1 dash pepper,448
1 teaspoon tarragon,448
1 radish,448
1 oz sour cream,447
1 teaspoon mint,442
1 teaspoon flour,439
1 tablespoon miso,439
1 oz rice noodles,437
1 cup macaroni,436
1 ginger,436
1 cup sesame seeds,436
1 lb pork loin,435
1 tablespoon horseradish,435
1 teaspoon asafoetida,433
1 thyme,432
1 cup rum,432
1 cup jasmine rice,431
1 oz ricotta,430
1 can evaporated milk,429
1 lamb,426
1 tablespoon yeast,426
1 cup pineapple juice,426
1 tablespoon sage,426
1 cup gruyere cheese,425
1 g potato,423
1 lb mozzarella cheese,422
1 tablespoon wine,420
1 cup dill,419
1 oz spaghetti,418
1 cup mango,418
1 tablespoon curry paste,415
1 pineapple,415
1 oz beef,415
1 tablespoon tarragon,408
1 cup pesto,407
1 slice ham,406
1 tablespoon italian seasoning,405
1 cup cherry,401
1 jar salsa,401
1 jar spaghetti sauce,398
1 cup chives,397
1 teaspoon onion,397
1 chipotle pepper,397
1 slice prosciutto,395
1 lb beef chuck,394
1 cup hazelnut,394
1 cup bread,394
1 cup snow peas,393
1 tomatillo,392
1 tablespoon jalapeno,391
1 leaf lettuce,389
1 tablespoon tamari,388
1 teaspoon celery seed,388
1 tablespoon chili sauce,387
1 g mushroom,385
1 cup nuts,385
1 cup rice flour,384
1 garlic powder,383
1 tablespoon taco seasoning,382
1 hot sauce,381
1 cup romano cheese,381
1 lb steak,381
1 oz tequila,377
1 head romaine lettuce,375
1 tablespoon sunflower oil,375
1 tablespoon rice wine vinegar,375
1 teaspoon chili paste,375
1 oz chicken breast,374
1 cup almond milk,373
1 cup hoisin sauce,372
1 cauliflower,372
1 beef,371
1 cup tomato juice,370
1 tablespoon white wine,369
1 oz cheese,368
1 teaspoon orange peel,367
1 tablespoon coconut,366
1 cup peanut oil,366
1 ml olive oil,366
1 whipped cream,366
1 sheet nori,365
1 can artichoke,365
1 tablespoon raisin,361
1 sprig cilantro,361
1 tablespoon brandy,360
1 oz shrimp,360
1 cup enchilada sauce,359
1 oz bittersweet chocolate,359
1 tablespoon hot sauce,359
1 oz rum,359
1 tablespoon onion powder,359
1 teaspoon hot pepper sauce,356
1 cup olives,356
1 cup date,355
1 cup cocoa,354
1 tablespoon peanut,352
1 oz ham,352
1 tablespoon tahini,352
1 tablespoon molasses,351
1 cup Italian dressing,351
1 portobello mushroom,349
1 cup all-purpose flour,346
1 chipotle,346
1 cup ginger,344
1 oz tomato paste,344
1 lb sweet potato,343
1 cup white wine vinegar,343
1 cup apple juice,342
1 lb scallops,340
1 cup orzo,339
1 bunch basil,339
1 strawberry,338
1 cup breadcrumb,338
1 cup jalapeno,338
1 teaspoon chili pepper,337
1 lb mussels,337
1 oz tofu,335
1 oz egg noodles,335
1 tablespoon sweet chili sauce,334
1 cube beef bouillon,334
1 sprig mint,333
1 tablespoon corn syrup,332
1 tablespoon tomato puree,330
1 tablespoon orange zest,329
1 tablespoon chili paste,329
1 teaspoon balsamic vinegar,327
1 cup sun-dried tomato,327
1 g chicken,327
1 oz chorizo,327
1 can tomatoes,327
1 cup shrimp,326
1 oz sugar,326
1 tablespoon cocoa,324
1 oz vodka,323
1 teaspoon canola oil,323
1 cheddar cheese,322
1 sage,322
1 cup semolina,321
1 cup lentils,321
1 can water chestnut,321
1 cup sauce,320
1 teaspoon Tabasco sauce,319
1 lb veal,319
1 milk,317
1 tablespoon turmeric,314
1 lb pork sausage,313
1 oz prosciutto,313
1 cup tequila,312
1 g spinach,312
1 cm ginger,312
1 ricotta,310
1 yogurt,309
1 teaspoon sriracha,309
1 almonds,309
1 kaffir lime leaves,308
1 cup chickpea,307
1 cup water chestnut,307
1 cumin,305
1 tablespoon pesto,303
1 wonton wrappers,303
1 parsnip,302
1 oz beer,302
1 g almonds,301
1 cup pumpkin,301
1 lb chicken wings,300
1 tablespoon red pepper flakes,300
1 g caster sugar,298
1 slice tomato,298
1 oz monterey jack cheese,298
1 oz salmon,297
1 lb meat,295
1 beet,295
1 cup tahini,295
1 cup pepper jack cheese,295
1 butternut squash,293
1 lb ricotta,293
1 cup artichoke,292
1 lb tofu,292
1 tablespoon palm sugar,291
1 cup salad greens,291
1 cup shiitake mushroom,291
1 teaspoon celery salt,291
1 allspice,290
1 lb tomatillo,288
1 tablespoon shortening,288
1 chili powder,287
1 cup self-rising flour,287
1 turnip,285
1 cup currants,285
1 cup sweet chili sauce,284
1 pack tofu,283
1 teaspoon chicken bouillon,281
1 oz pancetta,281
1 cup guacamole,280
1 chives,280
1 cup sweet potato,279
1 kiwi,278
1 cup fish sauce,278
1 lb cheddar cheese,278
1 teaspoon lemon peel,278
1 cup ranch dressing,276
1 tablespoon vanilla,276
1 lb zucchini,275
1 tablespoon heavy cream,275
1 tablespoon cooking spray,273
1 cup goat cheese,273
1 lb cod,273
1 cup whole milk,272
1 cup radish,272
1 pack mushroom,272
1 black olive,271
1 oz noodles,271
1 cup creme fraiche,271
1 stick butter,270
1 cup chocolate,269
1 onion soup mix,269
1 lb linguine,269
1 ml wine,269
1 cup mixed vegetables,268
1 g chicken breast,268
1 slice provolone cheese,268
1 cup Worcestershire sauce,267
1 cup sake,266
1 cup grape,266
1 cup brandy,266
1 cup garlic,265
1 cup chickpea flour,265
1 oz milk,265
1 lb beef tenderloin,264
1 Tabasco sauce,264
1 teaspoon tomato paste,263
1 cup blue cheese,263
1 cup apple cider,263
1 plantain,262
1 cup Mexican cheese blend,262
1 dash cayenne pepper,262
1 lb eggplant,261
1 cup applesauce,259
1 teaspoon liquid smoke,258
1 cup marsala wine,258
1 cup fresh cheese,257
1 tablespoon cornmeal,257
1 g parmesan cheese,257
1 lb beef chuck roast,256
1 cup cotija cheese,256
1 cup mozzarella,256
1 cup dashi,256
1 lb fish,255
1 teaspoon red wine vinegar,255
1 soy sauce,255
1 lb crab meat,255
1 cup pasta sauce,254
1 pizza crust,254
1 lb sirloin,252
1 can olive,252
1 tablespoon herbs,252
1 artichoke,252
1 pita bread,251
1 g onion,251
1 cup coconut cream,251
1 chili peppers,250
1 tablespoon ginger garlic paste,250
1 wedge lime,249
1 oz yogurt,248
1 cup leek,248
1 oz pork,246
1 oz green beans,246
1 cup pepper,246
1 oz onion,245
1 cup soy milk,244
1 chocolate,244
1 cup tomato puree,244
1 l water,243
1 habanero pepper,243
1 cup mirin,242
1 ml coconut milk,241
1 bottle beer,240
1 oz black beans,240
1 tablespoon tamarind paste,240
1 teaspoon anise seed,239
1 teaspoon ginger garlic paste,238
1 teaspoon lemon pepper,238
1 teaspoon apple cider vinegar,238
1 teaspoon mace,238
1 tablespoon salsa,237
1 oz green chili,237
1 pack pasta,237
1 oz mushrooms,237
1 oz chicken broth,236
1 cup egg substitute,235
1 jalapeno pepper,235
1 cup butternut squash,234
1 cup banana,234
1 teaspoon mixed spice,234
1 teaspoon horseradish,234
1 pork loin,233
1 g yogurt,233
1 cup pecorino romano,233
1 teaspoon chili pepper flakes,232
1 asafoetida,232
1 cup edamame,231
1 guacamole,230
1 cup peach,230
1 tablespoon mustard seed,229
1 g feta cheese,229
1 cup salad dressing,229
1 tablespoon fennel seed,227
1 teaspoon chives,226
1 oz coconut milk,226
1 bun,226
1 cup bacon,225
1 oz shiitake mushroom,224
1 rosemary,224
1 lb apple,223
1 cup spaghetti sauce,223
1 oz lime juice,222
1 bunch spinach,222
1 teaspoon capers,222
1 mustard,222
1 cup masa harina,222
1 cup beans,221
1 slice swiss cheese,221
1 dash black pepper,221
1 cup wild rice,221
1 cup beef,221
1 sesame seeds,220
1 cup teriyaki sauce,219
1 cup blackberry,219
1 teaspoon rice vinegar,219
1 tablespoon bell pepper,218
1 cup chili sauce,218
1 tablespoon lime zest,218
1 coconut,218
1 romaine lettuce,218
1 canola oil,218
1 cup graham cracker crumbs,217
1 cup noodles,217
1 oz almonds,217
1 teaspoon mustard seeds,216
1 tablespoon agave nectar,216
1 bunch asparagus,215
1 leaf kaffir lime,215
1 beef bouillon,214
1 oz cream,214
1 cup refried beans,214
1 bag tortilla chips,214
1 lb cabbage,213
1 bird's eye chili,213
1 g pasta,213
1 pack egg noodles,213
1 cup barley,213
1 tablespoon orange peel,211
1 bunch coriander,211
1 cup wheat flour,210
1 cup kidney beans,210
1 slice onion,210
1 orange juice,210
1 yellow squash,209
1 slice lemon,209
1 cup almond flour,209
1 g dark chocolate,209
1 can hominy,209
1 head broccoli,208
1 can beans,208
1 tablespoon coffee,208
1 oz blue cheese,207
1 oz semisweet chocolate,207
1 teaspoon cajun seasoning,207
1 cup polenta,207
1 teaspoon instant coffee,207
1 tablespoon cayenne pepper,207
1 teaspoon beef bouillon,206
1 kg chicken,206
1 orange zest,204
1 g carrot,204
1 tablespoon tamarind,203
1 lb ground chicken,201
1 g cheese,201
1 teaspoon chili oil,201
1 handful cilantro,200
1 tablespoon caster sugar,200
1 can white beans,200
1 cup watermelon,200
1 thai chili,199
1 tablespoon green curry paste,199
1 lb prawn,198
1 tablespoon chicken bouillon,198
1 dill,198
1 tablespoon corn oil,198
1 can green chilies,198
1 quart milk,197
1 oz corn,197
1 tablespoon chili oil,197
1 teaspoon sichuan pepper,196
1 slice whole wheat bread,196
1 cup pizza sauce,196
1 pizza dough,196
1 asparagus,195
1 beef tenderloin,195
1 can beer,195
1 teaspoon jalapeno,195
1 jar pasta sauce,194
1 lb beef brisket,194
1 lb fettuccine,194
1 cup salsa verde,194
1 lb broccoli,194
1 quart chicken broth,193
1 oz fettuccine,193
1 olives,193
1 g bacon,193
1 pasta,192
1 cup port wine,192
1 teaspoon chili sauce,192
1 english muffin,191
1 dash nutmeg,191
1 oz potato,191
1 roll,191
1 cup pearl barley,191
1 chicken leg,191
1 cup italian dressing,190
1 g lamb,190
1 cup turkey,190
1 quart chicken stock,190
1 cup mascarpone,190
1 cup oatmeal,190
1 tablespoon caraway,189
1 lb skirt steak,189
1 tablespoon cream cheese,189
1 ancho chile,189
1 lb Italian sausage,189
1 teaspoon wasabi,189
1 oz yeast,189
1 garlic salt,188
1 sheet phyllo pastry,188
1 bottle wine,187
1 lb feta cheese,187
1 tablespoon poppy seeds,187
1 oz linguine,187
1 cup baking mix,187
1 tablespoon lemongrass,187
1 g cream cheese,186
1 cup pumpkin puree,186
1 teaspoon caster sugar,185
1 cup provolone cheese,185
1 lb kielbasa,185
1 cup egg noodles,185
1 cup fontina cheese,185
1 bread crumbs,184
1 cup berries,184
1 cup vegetable shortening,184
1 g pork,184
1 tablespoon grapeseed oil,184
1 g chocolate,184
1 pack ramen noodles,184
1 cup green chili,183
1 lime zest,182
1 slice mozzarella cheese,182
1 cup corn flakes,182
1 cup sunflower seed,182
1 can tomato puree,182
1 tablespoon olive,182
1 whipped topping,182
1 oz orange juice,181
1 lb pork belly,181
1 cup vodka,181
1 chicken drumsticks,181
1 cup bulgur,181
1 tablespoon adobo sauce,181
1 dash Tabasco sauce,180
1 kg beef,180
1 lb turkey sausage,179
1 cup capers,179
1 oz chicken,179
1 can chili,178
1 pork tenderloin,178
1 teaspoon fennel,178
1 grapefruit,177
1 tablespoon walnut,177
1 cup whipped cream,177
1 g green beans,176
1 tablespoon tomato sauce,175
1 g powdered sugar,175
1 cup bok choy,174
1 cup pumpkin seeds,174
1 oz sausage,174
1 ml chicken stock,174
1 teaspoon chili,174
1 bunch mint,173
1 tablespoon cajun seasoning,173
1 can green beans,173
1 teaspoon chipotle powder,172
1 tablespoon lard,172
1 tilapia,172
1 g yeast,171
1 cup fish stock,171
1 cup asiago cheese,171
1 green pepper,171
1 pack puff pastry,171
1 turmeric,170
1 jar artichoke,170
1 dash hot sauce,170
1 bunch bok choy,170
1 cup corn oil,170
1 oz mozzarella,170
1 lemongrass,170
1 cup chili powder,170
1 sprig basil,169
1 chorizo,169
1 cup pinto beans,169
1 chipotle peppers in adobo,169
1 squash,168
1 oz carrot,168
1 lb short ribs,168
1 tablespoon chicken broth,168
1 bunch kale,167
1 lb butternut squash,167
1 dash Worcestershire sauce,166
1 tablespoon golden syrup,166
1 cup pepperoni,166
1 cup self-raising flour,166
1 cup prune,166
1 maraschino cherry,165
1 lb pork ribs,165
1 cup ghee,165
1 stalk green onion,164
"1 teaspoon salt, pepper",164
1 teaspoon corn starch,164
1 oz olive oil,164
1 g brown sugar,164
1 teaspoon red curry paste,164
1 gelatin,163
1 cup white rice,163
1 date,163
1 oz lemon juice,163
1 pint strawberry,162
1 maple syrup,162
1 cup lard,162
1 oz pineapple juice,162
1 cup ice cream,162
1 oz salsa,162
1 serrano chili,161
1 l milk,161
1 cup rye flour,161
1 tablespoon tomato,161
1 tablespoon five-spice powder,161
1 oz swiss cheese,161
1 cup rice wine vinegar,160
1 lb flour,160
1 cup oregano,160
1 tablespoon marjoram,160
1 orange peel,160
1 lb cheese,160
1 steak,160
1 cup parmesan,159
1 slice cheese,159
1 turkey,159
1 pack onion soup mix,159
1 teaspoon gelatin,159
1 mayonnaise,159
1 teaspoon cocoa powder,159
1 ciabatta,159
1 bag spinach,159
1 leaf sage,159
1 teaspoon chipotle pepper,159
1 teaspoon poultry seasoning,159
1 kg potato,158
1 apricot,158
1 teaspoon peanut oil,158
1 teaspoon milk,158
1 teaspoon rose water,158
1 cup whipped topping,158
1 cream,157
1 lb sirloin steak,157
1 taco shells,157
1 jar red pepper,157
1 teaspoon onion salt,157
1 sheet phyllo dough,156
1 oz soba noodles,156
1 teaspoon herbs,156
1 g ginger,156
1 teaspoon chaat masala,156
1 oz bread,156
1 teaspoon pumpkin pie spice,156
1 cup picante sauce,155
1 oz provolone cheese,155
1 tablespoon whipping cream,155
1 red chili,154
1 g salt,154
1 can water,154
1 bunch scallion,154
1 g ricotta,154
1 cup watercress,154
1 g cheddar cheese,153
1 oz artichoke,153
1 jar marinara sauce,153
1 teaspoon fenugreek leaves,153
1 papaya,153
1 teaspoon herbes de provence,152
1 lb salami,152
1 scallops,151
1 bread roll,151
1 g prawn,151
1 oz gruyere cheese,151
1 cup hummus,151
1 oz triple sec,151
1 cup mushrooms,150
1 tablespoon pistachio,150
1 teaspoon monosodium glutamate,150
1 fig,150
1 oz olive,149
1 g spaghetti,149
1 leaf mint,149
1 cherry,148
1 can tomato soup,148
1 anchovies,147
1 lb corned beef,147
1 teaspoon white wine vinegar,147
1 pack cheddar cheese,147
1 scotch bonnet pepper,146
1 oz tuna,145
1 teaspoon parmesan cheese,145
1 cup whiskey,145
1 oz ginger,145
1 cup orange marmalade,145
1 mushrooms,145
1 tablespoon celery,145
1 tablespoon black vinegar,144
1 bunch watercress,144
1 cup pico de gallo,144
1 tablespoon rose water,144
1 tablespoon fenugreek leaves,144
1 g rice,143
1 slice cheddar cheese,143
1 tablespoon all-purpose flour,143
1 cup greens,143
1 tablespoon chili pepper,143
1 pack mozzarella cheese,143
1 bacon,142
1 piece chicken,142
1 ml white wine,142
1 cup macadamia nut,142
1 lb brussels sprouts,141
1 cup manchego cheese,141
1 can clams,141
1 cornstarch,141
1 can condensed milk,141
1 sesame oil,141
1 cup split peas,140
1 cup white vinegar,140
1 oz black olive,140
1 tablespoon chia seeds,140
1 duck,140
1 oz dark chocolate,140
1 oz caster sugar,140
1 lb monterey jack cheese,140
1 teaspoon old bay seasoning,140
1 tablespoon wine vinegar,140
1 pack corn,139
1 oz white chocolate,139
1 cup jicama,139
1 peanut oil,139
1 cup asparagus,139
1 ml vegetable stock,139
1 cup pork,138
1 cup tofu,138
1 can mandarin orange,138
1 dash hot pepper sauce,138
1 tablespoon cognac,137
1 g ham,137
1 oz macaroni,137
1 lb lamb shoulder,137
1 cup fennel,137
1 mozzarella cheese,137
1 sun-dried tomato,137
1 cup Swiss cheese,137
1 dash cinnamon,136
1 cup almond meal,136
1 cup croutons,136
1 cup okra,136
1 stick celery,136
1 slice rye bread,136
1 can sauerkraut,135
1 cup rhubarb,135
1 lb turkey breast,135
1 cup sweetened condensed milk,135
1 lb squid,135
1 can chili beans,135
1 cup milk powder,134
1 lobster,134
1 pack gelatin,134
1 lb okra,134
1 teaspoon sherry,134
1 cup avocado,134
1 can cream of celery soup,133
1 lb macaroni,133
1 hot pepper,133
1 pack spaghetti,133
1 oz beef broth,132
1 lb prosciutto,132
1 gallon water,132
1 prawn,132
1 cup sauerkraut,132
1 tablespoon cashew,131
1 cup sesame oil,131
1 cup raspberry jam,131
1 cashew,131
1 sprig dill,130
1 tablespoon allspice,130
1 lb pizza dough,130
1 oz pepperoni,130
1 pack lasagna noodle,130
1 quart vegetable oil,130
1 cup mung bean,130
1 ml yogurt,130
1 plum,130
1 lb egg noodles,129
1 cup bamboo shoots,129
1 oz peas,129
1 cup bourbon,128
1 pack rice,128
1 feta cheese,128
1 oz bread crumbs,128
1 g bread crumbs,128
1 cup egg whites,128
1 can green chile pepper,128
1 cup bamboo shoot,127
1 oz chocolate chips,127
1 tablespoon tequila,127
1 ml sugar,126
1 cup herbs,126
1 cup hot sauce,126
1 cup rice wine,126
1 cup paneer,126
1 lb rigatoni,126
1 lb penne,126
1 tablespoon chicken stock,125
1 halibut,125
1 cod,125
1 g mushrooms,125
1 pint sour cream,125
1 cup taco sauce,125
1 pint water,124
1 tablespoon garlic salt,124
1 tablespoon gelatin,124
1 tablespoon cheese,124
1 cup glutinous rice,124
1 walnut,124
1 g tofu,124
1 tuna,124
1 kaffir lime leaf,124
1 cup pomegranate seeds,124
1 oz brown sugar,124
1 g peas,123
1 pint milk,123
1 can creamed corn,123
1 teaspoon powdered sugar,123
1 oz white wine,123
1 g mozzarella cheese,122
1 cup sugar snap pea,122
1 cup apricot preserves,122
1 can baked beans,121
1 honey,121
1 hot dog,121
1 oz porcini mushrooms,121
1 oz cremini mushroom,121
1 lb clams,121
1 can beef consomme,121
1 slice american cheese,120
1 lb noodles,120
1 oz taco seasoning,120
1 oz kidney beans,120
1 oz wine,120
1 tablespoon nutritional yeast,119
1 tablespoon garlic chili sauce,119
1 peanut,119
1 cornmeal,119
1 anaheim chili,119
1 g strawberry,119
1 cup vinaigrette,119
1 oz raisin,119
1 pickle,119
1 sprig curry leaves,119
1 teaspoon seasoning,119
1 g salmon,119
1 fish,119
1 lb sugar,119
1 teaspoon taco seasoning,119
1 teaspoon oyster sauce,119
1 cup coconut oil,118
1 teaspoon anchovy paste,118
1 teaspoon stevia,118
1 oz salami,118
1 cup marshmallow,118
1 g chickpeas,118
1 teaspoon shrimp paste,118
1 cube chicken stock,118
1 tablespoon rice flour,118
1 cup grits,118
1 teaspoon lemon extract,117
1 bouquet garni,117
1 cup curd,117
1 cup colby monterey jack cheese,117
1 teaspoon palm sugar,117
1 can black-eyed peas,117
1 ham,116
1 spinach,116
1 green chile pepper,116
1 cup pepperoncini,116
1 tablespoon teriyaki sauce,116
1 g walnut,115
1 cup cannellini beans,115
1 inch galangal,115
1 cup sucralose,115
1 teaspoon sumac,115
1 rutabaga,115
1 tablespoon lemon peel,115
1 lb bread,115
1 tablespoon feta cheese,115
1 cup oyster sauce,115
1 tablespoon red pepper,114
1 can canned tomatoes with green chilies,114
1 cup pine nuts,114
1 lb provolone cheese,114
1 beer,114
1 cup wheat germ,113
1 cup eggplant,113
1 oz pineapple,113
1 ladyfingers,112
1 pack tortellini,112
1 cup espresso,112
1 lamb shank,112
1 cup paprika,112
1 tablespoon instant coffee,112
1 cup coleslaw mix,112
1 cup dried fruit,111
1 cup black-eyed peas,111
1 cup self raising flour,111
1 cup spring onion,110
1 tablespoon cheddar cheese,110
1 lb strawberry,110
1 oz heavy cream,110
1 oz enchilada sauce,110
1 lb beef sirloin,109
1 lb beet,109
1 dash garlic powder,109
1 g shrimp,109
1 oz refried beans,109
1 cup corn flour,109
1 teaspoon chili garlic sauce,109
1 cup white beans,108
1 tablespoon sweet soy sauce,108
1 teaspoon ancho chile powder,108
1 oz mascarpone,108
1 oyster,108
1 oz unsweetened chocolate,108
1 tablespoon mustard oil,108
1 teaspoon harissa,107
1 trout,107
1 cup granola,107
1 leaf romaine lettuce,107
1 sprig oregano,107
1 flank steak,107
1 can vegetable broth,107
1 tablespoon shaoxing wine,107
1 pepperoncini,107
1 cup clam juice,107
1 green chili pepper,107
1 lb fish fillet,107
1 box spinach,107
1 baguette,107
1 dough,106
1 teaspoon sambal oelek,106
1 dash white pepper,106
1 spaghetti squash,106
1 acorn squash,106
1 cup panko breadcrumbs,106
1 pint whipping cream,106
1 g raisin,106
1 lb venison,105
1 cup beet,105
1 cream cheese,105
1 bunch chives,105
1 tablespoon barbecue sauce,105
1 tablespoon apricot jam,105
1 piece cinnamon,105
1 oz turkey,105
1 lb ground meat,105
1 cup fig,105
1 wedge lemon,105
1 Thai chili,104
1 summer squash,104
1 cup cereal,104
1 lb tilapia,104
1 oz chickpeas,104
1 pack cheese,104
1 jar bell pepper,104
1 hot pepper sauce,104
1 chicken wings,103
1 tablespoon white vinegar,103
1 bunch dill,103
1 bok choy,103
1 cup orange,103
1 noodles,103
1 can great northern bean,103
1 tablespoon corn flour,103
1 teaspoon coconut extract,103
1 cup rice noodles,102
1 tablespoon potato starch,102
1 pack cake mix,102
1 pint heavy cream,102
1 kg lamb,102
1 oz cottage cheese,102
1 tablespoon cardamom,101
1 lb tuna,101
1 tablespoon chili garlic sauce,101
1 cup mung bean sprouts,101
1 cup lima bean,101
1 teaspoon urad dal,101
1 chicken broth,101
1 bag tea,101
1 brown sugar,101
1 g bean sprouts,100
1 pack rice noodles,100
1 cup cheese blend,100
1 tablespoon black olive,100
1 cup jack cheese,100
1 chicken stock,100
1 cup vermouth,100
1 pack pie crust,99
1 mussels,99
1 oz arugula,99
1 g pumpkin,99
1 can bamboo shoots,99
1 cup crab meat,99
1 Italian dressing,99
1 cup pecorino romano cheese,99
1 lb pancetta,99
1 can chili pepper,99
1 pack peas,98
1 cup urad dal,98
1 cube vegetable broth,98
1 pack wonton wrappers,98
1 jar alfredo sauce,98
1 tablespoon gochujang,98
1 tablespoon creme fraiche,98
1 meatball,98
1 teaspoon adobo sauce,98
1 tablespoon tapioca,98
1 g apricot,97
1 lb halibut,97
1 tablespoon harissa,97
1 cup cremini mushroom,97
1 g coriander,97
1 flatbread,97
1 scoop vanilla ice cream,97
1 tablespoon buttermilk,97
1 tablespoon whiskey,97
1 slice Swiss cheese,97
1 can chicken,97
1 bunch swiss chard,97
1 cup miso,97
1 lb cream cheese,96
1 lb processed cheese,96
1 jicama,96
1 slice lime,96
1 cup papaya,96
1 herbs,96
1 cocoa powder,96
1 oz simple syrup,96
1 cup green pea,96
1 juniper berries,96
1 teaspoon margarine,96
1 kaiser roll,96
1 tablespoon fat,96
1 bunch thyme,96
1 pack feta cheese,96
1 lb crab,95
1 oz spaghetti sauce,95
1 teaspoon rice wine,95
1 lb lasagna noodle,95
1 oz crab meat,95
1 handful coriander,95
1 tablespoon orange blossom water,95
1 tablespoon carrot,95
1 cup corn chips,95
1 pint ice cream,95
1 ml lemon juice,95
1 tablespoon rice,95
1 cup apricot jam,95
1 naan,95
1 pecan,94
1 tablespoon wasabi,94
1 lb beef round steak,94
1 g basmati rice,94
1 teaspoon Greek seasoning,94
1 lb pork spareribs,94
1 cantaloupe,94
1 teaspoon food coloring,94
1 tablespoon Grand Marnier,94
1 cup tamari,94
1 lb italian sausage,94
1 box pasta,94
1 mace,94
1 oz fontina cheese,93
1 teaspoon ajwain,93
1 lb chicken tenderloin,93
1 can salmon,93
1 tablespoon vegetable shortening,93
1 oz tortilla chips,93
1 Worcestershire sauce,93
1 lb button mushroom,93
1 cup nutritional yeast,93
1 raspberry,93
1 veal,93
1 cup mango chutney,93
1 tablespoon safflower oil,93
1 teaspoon anise,92
1 cube ice,92
1 vanilla extract,92
1 cup sunflower oil,92
1 teaspoon shallot,92
1 teaspoon tamarind paste,92
1 can jalapeno,92
1 slice pepperoni,92
1 teaspoon pepper sauce,92
1 black cardamom,92
1 lb chicken liver,91
1 tablespoon mango chutney,91
1 l chicken stock,91
1 lb lobster,91
1 oz whiskey,91
1 oz snow peas,91
1 cup breadcrumbs,91
1 cup pomegranate juice,91
1 teaspoon adobo seasoning,91
1 handful basil,91
1 oz gin,91
1 tablespoon baking soda,91
1 tablespoon bourbon,90
1 teaspoon savory,90
1 ml beef stock,90
1 cup parmigiano reggiano,90
1 cup tamarind,90
1 quart oil,90
1 g cashew,90
1 teaspoon lemongrass,90
1 cup triple sec,90
1 bunch broccoli,90
1 g margarine,89
1 lb sauerkraut,89
1 oz pepper jack cheese,89
1 tablespoon orange liqueur,89
1 bunch spring onion,89
1 cup portobello mushroom,89
1 g pine nut,89
1 handful parsley,89
1 oz farfalle,89
1 sprig coriander,89
1 cup peanut sauce,89
1 teaspoon Sichuan peppercorns,89
1 tablespoon flax seed,89
1 ancho chili,88
1 cup chili pepper,88
1 oz processed cheese,88
1 tablespoon green chili,88
1 oz kahlua,88
1 can tomato juice,88
1 cracker,88
1 tablespoon chickpea flour,88
1 vinegar,88
1 oz broccoli,88
1 cup sage,88
1 teaspoon rice wine vinegar,88
1 broccoli,88
1 tomato sauce,87
1 cup juice,87
1 teaspoon orange blossom water,87
1 pack noodles,87
1 oz cilantro,87
1 cup cognac,87
1 cup kimchi,87
1 teaspoon ghee,87
1 lb cherry,87
1 head radicchio,86
1 gherkin,86
1 piece kombu,86
1 tablespoon clove,86
1 g mascarpone,86
1 pickles,86
1 marshmallow,86
1 oz brie cheese,86
1 oz lasagna noodle,86
1 box cake mix,86
1 tablespoon sun-dried tomato,85
1 oz brandy,85
1 tablespoon beef bouillon,85
1 chayote,85
1 lb cauliflower,85
1 tablespoon coconut milk,85
1 lb crawfish,85
1 italian seasoning,85
1 cup whole wheat pastry flour,85
1 lb rice noodles,85
1 tablespoon currants,85
1 lb raisin,85
1 g zucchini,84
1 cup potato chips,84
1 ketchup,84
1 cup club soda,84
1 clams,84
1 oz apricot,84
1 teaspoon black cumin,84
1 oz amaretto,84
1 cup pecorino cheese,84
1 can lima bean,84
1 cup mixed greens,83
1 tablespoon amaretto,83
1 lb clam,83
1 tablespoon chocolate syrup,83
1 tablespoon walnut oil,83
1 can crab meat,83
1 slice salami,83
1 teaspoon xanthan gum,83
1 cup potato starch,83
1 slice pineapple,83
1 cup gorgonzola,82
1 cup pumpkin seed,82
1 banana leaf,82
1 tablespoon white miso,82
1 cup corn starch,82
1 teaspoon ras el hanout,82
1 jar mushroom,82
1 onion powder,82
1 tablespoon worcestershire sauce,82
1 cup sherry vinegar,82
1 hot dog bun,82
1 ml vegetable oil,82
1 pack linguine,82
1 lb pinto beans,81
1 cup vegetable juice,81
1 lb pumpkin,81
1 cup pear,81
1 oz powdered sugar,81
1 tablespoon pecan,81
1 duck breast,81
1 cup turnip,81
1 lb smoked sausage,81
1 lb swiss cheese,81
1 tablespoon herbes de provence,81
1 can pumpkin,81
1 raisin,81
1 bunch arugula,81
1 oz rice vermicelli,81
1 lb black beans,81
1 cup syrup,81
1 cup farro,81
1 ml oil,81
1 cup grapefruit juice,81
1 sprig tarragon,80
1 cup cranberry juice,80
1 prune,80
1 ml flour,80
1 green chile,80
1 ml sour cream,80
1 cup Chinese cabbage,80
1 bamboo skewers,80
1 oz bean sprouts,80
1 oz penne,80
1 tablespoon liquid smoke,80
1 pack tortilla chips,80
1 g lentil,79
1 lb andouille sausage,79
1 lb farfalle,79
1 balsamic vinegar,79
1 teaspoon poppy seeds,79
1 cup farfalle,79
1 tablespoon arrowroot,79
1 teaspoon mango powder,79
1 g rice noodles,79
1 spring roll wrapper,79
1 marjoram,79
1 oz cabbage,79
1 oz milk chocolate,79
1 teaspoon vanilla sugar,79
1 lb rump roast,79
"1 salt, black pepper",79
1 oz chicken stock,79
1 oz vermicelli,78
1 pack corn tortilla,78
1 lemon peel,78
1 cup alfredo sauce,78
1 preserved lemon,78
1 sprinkles,78
1 oz evaporated milk,78
1 cup horseradish,78
1 g sweet potato,78
1 chili flakes,78
1 teaspoon coffee,78
1 g chicken thigh,78
1 pork shoulder,77
1 pico de gallo,77
1 jar tomato sauce,77
1 cup sugar snap peas,77
1 teaspoon mayonnaise,77
1 cup tapioca flour,77
1 vanilla ice cream,77
1 cup tzatziki,77
1 cup pickle,77
1 tablespoon kirsch,77
1 cup popcorn,77
1 g coconut,77
1 cup crab,77
1 lb ziti,76
1 lb swiss chard,76
1 tablespoon scallion,76
1 oz rice,76
1 lb lentil,76
1 g peanut,76
1 tablespoon anise seed,76
1 cup cantaloupe,76
1 guajillo chili,76
1 cup condensed milk,76
1 tablespoon coconut sugar,76
1 can cheddar cheese,76
1 cup rice krispies,76
1 teaspoon ketchup,76
1 dill pickle,76
1 g cabbage,76
1 tablespoon bacon drippings,75
1 cottage cheese,75
1 g noodles,75
1 tablespoon ancho chile powder,75
1 ml orange juice,75
1 tablespoon sucralose,75
1 teaspoon amchur,75
1 cup gouda cheese,75
1 lb snow peas,75
1 g beef mince,75
1 pack mixed vegetables,75
1 cup pimiento,75
1 g broccoli,75
1 crab,74
1 slice orange,74
1 cup tea,74
1 cup matzo meal,74
1 tablespoon espresso powder,74
1 can peas,74
1 lb oxtail,74
1 oz bell pepper,74
1 teaspoon sucralose,74
1 tofu,74
1 banana pepper,74
1 tablespoon chipotle pepper,74
1 tablespoon coconut aminos,74
1 strip bacon,74
1 g tuna,74
1 cup colby jack cheese,74
1 graham crackers,74
1 pint cream,74
1 pork sausage,73
1 ham hock,73
1 tablespoon Greek seasoning,73
1 cup wine vinegar,73
1 bunch celery,73
1 sazon,73
1 oz basil,73
1 g olive,73
1 teaspoon nigella seeds,73
1 arbol chili,73
1 cup cranberry sauce,73
1 sprig sage,73
1 green beans,72
1 sheet seaweed,72
1 oz walnut,72
1 teaspoon chipotle chili powder,72
1 box sour cream,72
1 piece bread,71
1 cup white chocolate chips,71
1 teaspoon rum,71
1 oz asparagus,71
1 oz coconut,71
1 guajillo chile,71
1 teaspoon green onion,71
1 croissant,71
1 lb brown sugar,71
1 ml soy sauce,71
1 lb spare ribs,71
1 lb parsnip,71
1 oz gorgonzola,71
1 lb powdered sugar,71
1 ml whipping cream,70
1 g raspberry,70
1 almond,70
1 kg tomato,70
1 egg roll wrappers,70
1 can dinner rolls,70
1 tablespoon spring onion,70
1 monterey jack cheese,70
1 lb mozzarella,70
1 cup vermicelli,70
1 oz water chestnut,70
1 lb shiitake mushroom,70
1 chicken bouillon,70
1 cup toor dal,70
1 lb pepperoni,70
1 pack vanilla pudding mix,70
1 tablespoon avocado oil,70
1 teaspoon ancho chili powder,69
1 cup baby corn,69
1 tablespoon almond butter,69
1 cup porcini mushrooms,69
1 teaspoon red chili pepper flakes,69
1 teaspoon mirin,69
1 teaspoon sherry vinegar,69
1 cup yellow squash,69
1 teaspoon peppermint extract,69
1 can navy bean,69
1 lb peas,69
1 cup rotini,69
1 tablespoon pickle relish,69
1 pack farfalle,69
1 oz portobello mushroom,69
1 lb mushrooms,69
1 can mushroom soup,69
1 cup jam,69
1 pack beef,69
1 cup hash browns,69
1 pack broccoli,68
1 oz shiitake,68
1 pack pepperoni,68
1 cup orange liqueur,68
1 celeriac,68
1 cup currant,68
1 cup semisweet chocolate chips,68
1 can peach,68
1 lb whitefish,68
1 water chestnut,68
1 g sour cream,68
1 g corn,68
1 oz sweetened condensed milk,68
1 cup red wine,68
1 cup sticky rice,68
1 g snow peas,68
1 lb portobello mushroom,67
1 teaspoon vanilla bean paste,67
1 lb kale,67
1 oz coffee,67
1 g cream,67
1 burger bun,67
1 cup tarragon,67
1 cup chorizo,67
1 corn husk,67
1 oz marinara sauce,67
1 vanilla bean,67
1 teaspoon shichimi togarashi,67
1 teaspoon maple syrup,67
1 cup swiss chard,67
1 cup cracker,67
"1 can tomato, green chile pepper",67
1 g eggplant,67
1 slice beef,67
1 teaspoon curry paste,67
1 teaspoon espresso powder,67
1 pack green beans,66
1 dash red pepper flakes,66
1 tablespoon nutmeg,66
1 bottle clam juice,66
1 lb turnip,66
1 cup fenugreek leaves,66
1 g garlic,66
1 oz cranberry,66
1 lb leek,66
1 cup parsnip,66
1 tablespoon pickling spice,66
1 lb plum,66
1 cup egg,66
1 cup salami,65
1 head belgian endive,65
1 oz manchego cheese,65
1 nectarine,65
1 tablespoon romano cheese,65
1 lb peach,65
1 pint blueberries,65
1 tablespoon bonito flakes,65
1 cup pancetta,65
1 cup maraschino cherry,65
1 lb ground turkey,65
1 curry powder,65
1 g cottage cheese,65
1 teaspoon lavender,65
1 cup buckwheat flour,65
1 cup vanilla ice cream,65
1 saltine crackers,65
1 lb salt pork,65
1 cup orange juice concentrate,65
1 lb bok choy,65
1 tablespoon sunflower seed,64
1 cup fava bean,64
1 oz rotini,64
1 tablespoon seeds,64
1 can onion,64
1 cup thyme,64
1 head escarole,64
1 cup hominy,64
1 chipotle peppers in adobo sauce,64
1 cup pea,64
1 g parsley,64
1 rice paper,64
1 cup dark chocolate,64
1 tablespoon olives,64
1 biscuit,64
1 g hazelnut,64
1 cup crema,64
1 inch flour tortilla,63
1 cup spaghetti,63
1 catfish,63
1 ml salt,63
1 g paneer,63
1 teaspoon crushed red pepper,63
1 cup baileys irish cream,63
1 quart beef stock,63
1 cup mixed berries,63
1 cup hazelnut spread,63
1 oz cream of mushroom soup,63
1 cup balsamic vinaigrette,63
1 g sultanas,63
1 unsweetened chocolate,63
1 tablespoon amchur,63
1 jar olive,63
1 oz red pepper,63
1 slice pancetta,63
1 lb baby back ribs,63
1 cup potato flakes,63
1 tablespoon poppy seed,63
1 tablespoon orange juice concentrate,62
1 g arborio rice,62
1 oz parsley,62
1 tablespoon pomegranate molasses,62
1 dash paprika,62
1 cup sprinkles,62
1 tablespoon sambal oelek,62
1 tablespoon Italian dressing,62
1 cup monterey jack,62
1 head butter lettuce,62
1 lb bean sprouts,62
1 graham cracker crust,62
1 oz strawberry,62
1 tablespoon orange marmalade,62
1 yam,61
1 piece chicken breast,61
1 scoop ice cream,61
1 tablespoon sichuan pepper,61
1 oz raspberry,61
1 manicotti,61
1 white bread,61
1 g tomato paste,61
1 basmati rice,61
1 lb bell pepper,61
1 tablespoon black bean sauce,61
1 g white chocolate,61
1 lb tortellini,61
1 g all-purpose flour,61
1 pack hash browns,61
1 cube bouillon,61
1 fish fillet,60
1 tablespoon green pepper,60
1 lb mutton,60
1 tablespoon sauce,60
1 g cornstarch,60
1 oz whipping cream,60
1 pumpkin,60
1 oz rigatoni,60
1 l vegetable stock,60
1 g date,60
1 red chili pepper,60
1 tarragon,60
1 pack macaroni,60
1 pint raspberry,60
1 tablespoon turbinado sugar,60
1 beef brisket,60
1 oz chickpea,60
1 oz coconut cream,60
1 oz cranberry juice,60
1 tablespoon creole seasoning,60
1 oz tortellini,60
1 pack ranch dressing mix,60
1 g goat cheese,60
1 cup wheat,60
1 teaspoon hoisin sauce,59
1 jar picante sauce,59
1 pack ravioli,59
1 can limeade concentrate,59
1 lb phyllo dough,59
1 teaspoon molasses,59
1 dash lemon juice,59
1 chili sauce,59
1 beans,59
1 passion fruit,59
1 slice toast,59
1 watermelon,59
1 cup almond butter,59
1 cup grapeseed oil,59
1 cup black pepper,59
1 tablespoon milk powder,59
1 cup graham crackers,59
1 teaspoon coconut oil,59
1 slice cucumber,58
1 cup navy bean,58
1 cup chana dal,58
1 cup processed cheese,58
1 teaspoon creole seasoning,58
1 quart tomato,58
1 oz orzo,58
1 tablespoon semolina,58
1 cup Shaoxing wine,58
1 oz pasta sauce,58
1 cup strawberry jam,58
1 cup grape juice,58
1 pack Italian dressing,58
1 cup biscuit mix,58
1 tablespoon white pepper,58
1 tablespoon fajita seasoning,58
1 teaspoon cocoa,58
1 spaghetti,58
1 snow peas,58
1 lb mascarpone,58
1 pomegranate,58
1 wine,58
1 cinnamon sugar,58
1 pack flour tortilla,57
1 cup squash,57
1 cup orange peel,57
1 sea bass,57
1 pack bacon,57
1 cup coconut flour,57
1 cup prosciutto,57
1 g mozzarella,57
1 tablespoon shrimp paste,57
1 teaspoon chicken stock,57
1 lb catfish,57
1 tablespoon half-and-half,57
1 sweet pepper,57
1 can potato,57
1 cup cumin,57
1 tablespoon sumac,57
1 quart beef broth,57
1 syrup,57
1 cup pasta water,57
1 snapper,57
1 teaspoon Shaoxing wine,57
1 pack phyllo dough,57
1 bottle barbecue sauce,57
1 tablespoon lavender,56
1 cup miracle whip,56
1 jar pimiento,56
1 teaspoon lemon,56
1 leaf cabbage,56
1 tablespoon flaxseed,56
1 oz lentil,56
1 cup brown rice flour,56
1 daikon radish,56
1 lb chicken leg,56
1 teaspoon worcestershire sauce,56
1 g pistachio,56
1 cup daikon,56
1 oz sun-dried tomato,56
1 cup bulgur wheat,56
1 oz puff pastry,56
1 rabbit,56
1 pack potato,56
1 cup palm oil,56
1 tablespoon adobo seasoning,56
1 cup red bean paste,56
1 oz cocoa cream,56
1 tablespoon chipotle,56
1 oz date,55
1 oz pine nut,55
1 lb beef shank,55
1 cup white chocolate,55
1 cup turkey stock,55
1 tablespoon marsala wine,55
1 tablespoon bean paste,55
1 tablespoon whole wheat flour,55
1 tablespoon Tabasco sauce,55
1 cup golden syrup,55
1 lb hot italian sausage,55
1 pack ladyfingers,55
1 tablespoon chutney,55
1 tablespoon juice,55
1 cup coconut water,55
1 pack fettuccine,55
1 oz fresh cheese,55
1 tablespoon chervil,55
1 cup fried onions,55
1 tablespoon chili bean paste,55
1 leaf spinach,55
1 cup chestnut,55
1 cup saltine crackers,55
1 clove clove,55
1 pack cornbread mix,54
1 teaspoon tamarind,54
1 tablespoon port wine,54
1 g asparagus,54
1 lb beans,54
1 oz scallops,54
1 oz tomatoes,54
1 lb walnut,54
1 oz lamb,54
1 g pineapple,54
1 cup daikon radish,54
1 tablespoon steak seasoning,54
1 tablespoon bacon grease,54
1 g water,54
1 pastry dough,54
1 ml vinegar,54
1 tablespoon steak sauce,54
1 teaspoon pesto,54
1 can baby corn,54
1 oz chili pepper,54
1 tablespoon chocolate,54
1 g egg noodles,53
1 cup caramel,53
1 oz tomato juice,53
1 cup american cheese,53
1 tablespoon ricotta,53
1 dash cumin,53
1 lb chicken sausage,53
1 lb gnocchi,53
1 oz gelatin,53
1 oz pinto beans,53
1 ghee,53
1 cup chutney,53
1 teaspoon Creole seasoning,53
1 can pork and beans,53
1 baking soda,53
1 cup caesar dressing,53
1 oz cream liqueur,53
1 teaspoon tea,53
1 tablespoon chili,53
1 turkey breast,53
1 teaspoon black salt,53
1 cup colby cheese,52
1 slice turkey bacon,52
1 sheet rice paper,52
1 teaspoon steak seasoning,52
1 cup semisweet chocolate,52
1 oz beef tenderloin,52
1 cup plum sauce,52
1 oz sauerkraut,52
1 oz soy sauce,52
1 bunch radish,52
1 count egg,52
1 ml vegetable broth,52
1 teaspoon orange juice,52
1 cup pickle relish,52
1 g cauliflower,52
1 lb cottage cheese,52
1 anaheim pepper,52
1 tablespoon old bay seasoning,52
1 ml stock,52
1 lb rotini,52
1 cup plum,52
1 teaspoon anise extract,52
1 teaspoon sweetener,52
1 oz onion soup mix,52
1 head bok choy,52
1 cup mixed nuts,52
1 piece bacon,52
1 cup palm sugar,51
1 cup tapioca starch,51
1 dash lime juice,51
1 box lasagna noodle,51
1 cup green pepper,51
1 fish sauce,51
1 cup vegetables,51
1 capers,51
1 cup glutinous rice flour,51
1 oz baileys irish cream,51
1 pasilla chile,51
1 tablespoon pineapple juice,51
1 cup sourdough starter,51
1 quart strawberry,51
1 cup gruyere,51
1 cup coffee creamer,51
1 cup red bell pepper,51
1 ml beer,51
1 tablespoon sweetener,51
1 lb meatball,51
1 tablespoon vanilla sugar,51
1 ml rum,51
1 cake,51
1 pine nut,51
1 cup poblano pepper,51
1 tablespoon blue cheese,51
1 cup sweetener,50
1 teaspoon orange extract,50
1 caster sugar,50
1 lb cremini mushroom,50
1 oz raspberry liqueur,50
1 cup pretzel,50
1 pack sausage,50
1 Chinese sausage,50
1 tablespoon liqueur,50
1 beetroot,50
1 tablespoon jerk seasoning,50
1 tablespoon fenugreek,50
1 cup rosemary,50
1 cup chocolate syrup,50
1 cup button mushroom,50
1 stalk cilantro,50
1 teaspoon annatto,50
1 dash sesame oil,50
1 pack chocolate chips,50
1 tablespoon shrimp,50
1 tangerine,50
1 bag corn,50
1 tablespoon celery seed,50
1 g self-raising flour,50
1 cup escarole,50
1 nuts,50
1 scoop protein powder,50
1 pack raspberry,50
1 tablespoon fennel,50
1 can beet,50
1 cup caramel sauce,50
1 lemon pepper,50
1 egg noodles,50
1 puff pastry,50
1 can pizza sauce,50
1 okra,50
1 oz ziti,50
1 tablespoon liquid aminos,49
1 cup brussels sprouts,49
1 cup baby greens,49
1 cup stir-fry sauce,49
1 cup jaggery,49
1 cup oat bran,49
1 teaspoon arrowroot,49
1 cup rutabaga,49
1 teaspoon green chili,49
1 lb green bean,49
1 teaspoon rum extract,49
1 lb white fish,49
1 oz Grand Marnier,49
1 oz jalapeno,49
1 tablespoon lemon pepper,49
1 oz margarine,49
1 teaspoon chipotle,49
1 g kidney beans,48
1 heavy cream,48
1 cup pickles,48
1 teaspoon ginger juice,48
1 leaf bay leaf,48
1 teaspoon dashi,48
1 cup cracker crumbs,48
1 oz green chilies,48
1 bottle Italian dressing,48
1 kg sugar,48
1 oz vinegar,48
1 grape,48
1 can mixed vegetables,48
1 tablespoon pepper sauce,48
1 ml coconut cream,48
1 tablespoon tapioca starch,48
1 teaspoon sake,48
1 g apple,48
1 cup textured vegetable protein,48
1 arugula,48
1 cup bean sprout,48
1 ball mozzarella,48
1 cup simple syrup,48
1 cornish hen,48
1 watercress,48
1 cup yam,48
1 tablespoon vodka,48
1 pistachio,48
1 pack dinner rolls,47
1 g butternut squash,47
1 g sausage,47
1 cup tapioca,47
1 garam masala,47
1 oz sweet and sour mix,47
1 g shallot,47
1 cubanelle pepper,47
1 oz liqueur,47
1 lb american cheese,47
1 can pumpkin puree,47
1 tablespoon parmesan,47
1 dash grenadine,47
1 tablespoon chipotle peppers in adobo,47
1 cup green chilies,47
1 taco sauce,47
1 teaspoon chicken broth,47
1 oz whipped topping,47
1 cup beef bouillon,47
1 cup Irish cream,47
1 cup cherries,47
1 cup dry milk powder,47
1 tablespoon raspberry jam,47
1 tablespoon syrup,47
1 dash soy sauce,47
1 pack monterey jack cheese,47
1 cup oat flour,47
1 pack chocolate pudding mix,47
1 oz tomatillo,47
1 cup chili,47
1 box ricotta,47
1 tablespoon skim milk,46
1 tablespoon mustard seeds,46
1 beef stock,46
1 cup meat,46
1 bag mixed vegetables,46
1 cup cornflakes,46
1 fat,46
1 quart ice cream,46
1 cup Greek yogurt,46
1 herb,46
1 oz bamboo shoots,46
1 ml vodka,46
1 pack pizza dough,46
1 g bell pepper,46
1 lb chicken drumsticks,46
1 tablespoon poultry seasoning,46
1 green chilli,46
1 sriracha,46
1 cup millet,45
1 oz salt,45
1 cup mandarin orange,45
1 tablespoon jaggery,45
1 oz coconut rum,45
1 dinner roll,45
1 crouton,45
1 tablespoon lemon,45
1 cup tomatillo salsa,45
1 lb orzo,45
1 g arugula,45
1 can anchovy,45
1 can crescent roll,45
1 cup gravy,45
1 jasmine rice,45
1 cup parboiled rice,45
1 oz peanut,45
1 slice brioche,45
1 teaspoon tomato puree,45
1 slice ciabatta,45
1 bunch Swiss chard,45
1 g milk chocolate,45
1 food colouring,45
1 g puff pastry,45
1 ml buttermilk,45
1 teaspoon masala,45
1 teaspoon green curry paste,44
1 dash olive oil,44
1 g fish,44
1 tablespoon annatto,44
1 cup coffee liqueur,44
1 lb haddock,44
1 g pancetta,44
1 tablespoon sweetened condensed milk,44
1 mozzarella,44
1 bunch collard greens,44
1 oz shallot,44
1 daikon,44
1 cup agave nectar,44
1 oz garlic,44
1 cup brown basmati rice,44
1 slice jalapeno,44
1 celery salt,44
1 cup thousand island dressing,44
1 ml heavy cream,44
1 mahi-mahi,44
1 can coconut cream,44
1 bag black tea,44
1 cup bacon bits,44
1 mascarpone,44
1 can red bean,44
1 tablespoon ancho chili powder,44
1 lb chocolate,44
1 can shrimp,44
1 egg roll wrapper,44
1 lb olive,44
1 g honey,44
1 lb rhubarb,44
1 jar sauerkraut,44
1 cup champagne,44
1 tablespoon coffee liqueur,44
1 oz beef stock,44
1 tostada,44
1 oz Swiss cheese,44
1 cup alfalfa sprouts,44
1 tablespoon bacon fat,44
1 pack diced potatoes,44
1 bouillon cube,44
1 almond extract,44
1 slice pepper jack cheese,44
1 oz couscous,44
1 teaspoon bay leaf,43
1 cup coconut sugar,43
1 sprig marjoram,43
1 lb sea bass,43
1 corn chips,43
1 cup penne,43
1 oz sultanas,43
1 marinara sauce,43
1 g basil,43
1 caramel,43
1 cup lemon curd,43
1 cup sausage,43
1 corned beef,43
1 cup almond paste,43
1 cup red currant jelly,43
1 g shiitake mushroom,43
1 oz tomato puree,43
1 can chipotle peppers in adobo sauce,43
1 shiitake,43
1 cup bonito flakes,43
1 tablespoon strawberry jam,43
1 g creme fraiche,43
1 endive,43
1 salad greens,43
1 lb paneer,43
1 bunch chinese broccoli,43
1 lb parmesan cheese,43
1 juice,43
1 g cherry,43
1 can spaghetti sauce,43
1 pint chicken stock,43
1 oz self raising flour,43
1 can milk,43
1 lb goat,43
1 lb rice,43
1 lb collard greens,43
1 lb scallop,43
1 slice monterey jack cheese,43
1 cup salmon,43
1 beef chuck roast,42
1 semisweet chocolate,42
1 teaspoon white vinegar,42
1 tablespoon custard powder,42
1 tablespoon tapioca flour,42
1 cup cranberries,42
1 oz cream of chicken soup,42
1 tablespoon triple sec,42
1 cream of tartar,42
1 cup broccoli slaw,42
1 lb penne rigate,42
1 cup cinnamon,42
1 oz club soda,42
1 cup tomato salsa,42
1 piece galangal,42
1 can anchovies,42
1 lb orecchiette,42
1 cup flax seed,42
1 ml chicken broth,42
1 cup ginger ale,42
1 dash clove,42
1 bunch broccoli rabe,42
1 cm cinnamon,42
1 g parmesan,42
1 cup banana pepper,42
1 lb grape,42
1 cup egg white,42
1 ice cream,42
1 lb shallot,42
1 tablespoon seasoning,42
1 cremini mushroom,42
1 lb fusilli,42
1 italian sausage,42
1 coffee,42
1 anaheim chile pepper,42
1 teaspoon jerk seasoning,42
1 tablespoon masala,42
1 tablespoon galangal,41
1 cup crouton,41
1 oz steak,41
1 lb apricot,41
1 cup steak sauce,41
1 tablespoon chocolate chips,41
1 cup lemon,41
1 tablespoon ras el hanout,41
1 creme fraiche,41
1 tablespoon apple juice,41
1 chili pepper flakes,41
1 pork ribs,41
1 box rice,41
1 squid,41
1 sheet shortcrust pastry,41
1 teaspoon coconut sugar,41
1 oz corned beef,41
1 lb puff pastry,41
1 pack tortilla,41
1 cup candied fruit,41
1 lb calamari,41
1 g leek,41
1 oz turkey breast,41
1 oz mixed vegetables,41
1 teaspoon agave nectar,41
1 horseradish,41
1 tablespoon sofrito,41
1 red bell pepper,41
1 can chicken stock,41
"1 dash salt, pepper",41
1 lb sausage casing,41
1 teaspoon brandy,41
1 oz chili,41
1 can chipotle pepper,40
1 bar cream cheese,40
1 box chicken broth,40
1 jar sun-dried tomato,40
1 fresh cheese,40
1 oz flank steak,40
1 Italian sausage,40
1 cup pancake mix,40
1 count corn tortilla,40
1 tablespoon pumpkin seeds,40
1 turkey sausage,40
1 tablespoon coconut cream,40
1 cup liqueur,40
1 cup coleslaw,40
1 oz currants,40
1 lb cucumber,40
1 tablespoon za'atar,40
1 cup sweet peas,40
1 bratwurst,40
1 cup kahlua,40
1 cup sweet corn,40
1 g couscous,40
1 jar pepperoncini,40
1 oz asiago cheese,40
1 cup tomatillo,40
1 teaspoon fajita seasoning,40
1 cup stuffing mix,40
1 lb pear,40
1 oz cannellini beans,40
1 cup corned beef,40
1 oz almond paste,40
1 dumpling wrappers,40
1 can apple,40
1 pack mushrooms,40
1 oz honey,40
1 tablespoon jalapeno pepper,40
1 tart shell,40
1 cup spelt flour,40
1 tablespoon pickled ginger,40
1 cup lemongrass,40
1 lb duck,39
1 kg fish,39
1 g bread,39
1 cup queso fresco,39
1 g rice flour,39
1 tablespoon goat cheese,39
1 clementine,39
1 inch pie crust,39
1 tablespoon apricot preserves,39
1 oz grenadine,39
1 oz cotija cheese,39
1 kg pork,39
1 teaspoon yogurt,39
1 hoisin sauce,39
1 tablespoon Creole seasoning,39
1 box yogurt,39
1 cup puffed rice,39
1 cup mixed fruit,39
1 cup butterscotch chips,39
1 oz Cointreau,39
1 nori,39
1 oz cod,39
1 cup dipping sauce,39
1 cup honeydew melon,39
1 lb fig,39
1 clam,39
1 wasabi,39
1 tablespoon kahlua,39
1 lb margarine,39
1 lb short rib,39
1 teaspoon sour cream,39
1 cup sweet rice flour,39
1 teaspoon maple extract,39
1 cup turbinado sugar,39
1 jar taco sauce,39
1 oz lard,39
1 cup egg nog,39
1 cup buffalo sauce,39
1 teaspoon peanut butter,39
1 cup red bean,39
1 pack green peas,38
1 cookie,38
1 tablespoon ranch dressing,38
1 g beans,38
1 sirloin steak,38
1 cup cornbread,38
1 tamarind,38
1 lb almonds,38
1 slice pumpernickel bread,38
1 cup rice cereal,38
1 can orange juice concentrate,38
1 cup mustard greens,38
1 lb navy bean,38
1 focaccia,38
1 chili oil,38
1 tablespoon cranberry,38
1 tablespoon dry sherry,38
1 oz stilton cheese,38
1 oz self-raising flour,38
1 pack gnocchi,38
1 g self raising flour,38
1 tablespoon beer,38
1 pack processed cheese,38
1 teaspoon corn syrup,38
1 teaspoon poppy seed,38
1 kg mutton,38
1 margarine,38
1 bittersweet chocolate,38
1 cup Grand Marnier,38
1 barbecue sauce,38
1 pack cranberry,38
1 tablespoon ponzu sauce,38
1 tablespoon mixed spice,38
1 tablespoon wheat germ,38
1 swordfish,38
1 tablespoon black beans,38
1 lb top sirloin steak,38
1 red wine vinegar,38
1 can vegetable juice,38
1 tostada shells,38
1 dash angostura bitters,38
1 rib eye steak,38
1 g black olive,38
1 g ghee,38
1 g lentils,38
1 tablespoon beef base,38
1 pound cake,37
1 teaspoon seeds,37
1 ml tomato,37
1 cup sofrito,37
1 can diced tomatoes with green chilies,37
1 lb broccoli rabe,37
1 cube sugar,37
1 can cranberry sauce,37
1 g cocoa powder,37
1 pack white cake mix,37
1 kg flour,37
1 pack carrot,37
1 bagel,37
1 can biscuit,37
1 bottle salad dressing,37
1 g mint,37
1 brioche,37
1 stevia,37
1 tablespoon tea,37
1 tablespoon taco sauce,37
1 oz pizza dough,37
1 handful mint,37
1 grape leaves,37
1 cup sprouts,37
1 cup seltzer water,37
1 ham hocks,37
1 cup soybean,37
1 tablespoon sultanas,37
1 g lettuce,37
1 lb kidney beans,37
1 lb beef bones,37
1 pack brown gravy mix,37
1 oz Italian dressing,37
1 tablespoon chili flakes,37
1 lb yam,37
1 cup wheat berries,37
1 oz orange liqueur,37
1 pesto,37
1 pint ricotta,37
1 sub roll,37
1 jar grape leaves,37
1 oz arborio rice,37
1 teaspoon serrano pepper,37
1 club soda,37
1 can tomatillo,37
1 pack salad greens,37
1 pack vanilla pudding,37
1 can sardine,37
1 corn oil,36
1 pack coleslaw mix,36
1 oz ramen noodles,36
1 cup pecorino,36
1 tablespoon vegetable stock,36
1 teaspoon dill seed,36
1 teaspoon red chili,36
1 cup amaretto,36
1 g semolina,36
1 cup radicchio,36
1 tablespoon matcha,36
1 teaspoon miso,36
1 tablespoon truffle oil,36
1 oz champagne,36
1 jam,36
1 lb snapper,36
1 ml lime juice,36
1 cup Swiss chard,36
1 lb date,36
1 cup poppy seed,36
1 slice salmon,36
1 teaspoon baharat,36
1 teaspoon coconut,36
1 lb bratwurst,36
1 honeydew melon,36
1 teaspoon aleppo pepper,36
1 chile de árbol,36
1 lb sirloin tip roast,36
1 g whole wheat flour,36
1 kg onion,36
1 chipotle in adobo,36
1 g ground pork,36
1 cup oyster mushroom,36
1 tablespoon masa harina,36
1 jar beef gravy,36
1 bunch broccolini,36
1 can salsa,36
1 tablespoon rapeseed oil,36
1 teaspoon citric acid,36
1 fajita seasoning,36
1 cup rice vermicelli,36
1 pork chops,36
1 cup french dressing,36
1 oz alfredo sauce,36
1 slice turkey,36
1 teaspoon gluten,36
1 can beef gravy,36
1 can corned beef,36
1 oz udon noodles,35
1 ml honey,35
1 g quark,35
1 can cream,35
1 can bean sprouts,35
1 oz blue curaçao,35
1 g chorizo,35
1 g egg whites,35
1 oz salad greens,35
1 can condensed mushroom soup,35
1 tablespoon urad dal,35
1 can lentil,35
1 cup beef consomme,35
1 lb corn,35
1 parmesan,35
1 lb Brussels sprouts,35
1 tablespoon sambal ulek,35
1 oz cognac,35
1 cotija cheese,35
1 lb beef top sirloin,35
1 tablespoon hazelnut,35
1 g condensed milk,35
1 habanero,35
1 lb squash,35
1 stalk spring onion,35
1 stalk asparagus,35
1 oz prune,35
1 cup raspberry preserve,35
1 tablespoon red currant jelly,35
1 sucralose,35
1 cup pigeon peas,35
1 belgian endive,35
1 cup red curry paste,35
1 oz grapefruit juice,35
1 lb fava bean,35
1 pack chili seasoning,35
1 red snapper,34
1 cup napa cabbage,34
1 pack crescent roll,34
1 slice lemon zest,34
1 oz hazelnut,34
1 ml baking powder,34
1 quart vegetable broth,34
1 cup blue cheese dressing,34
1 shot tequila,34
1 tablespoon bean sauce,34
1 oz mint,34
1 oz bourbon,34
1 cup dried cherries,34
1 kg mussels,34
1 cup ponzu sauce,34
1 g currants,34
1 pastry,34
1 ml brandy,34
1 cup bbq sauce,34
1 can great northern beans,34
1 oz pesto,34
1 mandarin orange,34
1 pack powdered sugar,34
1 ml vanilla extract,34
1 teaspoon sea salt,34
1 handful spinach,34
1 ml butter,34
1 teaspoon sweet chili sauce,34
1 oz pork tenderloin,34
1 oz pecorino romano,34
1 oz zucchini,34
1 cup bran,34
1 sunflower oil,34
1 bottle white wine,34
1 tablespoon mozzarella cheese,34
1 sprig epazote,34
1 bunch sage,34
1 teaspoon wine,34
1 oz oyster mushroom,34
1 oz half-and-half,34
1 chocolate curls,34
1 tablespoon fermented black beans,34
1 cup curry powder,34
1 teaspoon cream,34
1 bag carrot,34
1 dash red pepper,34
1 g pepper,34
1 oz veal,34
1 ranch dressing mix,34
1 cup white bread,34
1 lb celeriac,33
1 oz serrano ham,33
1 cup soba noodles,33
1 oz salt pork,33
1 vanilla sugar,33
1 cup sweet and sour sauce,33
1 cup veal stock,33
1 lasagna noodles,33
1 candy,33
1 tablespoon salad dressing,33
1 head Chinese cabbage,33
1 tablespoon chipotle powder,33
1 cup garlic chives,33
1 lb prune,33
1 lb split peas,33
1 oz sugar snap peas,33
1 teaspoon galangal,33
1 cup apricot nectar,33
1 kg chicken thigh,33
1 lb capicola,33
1 peas,33
1 g salami,33
1 g fish fillet,33
1 cup lobster,33
1 ml evaporated milk,33
1 kielbasa,33
1 oz ketchup,33
1 pack goat cheese,33
1 quart vegetable stock,33
1 g pork fillet,33
1 pint vegetable stock,33
1 adobo seasoning,33
1 bag cheese,33
1 tablespoon dashi,33
1 teaspoon bouillon,33
1 piece salmon,33
1 cup sweet soy sauce,33
1 lb pork butt,33
1 cup tomato passata,33
1 curry leaf,33
1 can pizza dough,33
1 lb pappardelle,33
1 Chinese cabbage,33
1 g mutton,33
1 tea,33
1 pack okra,33
1 cup taco seasoning,33
1 pack rotini,33
1 ham bone,33
1 teaspoon chipotle peppers in adobo,33
1 tablespoon palm oil,33
1 teaspoon truffle oil,33
1 pack artichoke,32
1 lb gruyere cheese,32
1 radicchio,32
1 bread rolls,32
1 tablespoon raspberry vinegar,32
1 lb beef liver,32
1 teaspoon juniper berries,32
1 couscous,32
1 box cottage cheese,32
1 cup vegetable blend,32
1 piquillo pepper,32
1 cup great northern bean,32
1 teaspoon cornmeal,32
1 vegetable stock,32
1 cup wheat bran,32
1 pack pizza crust,32
1 dash allspice,32
1 cup safflower oil,32
1 lb artichoke,32
1 pack cottage cheese,32
1 oz pumpkin,32
1 pack marshmallow,32
1 teaspoon garlic chili sauce,32
1 icing,32
1 pack strawberry,32
1 baking powder,32
1 oz green onion,32
1 blueberries,32
1 shiso,32
1 tablespoon cottage cheese,32
1 tablespoon applesauce,32
1 tablespoon plum sauce,32
1 teaspoon tamari,32
1 can lemonade concentrate,32
1 ball pizza dough,32
1 g polenta,32
1 oz pork sausage,32
1 cup fontina,32
1 quart buttermilk,32
1 jar salsa verde,32
1 cup collard greens,32
1 caraway,32
1 l beef stock,32
1 teaspoon star anise,32
1 can heart of palm,32
1 cup farina,32
1 g rice vermicelli,32
1 cup tuna,32
1 flounder,32
1 slice pickle,32
1 oz pecan,32
1 cup gherkin,31
1 oz beans,31
1 g cod,31
1 pack kielbasa,31
1 lb bones,31
1 cup soy flour,31
1 dark chocolate,31
1 ml red wine vinegar,31
1 can buttermilk biscuits,31
1 lb sugar snap peas,31
1 cup peach preserves,31
1 lasagna sheets,31
1 rum,31
1 pint yogurt,31
1 ml tomato sauce,31
1 teaspoon shortening,31
1 cup wood ear mushroom,31
1 pack biscuit,31
1 bean sprouts,31
1 bar silken tofu,31
1 oz cellophane noodles,31
1 lb liver,31
1 cup dark chocolate chips,31
1 cup cola,31
1 g fettuccine,31
1 cup yellow split peas,31
1 oz vegetable broth,31
1 can cherry,31
1 dash ginger,31
1 oz hominy,31
1 berries,31
1 teaspoon mixed herbs,31
1 cup shiitake,31
1 kg prawn,31
1 kg chicken breast,31
1 cup Greek dressing,31
1 tablespoon food coloring,31
1 teaspoon salt substitute,31
1 cup celeriac,31
1 oz turkey sausage,31
1 chocolate syrup,31
1 herring,31
1 tablespoon crème fraîche,31
1 oz paneer,31
1 cup fish,31
1 tablespoon rice bran oil,31
1 cup poppy seeds,31
1 quart vanilla ice cream,31
1 oz romano cheese,31
1 cup lemonade,31
1 g coconut cream,31
1 cup walnuts,31
1 sea salt,31
1 tablespoon mascarpone,31
1 ml balsamic vinegar,30
1 dash garlic salt,30
1 teaspoon vegetable broth,30
1 oz andouille sausage,30
1 g wheat flour,30
1 tablespoon vegetable broth,30
1 lb pepper jack cheese,30
1 tablespoon evaporated milk,30
1 pandan leaf,30
1 oz Irish cream,30
1 oz cashew,30
1 tablespoon anise,30
1 oz kielbasa,30
1 cup beef gravy,30
1 pack polenta,30
1 tablespoon jam,30
1 g sesame seeds,30
1 cup pickle juice,30
1 teaspoon potato starch,30
1 oz prawn,30
1 lb rutabaga,30
1 teaspoon amchur powder,30
1 oz vegetable oil,30
1 oz gouda cheese,30
1 romano cheese,30
1 pack stuffing mix,30
1 oz condensed milk,30
1 tablespoon hot pepper sauce,30
1 lb tripe,30
1 whipping cream,30
1 dash oregano,30
1 tablespoon nuts,30
1 cup rice milk,30
1 teaspoon sunflower oil,30
1 lb yellow squash,30
1 lb buffalo,30
1 teaspoon seasoned salt,30
1 gyoza wrappers,30
1 oz lettuce,30
1 oz cherry,30
1 g chocolate chips,30
1 g blueberries,30
1 g steak,30
1 oz sherry,30
1 cup dry vermouth,30
1 pint beef stock,30
1 cup dulce de leche,30
1 leaf cilantro,30
1 cup steel cut oats,30
1 gallon milk,30
1 g chickpea flour,30
1 lb seafood,30
1 lb dough,30
1 white fish,30
1 pack phyllo pastry,30
1 dash sugar,30
1 jar tomato basil pasta sauce,30
1 g baby corn,30
1 tablespoon cinnamon sugar,30
1 chicken sausage,30
1 g green peas,29
1 can pineapple juice,29
1 lb soba noodles,29
1 baby corn,29
1 pecorino romano,29
1 frosting,29
1 tablespoon savory,29
1 slice galangal,29
1 cup vital wheat gluten,29
1 cup milk chocolate,29
1 bottle red wine,29
1 lb beef eye round,29
1 bottle italian dressing,29
1 bar chocolate,29
1 tablespoon tandoori paste,29
1 bunch lettuce,29
1 g gouda cheese,29
1 cup gram flour,29
1 fennel seed,29
1 bag corn chips,29
1 lb phyllo pastry,29
1 oz gorgonzola cheese,29
1 sweet chili sauce,29
1 cup shaoxing wine,29
1 tablespoon chipotle peppers in adobo sauce,29
1 lb celery,29
1 oz oil,29
1 teaspoon onion seed,29
1 bottle ketchup,29
1 lb ginger,29
1 coconut milk,29
1 cup ditalini,29
1 oz mayonnaise,29
1 ml sunflower oil,29
1 pint half-and-half,29
1 teaspoon chickpea,29
1 box couscous,29
1 box powdered sugar,29
1 lb swordfish,29
1 jar beef,29
1 round pita,29
1 cup chocolate hazelnut spread,29
1 g fig,29
1 g ladyfingers,29
1 teaspoon almonds,29
1 lb pork fat,29
1 lb lard,29
1 cup bechamel sauce,29
1 beef steak,29
1 cup barley flour,29
1 fenugreek,29
1 tablespoon red pepper paste,29
1 cube vegetable stock,29
1 teaspoon celery,28
1 pack corn muffin mix,28
1 tablespoon espresso,28
1 can straw mushroom,28
1 mackerel,28
1 teaspoon almond flavor,28
1 cup fruit,28
1 cocoa,28
1 cup instant coffee,28
1 g chili,28
1 teaspoon jaggery,28
1 sheet gelatin,28
1 oz crab,28
1 inch corn tortilla,28
1 g cocoa,28
1 g penne,28
1 head endive,28
1 cup apple butter,28
1 tablespoon black tea,28
1 pack chocolate,28
1 ml coffee,28
1 oz fish,28
1 cajun seasoning,28
1 g prosciutto,28
1 lb beef chuck steak,28
1 pack dumpling wrappers,28
1 pickled ginger,28
1 pack rice vermicelli,28
1 lb rib eye steak,28
1 can asparagus,28
1 pasilla pepper,28
1 oz midori,28
1 oz neufchatel cheese,28
1 quince,28
1 oz roquefort cheese,28
1 cup red lentils,28
1 cup custard,28
1 oz okra,28
1 teaspoon grenadine,28
1 lb jicama,28
1 tablespoon tarragon vinegar,28
1 oz cointreau,28
1 teaspoon garlic pepper seasoning,28
1 can pizza crust,28
1 cup adzuki beans,28
1 lb pork fillet,28
1 oz pork loin,28
1 cup sparkling water,28
1 oz fig,28
1 quart peanut oil,28
1 hummus,28
1 head celery,28
1 tablespoon sesame,28
1 lb arugula,28
1 vegetable broth,28
1 oz chicken thigh,28
1 cup bittersweet chocolate,28
1 tablespoon sesame paste,28
1 tablespoon ouzo,27
1 oz apple,27
1 g celery,27
1 pack chicken,27
1 lb beef ribs,27
1 cup pea shoots,27
1 polenta,27
1 pack vanilla instant pudding mix,27
1 tablespoon ginger juice,27
1 g crab meat,27
1 brown gravy mix,27
1 ml mustard,27
1 teaspoon mint extract,27
1 pepper sauce,27
1 frankfurter,27
1 oz bean thread noodles,27
1 oz vermouth,27
1 l wine,27
1 thai chili pepper,27
1 teaspoon kitchen bouquet,27
1 teaspoon lemon pepper seasoning,27
1 ranch dressing,27
1 teaspoon black vinegar,27
1 oz peanut butter,27
1 cup tortellini,27
1 tablespoon rock sugar,27
1 bag rice,27
1 cup prawn,27
1 tablespoon flaxseed meal,27
1 box cornbread mix,27
1 lamb shoulder,27
1 cup rigatoni,27
1 bag egg noodles,27
1 cup rose water,27
1 oz celery,27
1 can apricot,27
1 tablespoon chili bean sauce,27
1 red food coloring,27
1 hazelnut,27
1 Italian seasoning,27
1 tablespoon bacon bits,27
1 tablespoon almond extract,27
1 oz lobster,27
1 g gorgonzola,27
1 pint blackberry,27
1 tablespoon onion soup mix,27
1 teaspoon Sichuan peppercorn,27
1 can fava bean,27
1 tablespoon bacon,27
1 oz suet,27
1 tablespoon celery salt,27
1 oz bok choy,27
1 cup passion fruit,27
1 pomegranate seeds,27
1 tablespoon Irish cream,27
1 cup sultanas,27
1 oz olives,27
1 pack dough,27
1 cup mustard seed,27
1 bag cranberry,27
1 cup french fries,27
1 cup flaxseed,27
1 pack fajita seasoning,27
1 tablespoon serrano pepper,26
1 cup carbonated water,26
1 g vermicelli,26
1 g tomato puree,26
1 tablespoon guacamole,26
1 dash bitters,26
1 oz fusilli,26
1 cup butter lettuce,26
1 g coconut oil,26
1 chicken liver,26
1 ladyfinger,26
1 cherry pepper,26
1 cup curry sauce,26
1 lb watermelon,26
1 tablespoon juniper berries,26
1 oz oats,26
1 oz sweet vermouth,26
1 teaspoon seasoning mix,26
1 g veal,26
1 teaspoon cooking spray,26
1 g prune,26
1 l vegetable broth,26
1 slice orange peel,26
1 cup chard,26
1 cup potato flour,26
"1 can tomato, green chile",26
1 oz vegetable juice,26
1 oz all-purpose flour,26
1 oz margarita mix,26
1 sweetener,26
1 teaspoon apple pie spice,26
1 spaghetti sauce,26
1 g oats,26
1 shot vodka,26
1 oz capers,26
1 jar apricot preserves,26
1 oz whole wheat flour,26
1 lb mahi-mahi,26
"1 cup peas, carrot",26
1 tzatziki,26
1 tablespoon vermouth,26
1 cup grapes,26
1 tablespoon brown rice vinegar,26
1 cup herb,26
1 oz espresso,26
1 tablespoon gherkin,26
1 lb top sirloin,26
1 g sweet corn,26
1 piece chicken thigh,26
1 tablespoon whisky,26
1 tablespoon baileys irish cream,26
1 rye bread,25
1 ml pineapple juice,25
1 oz gruyere,25
1 tablespoon simple syrup,25
1 quart cream,25
1 can pigeon peas,25
1 lb octopus,25
1 lb ribs,25
1 can salsa verde,25
1 cup sparkling wine,25
1 oz cornstarch,25
1 oz creme fraiche,25
1 jar pepper,25
1 oz chili sauce,25
1 tablespoon brown mustard,25
1 g gruyere cheese,25
1 g okra,25
1 brussels sprouts,25
1 tablespoon black bean garlic sauce,25
1 oz colby monterey jack cheese,25
1 pack udon,25
1 cornbread,25
1 jar jalapeno,25
1 dash chili powder,25
1 brown rice,25
1 cup vanilla wafer,25
1 lb salt,25
1 lb sole,25
1 dash onion powder,25
1 kg lamb shoulder,25
1 cup chicken bouillon,25
1 can consomme,25
1 lb pork neck bones,25
1 g sweetened condensed milk,25
1 lb ham hocks,25
1 teaspoon red pepper sauce,25
1 tablespoon anchovy paste,25
1 amaretti,25
1 leaf butter lettuce,25
1 lb linguica,25
1 cup tamarind paste,25
1 pack rigatoni,25
1 cup buckwheat,25
1 tablespoon mexican seasoning,25
1 g milk,25
1 oz ravioli,25
1 slice serrano ham,25
1 ml apple juice,25
1 cup limoncello,25
1 oz apple cider,25
1 mango chutney,25
1 can noodles,25
1 tablespoon calvados,25
1 cup black tea,25
1 pack chicken breast,25
1 tablespoon pizza sauce,25
1 teaspoon pickling spice,25
1 lb hash browns,25
1 cup green tea,25
1 croutons,25
1 pack meatball,25
1 g macaroni,25
1 lb ravioli,25
1 goat cheese,25
1 cup gorgonzola cheese,25
1 cup apple juice concentrate,25
1 bottle chili sauce,25
1 teaspoon green tea,25
1 g linguine,25
1 g bamboo shoots,25
1 g blue cheese,25
1 lb currants,25
1 dash vanilla extract,25
1 cup hibiscus,25
1 oz tempeh,25
1 g sugar snap peas,25
1 lb lima bean,25
1 g oil,25
1 cup cinnamon sugar,25
1 tablespoon pumpkin pie spice,25
1 bag hash browns,25
1 cup sun-dried tomato pesto,25
1 tablespoon hummus,25
1 lb white fish fillet,24
1 graham cracker,24
1 melon,24
1 teaspoon shaoxing wine,24
1 oz orecchiette,24
1 tablespoon pecorino romano,24
1 lb goat cheese,24
1 apples,24
1 tin tomato,24
1 oz chipotle pepper,24
1 lb minced meat,24
1 cup white miso,24
1 cup havarti cheese,24
1 oz basmati rice,24
1 peppermint,24
1 oz udon,24
1 all-purpose flour,24
1 g white fish fillet,24
1 slice avocado,24
1 cup pasta shells,24
1 can crushed tomatoes,24
1 lb fresh cheese,24
1 jar capers,24
1 cup plum jam,24
1 lb cranberry,24
1 teaspoon za'atar,24
1 cup millet flour,24
1 vinaigrette,24
1 can diced tomatoes and green chilies,24
1 jar maraschino cherry,24
1 cup sour milk,24
1 cranberry,24
1 oz meatball,24
1 g baking powder,24
1 lb pecan,24
1 black beans,24
1 teaspoon vegetable stock,24
1 tablespoon cranberry sauce,24
1 salsa verde,24
1 pastry shell,24
1 cup cookie crumbs,24
1 teaspoon meat tenderizer,24
1 oz coffee liqueur,24
1 lb flounder,24
1 rose water,24
1 tablespoon marmalade,24
1 cup frisee,24
1 cup pomegranate,24
1 teaspoon chili garlic paste,24
1 can coconut,24
1 cup fettuccine,24
1 teaspoon white wine,24
1 tablespoon black sesame seed,24
1 oz self-rising flour,24
1 pepperoni,24
1 hoagie bun,24
1 pack couscous,24
1 cup vanilla sugar,24
1 cup sriracha,24
1 cup icing,24
1 tablespoon italian dressing,24
1 can beef,24
1 ml creme fraiche,24
1 cup chipotle salsa,24
1 cup snap peas,24
1 tablespoon rolled oats,24
1 lb Swiss cheese,24
1 l stock,24
1 g dried fruit,24
1 teaspoon summer savory,24
1 g squid,24
1 jar pesto,24
1 quart stock,24
1 lavender,24
1 g cannellini beans,24
1 teaspoon amchoor,24
1 ml fish sauce,24
1 g salad greens,24
1 dates,24
1 cup lamb,24
1 pack lima bean,24
1 tablespoon panang curry paste,24
1 oz banana liqueur,23
1 pint vinegar,23
1 oz cauliflower,23
1 bunch chard,23
1 dash basil,23
1 cup tarragon vinegar,23
1 teaspoon vegetable bouillon,23
1 lb peanut,23
1 cup mini chocolate chips,23
1 teaspoon beef base,23
1 g marshmallow,23
1 lb black-eyed peas,23
1 g halloumi cheese,23
1 can fruit cocktail,23
1 oz pepper,23
1 cup coca cola,23
1 cup soy yogurt,23
1 cup dough,23
1 cup dates,23
1 cup cream of wheat,23
1 oz lima bean,23
1 liquid smoke,23
1 g chickpea,23
1 cup bread flour,23
1 oz vegetable stock,23
1 papadum,23
1 tablespoon Pernod,23
1 oz anchovies,23
1 pack coconut,23
1 lb udon noodles,23
1 tablespoon chaat masala,23
1 tablespoon chana dal,23
1 shortcrust pastry,23
1 waffle,23
1 lb bucatini,23
1 teaspoon steak sauce,23
1 l ice cream,23
1 teaspoon matcha,23
1 seasoning,23
1 tablespoon sprinkles,23
1 g pork belly,23
1 g whipped cream,23
1 cup imitation crab,23
1 stalk leek,23
1 dash thyme,23
1 cup flaxseed meal,23
1 tablespoon pickle juice,23
1 g cinnamon,23
1 jar cheese sauce,23
1 oreo cookie,23
1 tablespoon starch,23
1 tablespoon cucumber,23
1 bunch oregano,23
1 pack pudding mix,23
1 can chicken breast,23
1 filet mignon,23
1 box corn muffin mix,23
1 cup seafood stock,23
1 cup seeds,23
1 box macaroni,23
1 cup margarita mix,23
1 tablespoon pecorino romano cheese,23
1 five-spice powder,23
1 g almond meal,23
1 handful arugula,23
1 cup jalapeno pepper,23
1 jar pizza sauce,23
1 lb imitation crab,22
1 quart vinegar,22
1 potato chips,22
1 poppy seed,22
1 cup tangerine juice,22
1 oz butternut squash,22
1 lb capellini,22
1 ml sherry,22
1 g cumin,22
1 quart broth,22
1 lb radish,22
1 oz dried fruit,22
1 box puff pastry,22
1 cup tapioca pearls,22
1 slice baguette,22
1 oz lemonade,22
1 milk chocolate,22
1 toast,22
1 oz ouzo,22
1 cup chili oil,22
1 lb sirloin tip steak,22
1 g chestnut,22
1 pack pork sausage,22
1 shortening,22
1 cup kidney bean,22
1 coconut oil,22
1 bag potato,22
1 tablespoon beef broth,22
1 oz Italian sausage,22
1 cup piquillo pepper,22
1 cup custard powder,22
1 inch bread,22
1 oz eggplant,22
1 cup fat,22
1 tablespoon massaman curry paste,22
1 teaspoon mexican seasoning,22
1 g mixed vegetables,22
1 pack manicotti,22
1 pack tempeh,22
1 g shortcrust pastry,22
1 oz oatmeal,22
1 oz pizza sauce,22
1 teaspoon sazon,22
1 lb fennel,22
1 candlenut,22
1 cup masa,22
1 sole,22
1 tablespoon green chilies,22
1 jar pimento,22
1 teaspoon greek seasoning,22
1 lb Swiss chard,22
1 cup aioli,22
1 piece tofu,22
1 g coconut milk,22
1 oz trout,22
1 g cucumber,22
1 bunch rosemary,22
1 enchilada sauce,22
1 oz cucumber,22
1 salad dressing,22
1 tablespoon garlic chives,22
1 oz sirloin steak,22
1 fresno chile,22
1 bag coleslaw mix,22
1 cup strawberry preserves,22
1 pack ranch dressing,22
1 tablespoon nigella seeds,22
1 cup white cheese,22
1 stalk parsley,22
1 pack ziti,22
1 oz chocolate liqueur,22
1 cup summer squash,22
1 bitter melon,22
1 lb pinto bean,22
1 cup sweet rice,22
1 oz pecorino romano cheese,22
1 ml peanut oil,22
1 kg spinach,22
1 g bok choy,21
1 cup sago,21
1 pack portobello mushroom,21
1 tablespoon seasoning mix,21
1 chocolate chips,21
1 cup cassava,21
1 teaspoon peanut,21
1 lb beef short rib,21
1 inch tortilla,21
1 lb brie cheese,21
1 lb lettuce,21
1 bunch leek,21
1 jar marshmallow creme,21
1 truffle,21
1 stick lemongrass,21
1 whitefish,21
1 cup toffee bits,21
1 g hokkien noodles,21
1 quart sauerkraut,21
1 oz smoked sausage,21
1 steak seasoning,21
1 teaspoon salt and pepper,21
1 soda water,21
1 oz salsa verde,21
1 dash pepper sauce,21
1 tablespoon relish,21
1 pack macaroni and cheese,21
1 butter lettuce,21
1 teaspoon chervil,21
1 ball mozzarella cheese,21
1 pack egg roll wrappers,21
1 g gelatin,21
1 oz green peas,21
1 oz white beans,21
1 oz halibut,21
1 cube beef stock,21
1 teaspoon red chili flakes,21
1 cup oyster,21
1 cup scallops,21
1 bunch carrot,21
1 pint oyster,21
1 bottle champagne,21
1 pack chocolate cake mix,21
1 teaspoon chana dal,21
1 pack almonds,21
1 pack arugula,21
1 teaspoon whiskey,21
1 green chilies,21
1 pinch ginger,21
1 oz peach schnapps,21
1 tablespoon asiago cheese,21
1 tablespoon peas,21
1 cup pita chips,21
1 cube yeast,21
1 cup soda water,21
1 cup ouzo,21
1 grouper,21
1 bunch romaine lettuce,21
1 pheasant,21
1 ml tequila,21
1 teaspoon seafood seasoning,21
1 can sweet potato,21
1 chicken tenderloin,21
1 pint stock,21
1 chutney,21
1 tablespoon almond,21
1 box spaghetti,21
1 cup green salsa,21
1 g chili pepper,21
1 gravy,21
1 cup dill pickle,21
1 oz clams,21
1 white wine,21
1 champagne,21
1 cup asadero cheese,21
1 piece orange peel,21
1 oz pistachio,21
1 tablespoon gram flour,21
1 teaspoon pine nut,21
1 cup giardiniera,21
1 tablespoon grenadine,21
1 cherries,21
1 cup lemon-lime soda,21
1 pack udon noodles,21
1 teaspoon guar gum,21
1 head frisee,20
1 can pear,20
1 rice noodles,20
1 oz clam juice,20
1 cup meatball,20
1 lb mortadella,20
1 bag broccoli,20
1 tablespoon epazote,20
1 teaspoon jalapeno pepper,20
1 cup asiago,20
1 pork chop,20
1 lb chickpeas,20
1 cup mango nectar,20
1 cup peanuts,20
1 pack Mexican cheese blend,20
1 tablespoon garlic oil,20
1 cup raisins,20
1 cup enoki mushroom,20
1 cup silken tofu,20
1 g ground meat,20
1 pack french fries,20
1 oz mixed greens,20
1 lb pork back ribs,20
1 tablespoon stir-fry sauce,20
1 ml frangelico,20
1 bag salad greens,20
1 g pork sausage,20
1 g tagliatelle,20
1 l chicken broth,20
1 cup instant mashed potatoes,20
1 tablespoon dry milk powder,20
1 can biscuits,20
1 kabocha squash,20
1 cup sorrel,20
1 can sweet peas,20
1 cup emmentaler cheese,20
1 bar cheddar cheese,20
1 g vanilla sugar,20
1 bag peas,20
1 head fennel,20
1 dash milk,20
1 tablespoon pickle,20
1 cup raspberry vinegar,20
1 bunch choy sum,20
1 lb french fries,20
1 cup frosting,20
1 pack corn chips,20
1 new mexico chile,20
1 oz limeade concentrate,20
1 alfredo sauce,20
1 tablespoon beef stock,20
1 cup green chile pepper,20
1 pack turkey sausage,20
1 cup kiwi,20
1 g palm sugar,20
1 oz kale,20
1 tablespoon sambal,20
1 pack smoked sausage,20
1 oz baby corn,20
1 teaspoon browning sauce,20
1 pack spring roll wrapper,20
1 cup bacon drippings,20
1 tablespoon herb,20
1 vanilla wafer,20
1 tablespoon bouillon,20
1 oz watercress,20
1 oz american cheese,20
1 oz cachaça,20
1 tablespoon mixed herbs,20
1 tablespoon vinaigrette,20
1 sheet lasagna noodle,20
1 oz polenta,20
1 tablespoon hemp seed,20
1 cup kirsch,20
1 oz tagliatelle,20
1 tablespoon tandoori masala,20
1 lb winter squash,20
1 cup cherry preserves,20
1 lb green peas,20
1 lb beef rib roast,20
1 cup mushroom broth,20
1 g turkey,20
1 cup carrot juice,20
1 box whipped topping,20
1 au jus,20
1 tablespoon curd,20
1 teaspoon sambar powder,20
1 tube polenta,20
1 meat,20
1 sponge cake,20
1 tablespoon wakame,20
1 wonton wrapper,20
1 oz sweet potato,20
1 lb daikon radish,20
1 tablespoon cashew butter,20
1 bunch grape,20
1 tablespoon berbere,20
1 g cranberry,19
1 tablespoon green bell pepper,19
1 tablespoon gluten,19
1 oz sake,19
1 lb beef tripe,19
1 lb rabbit,19
1 oz leek,19
1 slice whole grain bread,19
1 tablespoon red miso,19
1 pack pectin,19
1 tablespoon Cointreau,19
1 tablespoon green tea powder,19
1 lb pineapple,19
1 piece lemongrass,19
1 tablespoon spearmint,19
1 cup mango juice,19
1 teaspoon vegemite,19
1 g pecan,19
1 can tomatoes and green chilies,19
1 g ground beef,19
1 g porcini mushrooms,19
1 teaspoon tabasco sauce,19
1 cup fruit juice,19
1 cup muesli,19
1 tablespoon caper,19
1 dash balsamic vinegar,19
1 pack Italian dressing mix,19
1 pack pistachio pudding mix,19
1 tablespoon limoncello,19
1 cup meat stock,19
1 kg pumpkin,19
1 beef broth,19
1 lb jalapeno,19
1 teaspoon maple flavoring,19
1 sprig curry leaf,19
1 g macadamia nut,19
1 skirt steak,19
1 lb white beans,19
1 piece lettuce,19
1 cup grana padano,19
1 inch lemongrass,19
1 ml ginger,19
1 picante sauce,19
1 piece onion,19
1 g meat,19
1 tablespoon sugar syrup,19
1 cup red pepper flakes,19
1 strip lemon zest,19
1 corn tortilla strips,19
1 lb mustard greens,19
1 pack neufchatel cheese,19
1 tablespoon egg substitute,19
1 tablespoon pimiento,19
1 phyllo pastry,19
1 cup turkey breast,19
1 matzo,19
1 oyster sauce,19
1 starfruit,19
1 tomato paste,19
1 cup blood orange juice,19
1 oz gnocchi,19
1 g turmeric,19
1 swiss cheese,19
1 can bean dip,19
1 tablespoon corn,19
1 teaspoon black tea,19
1 cup toffee,19
1 tablespoon pineapple,19
1 lb ground veal,19
1 cup clams,19
1 tablespoon pumpkin seed,19
1 bottle vodka,19
1 tablespoon balsamic vinaigrette,19
1 kg shrimp,19
1 g cherries,19
1 rose petals,19
1 pack mozzarella,19
1 tablespoon mushroom,19
1 cup pomegranate molasses,19
1 pack turkey,19
1 oz creme de menthe,19
1 cup pastry cream,19
1 oz tilapia,19
1 g water chestnut,19
1 inch turmeric,19
1 quart whipping cream,19
1 teaspoon chipotle peppers in adobo sauce,19
1 tablespoon soy,19
1 tablespoon vital wheat gluten,19
1 cup green bean,19
1 tablespoon pomegranate seeds,19
1 teaspoon turbinado sugar,19
1 teaspoon ancho chile,19
1 g heavy cream,19
1 tablespoon pepperoncini,19
1 oz pecorino cheese,19
1 cup jarlsberg cheese,19
1 cup soy,19
1 tablespoon chickpea,19
1 kg eggplant,19
1 tablespoon macadamia nut,19
1 stalk basil,19
1 teaspoon tomato,19
1 tablespoon oats,19
1 pack sauerkraut,19
1 cup avocado oil,19
1 cup muenster cheese,19
1 oz soppressata,19
1 cup limeade concentrate,19
1 cup mussels,19
1 rump roast,19
1 g king prawn,19
1 g camembert,18
1 lb chickpea,18
1 cup cheddar monterey jack cheese,18
1 oz barbecue sauce,18
1 tablespoon refried beans,18
1 hot italian sausage,18
1 teaspoon pistachio,18
1 oz whole wheat pasta,18
1 oz limoncello,18
1 tablespoon egg white,18
1 lb cannellini beans,18
1 tablespoon whipped cream,18
1 lb mackerel,18
1 mustard seed,18
1 red chili pepper flakes,18
1 sazon seasoning,18
1 chili seasoning,18
1 cup chervil,18
1 can carrot,18
1 sardine,18
1 cup cheese sauce,18
1 short ribs,18
1 cup ground beef,18
1 teaspoon red pepper powder,18
1 teaspoon maggi seasoning,18
1 bag lettuce,18
1 ml fish stock,18
1 teaspoon tomato sauce,18
1 teaspoon safflower oil,18
1 ml baileys irish cream,18
1 tablespoon chili pepper flakes,18
1 bottle hot sauce,18
1 oz guanciale,18
1 can crab,18
1 oz butterscotch schnapps,18
1 tablespoon caramel,18
1 cup acini di pepe,18
1 oz mustard,18
1 g Chinese cabbage,18
1 teaspoon filé powder,18
1 Thai pepper,18
1 count mussels,18
1 tablespoon green chile pepper,18
1 lb beef tri-tip,18
1 cup taro,18
1 oz sour mix,18
1 pint vanilla ice cream,18
1 inch cucumber,18
1 teaspoon fennel seeds,18
1 cup cocktail sauce,18
1 ricotta cheese,18
1 stock,18
1 sprig lemon thyme,18
1 l ginger ale,18
1 cup demi-glace,18
1 cup cashew milk,18
1 slice gruyere cheese,18
1 jar olives,18
1 beef rib roast,18
1 cup straw mushroom,18
1 cup chocolate chip,18
1 tablespoon soy milk,18
1 oz ground beef,18
1 lb yardlong beans,18
1 teaspoon habanero pepper,18
1 lb bison,18
1 oz brie,18
1 cup stuffed olive,18
1 cup black lentils,18
1 cup carnaroli rice,18
1 tablespoon citrus juice,18
1 pita chips,18
1 quart canola oil,18
1 can black olives,18
1 tablespoon Chinese cooking wine,18
1 oz chestnut mushroom,18
1 cup kefalotyri,18
1 oz emmentaler cheese,18
1 tablespoon vegemite,18
1 g plum,18
1 sheet kombu,18
1 cup bean thread noodles,18
1 oz white bread,18
1 bag french fries,18
1 oz parmigiano reggiano,18
1 cup linguine,18
1 oz enoki mushroom,18
1 cup duck fat,18
1 tablespoon wheat flour,18
1 cup marshmallow creme,18
1 tablespoon half and half,18
1 oz romaine lettuce,18
1 pack egg roll wrapper,18
1 kumquat,18
1 cup roquefort cheese,18
1 oz penne rigate,18
1 leaf arugula,18
1 oz rice noodle,18
1 g gnocchi,18
1 kale,18
1 ml champagne,18
1 lb raspberry,18
1 peanut butter,18
1 cup black gram,18
1 lb red snapper,18
1 oz blueberries,18
1 cup sorghum flour,18
1 can cheese,18
1 cup tortilla strips,18
1 slice processed cheese,18
1 pasta sauce,18
1 g broad beans,18
1 oz frangelico,18
1 bunch mustard greens,18
1 lb poblano pepper,18
1 g olive oil,18
1 cup flattened rice,17
1 cup vanilla wafer crumbs,17
1 cup ziti,17
1 teaspoon hot pepper,17
1 veal shank,17
1 cup seafood,17
1 cup green chile,17
1 lb rice vermicelli,17
1 cup mixed herbs,17
1 pack shrimp,17
1 sprig lavender,17
1 lb great northern bean,17
1 cup fruit preserves,17
1 oz muenster cheese,17
1 lb tempeh,17
1 oz pasta shells,17
1 chicken drumstick,17
1 slider bun,17
1 can cream of potato soup,17
1 onion roll,17
1 oz agave nectar,17
1 lb vermicelli,17
1 sauce,17
1 pack soba noodles,17
1 tablespoon almond milk,17
1 g oatmeal,17
1 asiago cheese,17
1 tablespoon apricot,17
1 teaspoon epazote,17
1 ml tomato puree,17
1 pizza sauce,17
1 jar tomato,17
1 tablespoon soybean paste,17
1 cup four cheese Mexican blend cheese,17
1 raspberry jam,17
1 g almond flour,17
1 teaspoon peppercorn,17
1 apricot jam,17
1 tablespoon date,17
1 ml white wine vinegar,17
1 teaspoon black sesame seed,17
1 ml port wine,17
1 can spinach,17
1 cup ale,17
1 teaspoon wine vinegar,17
1 teaspoon bread crumbs,17
1 teaspoon Italian dressing,17
1 pack cabbage,17
1 g saffron,17
1 g chili powder,17
1 teaspoon tahini,17
1 g capers,17
1 venison,17
1 cup israeli couscous,17
1 sausage casing,17
1 piece lemon zest,17
1 tablespoon green peas,17
1 black cod,17
1 lb ground pork,17
1 quart apple cider,17
1 cup hot pepper sauce,17
1 oz beet,17
1 lb udon,17
1 can green chile,17
1 oz halloumi cheese,17
1 dinner rolls,17
1 cup apple jelly,17
1 blue cheese,17
1 teaspoon anise oil,17
1 whole wheat bread,17
1 ml cinnamon,17
1 cup malted milk powder,17
1 oz ghee,17
1 oz soba,17
1 lb sugar snap pea,17
1 can green peas,17
1 g split peas,17
1 tablespoon condensed milk,17
1 leaf kale,17
1 slice turkey breast,17
1 cup catalina dressing,17
1 pack tomato,17
1 rib-eye steak,17
1 oz rye whiskey,17
1 ml coriander,17
1 cup marshmallows,17
1 oz maple syrup,17
1 tablespoon strawberry preserves,17
1 tablespoon greek seasoning,17
1 cup walnut oil,17
1 inch pizza crust,17
1 oz chanterelle mushrooms,17
1 g soba noodles,17
1 lb calf liver,17
1 piece garlic,17
1 box pudding mix,17
1 oz hash browns,17
1 slice gouda cheese,17
1 box gelatin,17
1 tablespoon green peppercorn,17
1 count oyster,17
1 tablespoon lemon thyme,17
1 lb mango,17
1 cup bittersweet chocolate chips,17
1 tablespoon hazelnut liqueur,17
1 artificial sweetener,17
1 stalk scallion,17
1 dash parsley,17
1 tablespoon egg whites,17
1 white chocolate,17
1 tablespoon tandoori spice blend,17
1 g sun-dried tomato,17
1 ground beef,17
1 g pecorino cheese,17
1 g mango,17
1 pack active dry yeast,17
1 cup curry leaves,17
1 l oil,17
1 lb ham hock,17
1 Italian roll,17
1 lb yucca,17
1 beef tongue,17
1 tablespoon saffron,16
1 tablespoon preserved lemon,16
1 lychee,16
1 piece carrot,16
1 g mayonnaise,16
1 goose,16
1 lb gorgonzola,16
1 cup calvados,16
1 teaspoon gochugaru,16
1 slice fontina cheese,16
1 cup adobo sauce,16
1 teaspoon berbere,16
1 oz taco sauce,16
1 tablespoon yellow curry paste,16
1 cup clamato juice,16
1 g peach,16
1 tablespoon tomato juice,16
1 dash turmeric,16
1 king prawn,16
1 sweet and sour sauce,16
1 oz colby cheese,16
1 lb almond,16
1 ml mayonnaise,16
1 g rhubarb,16
1 oz sirloin,16
1 cup coconut aminos,16
1 teaspoon rice flour,16
1 ml gin,16
1 tablespoon spinach,16
1 chocolate-covered coffee beans,16
1 cup garlic powder,16
1 lb chestnut,16
1 oz ladyfingers,16
1 dash vinegar,16
1 hoagie roll,16
1 pack sazon,16
1 lb red bean,16
1 pork steak,16
1 cup pork stock,16
1 tablespoon black bean paste,16
1 log goat cheese,16
1 tablespoon coriander root,16
1 cup broad beans,16
1 oz shortening,16
1 teaspoon green chili paste,16
1 buttercream,16
1 lb king prawn,16
1 oz ale,16
1 pastry shells,16
1 lb beef sausage,16
1 shichimi togarashi,16
1 oz curaçao liqueur,16
1 tablespoon rose petals,16
1 kg salmon,16
1 tablespoon hot pepper,16
1 truffle oil,16
1 cup salt water,16
1 cup chocolate milk,16
1 tablespoon hazelnut oil,16
1 pack lasagna noodles,16
1 ramen noodles,16
1 lb wax bean,16
1 tablespoon achiote paste,16
1 cup peppermint,16
1 meringue,16
1 teaspoon grapeseed oil,16
1 lb trout,16
1 tablespoon peppercorn,16
1 quail,16
1 cup black vinegar,16
1 cup bran flakes,16
1 can crescent roll dough,16
1 can tomato and green chili,16
1 teriyaki sauce,16
1 slice bell pepper,16
1 oz lentils,16
1 tablespoon matzo meal,16
1 oz black pepper,16
1 slice apple,16
1 pack onion,16
1 teaspoon beau monde seasoning,16
1 guava,16
1 oz lemon-lime soda,16
1 tablespoon dill seed,16
1 pack German chocolate cake mix,16
1 blackberry,16
1 lb salt cod,16
1 cup edam cheese,16
1 macadamia nut,16
1 baby back ribs,16
1 lb pork liver,16
1 lb papaya,16
1 seasoning mix,16
1 cup cranberry bean,16
1 cup squid,16
1 ml brown sugar,16
1 oz pappardelle,16
1 ancho pepper,16
1 cup Mexican crema,16
1 cup blackberry jam,16
1 teaspoon curry leaves,16
1 provolone cheese,16
1 cup hickory wood chips,16
1 cup pickled vegetables,16
1 tablespoon chili seasoning,16
1 l broth,16
1 bunch beet,16
1 bottle ranch dressing,16
1 tablespoon dill pickle relish,16
1 g pasta sauce,16
1 bottle catalina dressing,16
1 ml tomato paste,16
1 tablespoon potato flour,16
1 cup cashew butter,16
1 lb mixed vegetables,16
1 teaspoon chia seeds,16
1 kohlrabi,16
1 oz angel hair pasta,16
1 lb cassava,16
1 chervil,16
1 cup cherry juice,16
1 cup egg yolk,16
1 brioche bun,16
1 cup caper,16
1 cup mizithra cheese,16
1 cup pineapple preserves,16
1 tablespoon gomashio,16
1 tablespoon monosodium glutamate,16
1 cup melon,16
1 garlic bread,16
1 teaspoon sambal ulek,16
1 cup mango salsa,16
1 lb pork bones,16
1 teaspoon corn oil,16
1 lb blackberry,16
1 teaspoon bonito flakes,16
1 French onion soup mix,16
1 tablespoon parmigiano reggiano,16
1 piece green onion,16
1 g lard,16
1 pack imitation crab,16
1 cup suet,16
1 cup ricotta cheese,15
1 oz imitation crab,15
1 cup gochujang,15
1 g green chili,15
1 cm galangal,15
1 oz balsamic vinegar,15
1 cup gin,15
1 coriander root,15
1 slice brie cheese,15
1 oz ice,15
1 dash orange bitters,15
1 crackers,15
1 cup four cheese blend,15
1 lb pork chop,15
1 g nuts,15
1 teaspoon bell pepper,15
1 g fusilli,15
1 tablespoon sriracha sauce,15
1 oz beef sirloin,15
1 quart half-and-half,15
1 cup sweet pepper,15
1 tablespoon doubanjiang,15
1 lb pork spare ribs,15
1 tablespoon creme de menthe,15
1 cup whole wheat bread,15
1 broth,15
1 tablespoon onion salt,15
1 lb chili pepper,15
1 kg carrot,15
1 oz grape,15
1 oz cola,15
1 cup lamb stock,15
1 smoked sausage,15
1 lb bottom round roast,15
1 brandy,15
1 piece pita,15
1 cup oreo cookie,15
1 quart half and half,15
1 oz orange peel,15
1 count clams,15
1 lb brisket,15
1 gallon whole milk,15
1 cup passion fruit juice,15
1 swiss chard,15
1 teaspoon artificial sweetener,15
1 cup marmalade,15
1 cup brazil nut,15
1 crushed red pepper,15
1 oz marshmallow,15
1 g thyme,15
1 oz melon liqueur,15
1 sirloin tip roast,15
1 pack romaine lettuce,15
1 teaspoon shrimp,15
1 pack buttermilk biscuits,15
1 can diced tomatoes,15
1 tablespoon whole milk,15
1 teaspoon teriyaki sauce,15
1 ml baking soda,15
1 tablespoon self-rising flour,15
1 lb sardine,15
1 harissa,15
1 tablespoon furikake,15
1 lb blueberries,15
1 cup black bean sauce,15
1 lb basmati rice,15
1 teaspoon tequila,15
1 cup microgreens,15
1 candy cane,15
1 shot espresso,15
1 stalk rosemary,15
1 cup turkey broth,15
1 salt water,15
1 ml galliano,15
1 box lasagna noodles,15
1 g minced meat,15
1 bottle sparkling wine,15
1 brie cheese,15
1 cup rosé wine,15
1 monosodium glutamate,15
1 lb cavatelli,15
1 inch orange peel,15
1 oz sweet corn,15
1 teaspoon scotch bonnet pepper,15
1 oz black-eyed peas,15
1 oz tea,15
1 cup orecchiette,15
1 teaspoon smoked paprika,15
1 cup ragu,15
1 cup sweet and sour mix,15
1 oz capellini,15
1 teaspoon scallion,15
1 teaspoon flax seed,15
1 g lima bean,15
1 strip lemon peel,15
1 tablespoon gin,15
1 pack semisweet chocolate,15
1 cup whisky,15
1 lb bittersweet chocolate,15
1 tablespoon sun-dried tomato pesto,15
1 tablespoon gorgonzola,15
1 lb chicken wing,15
1 bag chocolate chips,15
1 cinnamon roll,15
1 sumac,15
1 g green onion,15
1 oz blackberry,15
1 lb roast beef,15
1 tablespoon hazelnut spread,15
1 oz manicotti,15
1 cup broccoli rabe,15
1 teaspoon green peppercorn,15
1 can spam,15
1 batter,15
1 sheet phyllo,15
1 tablespoon nori,15
1 cup pinto bean,15
1 tablespoon pecorino cheese,15
1 can nacho cheese soup,15
1 bag green tea,15
1 can cola,15
1 oz ditalini,15
1 bass,15
1 prosciutto,15
1 fettuccine,15
1 piece star anise,15
1 g biscuit,15
1 teaspoon Grand Marnier,15
1 tablespoon Thai chili paste,15
1 tablespoon cooking wine,15
1 cup raspberry liqueur,15
1 oz wakame,15
1 piece shiitake mushroom,15
1 cup black fungus,15
1 fruit,15
1 oz parmesan,15
1 teaspoon pink peppercorn,14
1 ml pepper,14
1 oz apple juice,14
1 g gruyere,14
1 ml parsley,14
1 hamburger patty,14
1 pack taco shells,14
1 oz chicken liver,14
1 cup Cointreau,14
1 g spring onion,14
1 cup roux,14
1 tablespoon filé powder,14
1 g lasagna sheets,14
1 cup cookie,14
1 mango salsa,14
1 tablespoon browning sauce,14
1 bag diced potatoes,14
1 strawberry jam,14
1 oz campari,14
1 bone,14
1 teaspoon pickle relish,14
1 kaffir lime,14
1 g tomato sauce,14
1 chestnut,14
1 tablespoon oatmeal,14
1 ravioli,14
1 oz apricot brandy,14
1 g white beans,14
1 crostini,14
1 oz lasagna noodles,14
1 oz chocolate syrup,14
1 bag mozzarella cheese,14
1 g digestive biscuits,14
1 lb taro,14
1 lb suet,14
1 pack corn husk,14
1 lb prawns,14
1 angostura bitters,14
1 cup grenadine,14
1 piece vanilla,14
1 lb coconut,14
1 teaspoon angostura bitters,14
1 pack orzo,14
1 pork spareribs,14
1 bamboo shoot,14
1 buttermilk,14
1 cup peach schnapps,14
1 cup shrimp stock,14
1 persimmon,14
1 cup mango puree,14
1 can mushrooms,14
1 leaf shiso,14
1 lb snow pea,14
1 teaspoon milk powder,14
1 handful curry leaves,14
1 lb shortening,14
1 tablespoon cotija cheese,14
1 l vanilla ice cream,14
1 lb turkey Italian sausage,14
1 can chili sauce,14
1 bag potato chips,14
1 oz ancho chile,14
1 kg beef chuck,14
1 cup diced potatoes,14
1 tablespoon whipped topping,14
1 peppercorn,14
1 pandan leaves,14
1 Greek seasoning,14
1 cup kabocha squash,14
1 cup chicken thigh,14
1 teaspoon sesame,14
1 tablespoon Sichuan peppercorns,14
1 tablespoon caramel sauce,14
1 cup amaretti,14
1 bunch Japanese parsley,14
1 tablespoon pomegranate syrup,14
1 tablespoon agar,14
1 oz pork belly,14
1 capsicum,14
1 oz picante sauce,14
1 slice havarti cheese,14
1 tablespoon apple cider,14
1 box German chocolate cake mix,14
1 andouille sausage,14
1 ml apple cider vinegar,14
1 oz parsnip,14
1 mixed vegetables,14
1 g salsa,14
1 pack rice paper,14
1 lb emmentaler cheese,14
1 pack hot dog,14
1 box fettuccine,14
1 dash white wine,14
1 teaspoon cinnamon sugar,14
1 pack provolone cheese,14
"1 tablespoon salt, pepper",14
1 shot whiskey,14
1 box chocolate cake mix,14
1 box beef broth,14
1 wheel brie cheese,14
1 oz port wine,14
1 cup coconut yogurt,14
1 lb honey,14
1 strip orange zest,14
1 pint beer,14
1 beef tri-tip,14
1 lb summer squash,14
1 tablespoon coconut flour,14
1 piece bell pepper,14
1 g chicken liver,14
1 cup lime,14
1 greens,14
1 teaspoon tandoori masala,14
1 tablespoon pickles,14
1 cup Monterey Jack cheese,14
1 kg apple,14
1 cup peach nectar,14
1 whole wheat bun,14
1 teaspoon chocolate syrup,14
1 tablespoon stock,14
1 cup skim milk powder,14
1 g mincemeat,14
1 pomelo,14
1 ml banana liqueur,14
1 tablespoon orange,14
1 tablespoon gochugaru,14
1 tablespoon green chili pepper,14
1 oz whipped cream,14
1 cup prosecco,14
1 can mixed beans,14
1 tablespoon mango powder,14
1 tablespoon fresh cheese,14
1 tablespoon drambuie,14
1 g egg,14
1 bunch garlic chives,14
1 cup Pernod,14
1 lb blue cheese,14
1 lb white bean,14
1 oz red wine vinegar,14
1 slice mozzarella,14
1 lb quince,14
1 cup tomatoes,14
1 lb grouper,14
1 tablespoon tom yum paste,14
1 chickpeas,14
1 fillet,14
1 cup curry paste,14
1 cream cheese frosting,14
1 oz apple cider vinegar,14
1 tablespoon raspberry liqueur,14
1 pecorino cheese,14
1 cup root beer,14
1 rose petal,14
1 lb meatloaf mix,14
1 oz passion fruit juice,14
1 lb veal shoulder,14
1 cup persimmon,14
1 old bay seasoning,14
1 tablespoon gruyere cheese,14
1 tablespoon lime,14
1 cup candy,14
1 cup cheese curds,14
1 g haddock,14
1 oz mortadella,14
1 cup winter squash,14
1 teaspoon sambal,13
1 savory,13
1 cup pickled ginger,13
1 oz shortcrust pastry,13
1 teaspoon cashew,13
1 lb escarole,13
1 lb eye of round roast,13
1 teaspoon raisin,13
1 stalk coriander,13
1 jar mango chutney,13
1 chipotle powder,13
1 oz canola oil,13
1 cup char siu sauce,13
1 box ziti,13
1 oz pork shoulder,13
1 tablespoon agave syrup,13
1 strip orange peel,13
1 g rocket,13
1 cup peanut butter chips,13
1 lb broccolini,13
1 g scallops,13
1 oz buttermilk,13
1 chocolate frosting,13
1 oz turkey Italian sausage,13
1 g enoki mushroom,13
1 teaspoon salsa,13
1 cup bean,13
1 tablespoon miracle whip,13
1 quart orange juice,13
1 g mussels,13
1 calamansi,13
1 can green salsa,13
1 oz marzipan,13
1 lb masa,13
1 tablespoon yellow bean sauce,13
1 pack penne,13
1 oz peach,13
1 oz caviar,13
1 cup mexican cheese blend,13
1 tablespoon thousand island dressing,13
1 bunch tarragon,13
1 cup black olives,13
1 oz ranch dressing mix,13
1 nopal,13
1 kg sweet potato,13
1 lb seitan,13
1 box white cake mix,13
1 l cream,13
1 oz mango,13
1 cup creme de menthe,13
1 cake mix,13
1 teaspoon cognac,13
1 lb beef top sirloin steak,13
1 can beef stock,13
1 cup Madeira wine,13
1 tablespoon pomegranate juice,13
1 oz guacamole,13
1 beef sausage,13
1 tablespoon potato flakes,13
1 cup root vegetable,13
1 ml lemonade,13
1 oz sparkling wine,13
1 garlic chives,13
1 lb almond paste,13
1 g baked beans,13
1 lb elk,13
1 cup crayfish,13
1 cup seitan,13
1 dumplings,13
1 cup cassava flour,13
1 tablespoon green seasoning,13
1 tablespoon curry leaves,13
1 gingersnap cookie,13
1 jalapeño,13
1 oz pea,13
1 tablespoon meat tenderizer,13
1 ml canola oil,13
1 teaspoon nutritional yeast,13
1 cup potato water,13
1 g almond,13
1 cup chocolate sprinkles,13
1 cannelloni,13
1 tablespoon grapefruit juice,13
1 chaat masala,13
1 cup lemonade concentrate,13
1 pack cremini mushroom,13
1 cup farmer cheese,13
1 g pear,13
1 wafer,13
1 g tomato passata,13
1 tablespoon almond paste,13
1 bunch escarole,13
1 oz biscuit,13
1 tablespoon green chili paste,13
1 can blueberry,13
1 cup relish,13
1 pint half and half,13
1 teaspoon chili bean paste,13
1 oz pomegranate juice,13
1 fish cake,13
1 tablespoon chipotle sauce,13
1 g pork loin,13
1 oz tamarind,13
1 peppermint extract,13
1 cup currant jelly,13
1 kg pork loin,13
1 lb pork steak,13
1 cup glass noodles,13
1 cup radish sprouts,13
1 oz mushroom soup,13
1 tablespoon water chestnut,13
1 oz mandarin orange,13
1 creole seasoning,13
1 g tamarind,13
1 jar enchilada sauce,13
1 cup fennel seed,13
1 cup mustard oil,13
1 l olive oil,13
1 cup nectarine,13
1 teaspoon coriander root,13
1 orange food coloring,13
1 lb chilean sea bass,13
1 teaspoon yeast extract,13
1 taco shell,13
1 cup soy chunks,13
1 cup freekeh,13
1 g mung bean,13
1 breadstick,13
1 oz anchovy,13
1 g grape,13
1 pack spaghetti sauce,13
1 strip kombu,13
1 teaspoon corn flour,13
1 oz navy bean,13
1 teaspoon all-purpose flour,13
1 pint buttermilk,13
1 cup char siu,13
1 dash liquid smoke,13
1 leaf coriander,13
1 can pasta sauce,13
1 oz Chinese sausage,13
1 ml tomato passata,13
1 oz pectin,13
1 cup maple sugar,13
1 pineapple juice,13
1 jar peanut butter,13
1 g pearl barley,13
1 can lemon-lime soda,13
1 processed cheese,13
1 cup jackfruit,13
1 mixed salad greens,13
1 lb farmer cheese,13
1 bag cheddar cheese,13
1 cup quark,13
1 quart heavy cream,13
1 oz brussels sprouts,13
1 ml apple cider,13
1 teaspoon cream cheese,13
1 can fried onions,13
1 kg steak,13
1 dash salt and pepper,13
1 cup garlic sauce,13
1 g suet,13
1 g rigatoni,13
1 oz hot sauce,13
1 lavash,13
1 cup clove,13
1 teaspoon key lime zest,13
1 tablespoon anchovy,13
1 cup marzipan,13
1 pack ham,13
1 g pumpkin seeds,13
1 g chestnut mushroom,13
1 coleslaw,13
1 lb lemon,13
1 can cheddar cheese soup,13
1 sichuan pepper,13
1 red chilli,13
1 g artichoke,13
1 Ritz crackers,13
1 bamboo shoots,12
1 black olives,12
1 cup four cheese,12
1 dash vanilla,12
1 dash celery salt,12
1 bar dark chocolate,12
1 lb caster sugar,12
1 pack tater tots,12
1 ginger ale,12
1 gallon apple cider,12
1 tablespoon chicken fat,12
1 wheat,12
1 oz creamed corn,12
1 cup tomato basil pasta sauce,12
1 g creamed corn,12
1 oz seitan,12
1 lb monkfish,12
1 teaspoon orange liqueur,12
1 crescent roll,12
1 kewra essence,12
1 shot triple sec,12
1 cup aquafaba,12
1 g beetroot,12
1 shot rum,12
1 teaspoon chili bean sauce,12
1 box corn,12
1 oz jarlsberg cheese,12
1 oz haddock,12
1 tablespoon baharat,12
1 oz pumpkin puree,12
1 mixed spice,12
1 oz amaretti,12
1 oz fontina,12
1 cup brine,12
1 pint apple cider,12
1 bunch turnip greens,12
1 sprig watercress,12
1 teaspoon green chili pepper,12
1 ml Worcestershire sauce,12
1 potato starch,12
1 cup chocolate sauce,12
1 teaspoon barbecue seasoning,12
1 teaspoon beef stock,12
1 cup Italian cheese blend,12
1 mixed herbs,12
1 cup ganache,12
1 teaspoon sauce,12
1 oz chestnut,12
1 pack crawfish,12
1 oz squid,12
1 peanut sauce,12
1 pack au jus,12
1 tablespoon broth,12
1 lb cavatappi,12
1 oz pear,12
1 onion salt,12
1 g anchovies,12
1 gruyere cheese,12
1 box raisin,12
1 leaf lime,12
1 piece tomato,12
1 oz licor 43,12
1 lb spaghettini,12
1 rice vinegar,12
1 lb tagliatelle,12
1 cup lemon lime soda,12
1 tablespoon maggi seasoning,12
1 seasoned salt,12
1 oz achiote paste,12
1 mixed greens,12
1 slice orange zest,12
1 dash fish sauce,12
1 tablespoon currant jelly,12
1 tablespoon green tea,12
1 cup pork fat,12
1 oz havarti cheese,12
1 cup bean paste,12
1 cup beetroot,12
1 cup sugar syrup,12
1 tablespoon mint jelly,12
1 cup green olives,12
1 cup wakame,12
1 cup brie cheese,12
1 g black pepper,12
1 taro,12
1 custard,12
1 tablespoon garlic and red chile paste,12
1 lb prime rib,12
1 tablespoon marmite,12
1 cup salt pork,12
1 cup tonkatsu sauce,12
1 cup chili paste,12
1 pack brussels sprouts,12
1 beef bones,12
1 half-and-half,12
1 teaspoon agar,12
1 cup grape jelly,12
1 beef chuck,12
1 g kangaroo,12
1 pack chorizo,12
1 cup plantain,12
1 cup arrowroot,12
1 tablespoon frangelico,12
1 cup gingersnap crumbs,12
1 cup pork broth,12
1 teaspoon green tea powder,12
1 lb manchego cheese,12
1 cup endive,12
1 oz soda water,12
1 oz sparkling water,12
1 tequila,12
1 french fries,12
1 lb greens,12
1 cup crackers,12
1 g phyllo pastry,12
1 tablespoon radish,12
1 chocolate wafer,12
1 lb lamb shank,12
1 box cream,12
1 cup andouille sausage,12
1 delicata squash,12
1 macaroni,12
1 bonito flakes,12
1 parmigiano reggiano,12
1 oz spaghettini,12
1 lard,12
1 oz somen,12
1 oz coriander,12
1 cup pork rind,12
1 shiitake mushrooms,12
1 ml cranberry juice,12
1 oz whisky,12
1 can sweet corn,12
1 tartar sauce,12
1 oz cocoa,12
1 tablespoon potato,12
1 tablespoon red chili pepper flakes,12
1 cup turkey gravy,12
1 ml apricot jam,12
1 giblets,12
1 cup chanterelle mushrooms,12
1 cup shiso,12
1 pack pudding,12
1 count clam,12
1 oz thyme,12
1 lb oyster mushroom,12
1 g watercress,12
1 cup gingersnap cookie,12
1 oz phyllo pastry,12
1 g rye flour,12
1 oz wheat noodles,12
1 oz galliano,12
1 oz semi-sweet chocolate,12
1 cup buttercream,12
1 cup dry white wine,12
1 bottle club soda,12
1 stalk thyme,12
1 oz pastrami,12
1 cup sunflower seeds,12
1 oz pork fat,12
1 teaspoon garlic and red chile paste,12
1 cup fermented black beans,12
1 ml curry powder,12
1 tablespoon kitchen bouquet,12
1 pack sugar snap peas,12
1 vegetable shortening,12
1 cup spring greens,12
1 oz fish sauce,12
1 ml soy milk,12
1 g rolled oats,12
1 g marzipan,12
1 teaspoon pomegranate seeds,12
1 oz cocoa powder,12
1 l white wine,12
1 pack ramen,12
1 tablespoon treacle,12
1 ml sesame oil,12
1 oz greens,12
1 teaspoon chickpea flour,12
1 tablespoon spaghetti sauce,12
1 box peas,12
1 lb bass,12
1 lb romaine lettuce,12
1 oz sea bass,12
1 cup chestnut mushroom,12
1 cup hot pepper,12
1 ml tomato juice,12
1 cup green chili pepper,12
1 tablespoon duck fat,12
1 tablespoon french dressing,12
1 cup stilton cheese,12
1 oz coleslaw mix,12
1 cup balsamic reduction,12
1 oz avocado,12
1 sherry,12
1 piece fish,12
1 pack whipped topping,12
1 teaspoon pizza seasoning,12
1 oz dill,12
1 lb whole wheat pasta,12
1 tablespoon vegan butter,12
1 jar orange marmalade,12
1 cup broccolini,12
1 pimento,12
1 teaspoon lime,11
1 cup sweet vermouth,11
1 oz chives,11
1 cup vegan cheese,11
1 oz queso fresco,11
1 tablespoon ancho chili,11
1 ml maple syrup,11
1 cup orange zest,11
1 ml kahlua,11
1 tablespoon passion fruit,11
1 g bittersweet chocolate,11
1 g khoya,11
1 anise seed,11
1 tablespoon clarified butter,11
1 cup beet greens,11
1 cup bolognese sauce,11
1 lb gruyere,11
1 tablespoon masa,11
1 tablespoon ham,11
1 burdock root,11
1 tablespoon biryani masala,11
1 tablespoon anise extract,11
1 curry paste,11
1 cup tater tots,11
1 turkey thigh,11
1 tablespoon mango,11
1 oz sesame seeds,11
1 lb sweet Italian sausage,11
1 pack black-eyed peas,11
1 oz Southern Comfort,11
1 cup Italian salad dressing,11
1 cup bacon grease,11
1 tart crust,11
1 can whipped cream,11
1 tablespoon leek,11
1 box macaroni and cheese,11
1 sambal oelek,11
1 can mango,11
1 bag onion,11
1 oz semolina,11
1 cup stout,11
1 lb masa harina,11
1 lb apples,11
1 g clove,11
1 herbes de provence,11
1 oz silken tofu,11
1 ml midori,11
1 cup agave syrup,11
1 tablespoon olive tapenade,11
1 sheet pastry dough,11
1 pork rib chop,11
1 roll bread,11
1 sprig chervil,11
1 oz asadero cheese,11
1 ml mirin,11
1 g urad dal,11
1 haddock,11
1 tablespoon garlic ginger paste,11
1 lb mung bean sprouts,11
1 pack blue cheese,11
1 kombu,11
1 italian dressing,11
1 bag romaine lettuce,11
1 oz drambuie,11
1 cup liquid smoke,11
1 bottle taco sauce,11
1 oz mung bean sprouts,11
1 tablespoon shichimi togarashi,11
1 cup nori,11
1 orange blossom water,11
1 tablespoon picante sauce,11
1 tablespoon breadcrumbs,11
1 snails,11
1 lb chanterelle mushrooms,11
1 pork feet,11
1 scotch bonnet,11
1 g oyster mushroom,11
1 oz stock,11
1 cola,11
1 cup clam,11
1 g ginger garlic paste,11
1 oz broth,11
1 pint coffee ice cream,11
1 tablespoon dry vermouth,11
1 oz chicken sausage,11
1 tablespoon egg,11
1 cup curly endive,11
1 ml whiskey,11
1 set pizza dough,11
1 tablespoon salsa verde,11
1 box rigatoni,11
1 tablespoon southwest seasoning,11
1 cup gluten,11
1 cup instant rice,11
1 cup madeira wine,11
1 porcini mushrooms,11
1 cup leafy greens,11
1 tablespoon almond oil,11
1 pack brownie mix,11
1 oz brown rice,11
1 oz beef consomme,11
1 oz banana cream,11
1 cup pear nectar,11
1 tablespoon demi-glace,11
1 lb banana,11
1 breadsticks,11
1 pack shirataki noodles,11
1 oz wood ear mushroom,11
1 kg chicken wings,11
1 oz corn chips,11
1 g chives,11
1 cup piloncillo,11
1 cup heart of palm,11
1 oz meat,11
1 cup cherry pepper,11
1 cup Chinese sausage,11
1 celery seed,11
1 tablespoon sazon,11
1 ml rice vinegar,11
1 pack cheese blend,11
1 ml espresso,11
1 lemonade,11
1 pastry crust,11
1 tablespoon fermented bean curd,11
1 chicken carcass,11
1 cup graham cracker,11
1 quart apple cider vinegar,11
1 tablespoon annatto oil,11
1 red chili peppers,11
1 oz half and half,11
1 leaf Chinese cabbage,11
1 tablespoon cayenne pepper sauce,11
1 can tamale,11
1 teaspoon sriracha sauce,11
1 tablespoon Sichuan peppercorn,11
1 oz caramel,11
1 pack asparagus,11
1 oz turkey pepperoni,11
1 chocolate sprinkles,11
1 pack vermicelli,11
1 lb dried fruit,11
1 oz tonic water,11
1 teaspoon gochujang,11
1 cup cavatappi,11
1 anaheim chile,11
1 lb pasta shells,11
1 pack shiitake mushroom,11
1 kg meat,11
1 bar tempeh,11
1 white wine vinegar,11
1 tablespoon pasta sauce,11
1 lb snap peas,11
1 spare ribs,11
1 oz lo mein,11
1 lb edamame,11
1 vegetables,11
1 guajillo pepper,11
1 lb cantaloupe,11
1 g parsnip,11
1 tablespoon peanut sauce,11
1 lb pea,11
1 g navy bean,11
1 pork hock,11
1 tablespoon star anise,11
1 jar cheese spread,11
1 lb hake,11
1 lb ribeye steak,11
1 bacon bits,11
1 bag coconut,11
1 cup tempeh,11
1 oz edamame,11
1 teaspoon butter flavor,11
1 ciabatta roll,11
1 g stilton cheese,11
1 bunch greens,11
1 phyllo dough,11
1 lb turkey thigh,11
1 candy bar,11
1 tomato juice,11
1 g lamb shoulder,11
1 tablespoon vanilla bean paste,11
1 oz radish,11
1 handful raisin,11
1 oz crème de cassis,11
1 lb rib roast,11
1 cup orange drink mix,11
1 oz beef gravy,11
1 cup cocoyam,11
1 tablespoon summer savory,11
1 egg substitute,11
1 bottle rum,11
1 cup protein powder,11
1 g baking soda,11
1 cup coconut rum,11
1 oz diced potatoes,11
1 tablespoon pizza seasoning,11
1 cup pimento,11
1 lb beef sirloin steak,11
1 can broth,11
1 cup tartar sauce,11
1 lb nectarine,11
1 soft-shell crab,11
1 g dill,11
1 lb beef round,11
1 piece turmeric,11
1 lb fillet,11
1 tablespoon brown bean sauce,11
1 cup lemon peel,11
1 jar red bell pepper,11
1 cup olive tapenade,11
1 lb flat iron steak,11
1 slice eggplant,11
1 bunch fenugreek leaves,11
1 cannoli shells,10
1 cup marshmallow cream,10
1 g pork tenderloin,10
1 cup gnocchi,10
1 slice pork,10
1 g blackberry,10
1 slice red pepper,10
1 oz pork and beans,10
1 slice pita,10
1 cup corn husk,10
1 l coconut milk,10
1 Creole seasoning,10
1 tablespoon grape seed oil,10
1 tablespoon recaito,10
1 oz pigeon peas,10
1 linguine,10
1 kg butternut squash,10
1 lb great northern beans,10
1 sauerkraut,10
1 dash sherry,10
1 lb beef tongue,10
1 cup bone broth,10
1 g turnip,10
1 ml ghee,10
1 box egg substitute,10
1 pack mostaccioli,10
1 lb long beans,10
1 tablespoon vegetarian oyster sauce,10
1 tablespoon pork fat,10
1 cream of mushroom soup,10
1 tamale,10
1 teaspoon cheese,10
1 oz rice flour,10
1 cup seaweed,10
1 lb cranberry bean,10
1 oz chili powder,10
1 box processed cheese,10
1 teaspoon emeril's original essence,10
1 can lime,10
1 tablespoon cacao nibs,10
1 gallon peanut oil,10
1 cup goji berry,10
1 cup cream of chicken soup,10
1 cup whole wheat pasta,10
1 cup Chinese cooking wine,10
1 oz ricotta cheese,10
1 teaspoon pomegranate molasses,10
1 ml cocoa cream,10
1 turkey giblets,10
1 stock cube,10
1 cup worcestershire sauce,10
1 maggi seasoning,10
1 cup raspberry vinaigrette,10
1 tablespoon kaffir lime leaf,10
1 cup yardlong beans,10
1 teaspoon black bean sauce,10
1 pack enoki mushroom,10
1 oz jicama,10
1 cup tapenade,10
1 cup cajun seasoning,10
1 oz chili beans,10
1 sprouts,10
1 tablespoon chipotle adobo sauce,10
1 cup peach jam,10
1 tablespoon dark chocolate,10
1 box stuffing mix,10
1 ramps,10
1 ml turmeric,10
1 pasta water,10
1 lb endive,10
1 oz pizza crust,10
1 lb chicken drumette,10
1 black mushroom,10
1 quart tomato juice,10
1 cup preserves,10
1 refried beans,10
1 pack colby monterey jack cheese,10
1 beef ribs,10
1 cup red rice,10
1 oz morel mushroom,10
1 tablespoon cointreau,10
1 teaspoon amaretto,10
1 tablespoon ginger syrup,10
1 tablespoon coffee creamer,10
1 cup anaheim chili,10
1 tablespoon calamansi juice,10
1 kg kingfish,10
1 cup salad mix,10
1 oz corn syrup,10
1 aluminum foil,10
1 teaspoon serrano chili,10
1 piece lemon peel,10
1 cup chocolate wafer crumbs,10
1 lb beef top round steak,10
1 stalk curry leaves,10
1 sriracha sauce,10
1 g pork shoulder,10
1 chipotle pepper in adobo sauce,10
1 g crab,10
1 pattypan squash,10
1 lb pork rind,10
1 chilean sea bass,10
1 tomatillo salsa,10
1 cup grapefruit,10
1 oz snap peas,10
1 can apricot nectar,10
1 can ginger ale,10
1 cup coffee ice cream,10
1 teaspoon tapioca starch,10
1 tomato salsa,10
1 cup frozen vegetables,10
1 ml powdered sugar,10
1 g curd,10
1 lb beef suet,10
1 applesauce,10
1 cup chihuahua cheese,10
1 g whipping cream,10
1 teaspoon kaffir lime zest,10
1 g cilantro,10
1 cup white bean,10
1 cup tandoori paste,10
1 lb yogurt,10
1 lb pork shank,10
1 teaspoon kirsch,10
1 cup beef drippings,10
1 lb pastrami,10
1 teaspoon whipping cream,10
1 ml cream liqueur,10
1 tablespoon fruit chutney,10
1 tabasco sauce,10
1 lemon-lime soda,10
1 jar lemon curd,10
1 tablespoon spice blend,10
1 cup fish broth,10
1 lb fontina cheese,10
1 g provolone cheese,10
1 g tahini,10
1 teaspoon pickapeppa sauce,10
1 cup green curry paste,10
1 lb conch,10
1 bottle ginger ale,10
1 cup banana liqueur,10
1 tablespoon goji berry,10
1 oz ginger ale,10
1 teaspoon black gram,10
1 beef gravy,10
1 tablespoon granola,10
1 pork shank,10
1 linguica,10
1 oz peanut oil,10
1 oz baked beans,10
1 oatmeal,10
1 tablespoon seasoning blend,10
1 oz pepperoncini,10
1 can condensed French onion soup,10
1 can lemonade,10
1 teaspoon chipotle sauce,10
1 can cream of shrimp soup,10
1 plum sauce,10
1 semolina,10
1 cup purslane,10
1 leaf gelatin,10
1 cup ham stock,10
1 cup ranch dip,10
1 slice peach,10
1 cassava,10
1 chocolate wafer cookie,10
1 teaspoon heavy cream,10
1 oz fava bean,10
1 tablespoon chipotle chili powder,10
1 g bread flour,10
1 dash food coloring,10
1 jar raspberry jam,10
1 tube crescent roll,10
1 quart apple juice,10
1 lb cashew,10
1 oz elderflower liqueur,10
1 nuoc cham,10
1 cup instant tea,10
1 pack biscuit dough,10
1 spring roll wrappers,10
1 ml skim milk,10
1 white fish fillet,10
1 cup coleslaw dressing,10
1 ml advocaat,10
1 cup spring mix,10
1 oz tomato basil pasta sauce,10
1 bag brown rice,10
1 cup corn tortilla,10
1 corn flakes,10
1 tablespoon pearl barley,10
1 kg duck,10
1 teaspoon jalapeno sauce,10
1 box tofu,10
1 oz canned tomatoes with green chilies,10
1 lb soppressata,10
1 cup stevia,10
1 g olives,10
1 bechamel sauce,10
1 lb havarti cheese,10
1 bunch sorrel,10
1 cup angel hair pasta,10
1 kg rice,10
1 piece flatbread,10
1 piece beef,10
1 duck egg,10
1 wood ear mushroom,10
1 teaspoon green chile pepper,10
1 parsley root,10
1 piece chili pepper,10
1 g garam masala,10
1 pack italian sausage,10
1 tablespoon sambar powder,10
1 cup sesame,10
1 inch kombu,10
1 tin coconut milk,10
1 tablespoon ranch seasoning,10
1 tablespoon chipotle in adobo,10
1 cup anchovies,10
1 pretzel,10
1 can lychee,10
1 cup fusilli,10
1 pack cellophane noodles,10
1 lb bologna,10
1 cup cayenne pepper sauce,10
1 cup baking soda,10
1 ml lamb stock,10
1 lemon verbena,10
1 cup mostaccioli,10
1 l club soda,10
1 cup buffalo wing sauce,10
1 dried lime,10
1 jar chili sauce,10
1 sheet matzo,10
1 tablespoon nut butter,10
1 oz rice vinegar,10
1 bottle lemon-lime soda,10
1 oz bonito flakes,10
1 g white chocolate chips,10
1 g cardamom,10
1 italian dressing mix,10
1 tablespoon apple,10
1 g brie cheese,10
1 lb lasagna noodles,10
1 tablespoon swiss cheese,10
1 wedge orange,10
1 tablespoon papaya,10
1 galangal,10
1 teaspoon potassium nitrate,10
1 cup red wine vinaigrette,10
1 stalk mint,10
1 count flour tortilla,10
1 oz rye bread,10
1 tablespoon soy flour,10
1 tablespoon lemon extract,10
1 oz kirsch,10
1 lb semisweet chocolate,10
1 cup rock sugar,10
1 cup khoya,10
1 cup vanilla,10
1 quart yogurt,10
1 coconut pecan frosting,10
1 cup yellow lentils,10
1 bottle salsa,10
1 lb gai lan,10
1 pint wine,10
1 ml bread crumbs,10
1 pack white chocolate,10
1 relish,10
1 count tortilla,10
1 cup shimeji mushrooms,10
1 tablespoon red chili pepper,10
1 teaspoon mango chutney,9
1 cup spelt,9
1 calamari,9
1 sparkling water,9
1 cup chipotle,9
1 pack bread dough,9
1 cup citron peel,9
1 cup cayenne pepper,9
1 g golden syrup,9
1 pack caramel,9
1 cup snow pea,9
1 oz swiss chard,9
1 can black bean,9
1 teaspoon thai chili paste,9
1 beef heart,9
1 cup shredded cheese,9
1 tablespoon chili garlic paste,9
1 cup dandelion greens,9
1 pack dinner roll,9
1 edible flowers,9
1 pickled jalapeno,9
1 cup pickling spice,9
1 ml sugar syrup,9
1 cup cashew cream,9
1 box broccoli,9
1 cup pan drippings,9
1 pack pepper jack cheese,9
1 cup serrano ham,9
1 teaspoon seasoning blend,9
1 tablespoon monterey jack cheese,9
1 cup crushed tomatoes,9
1 cup tomato basil sauce,9
1 mulato chili,9
1 slice pound cake,9
1 tablespoon yuzu juice,9
1 cup capsicum,9
1 lb arborio rice,9
1 teaspoon bacon drippings,9
1 oz white fish fillet,9
1 pack lima beans,9
1 pack Italian sausage,9
1 cup citron,9
1 jar cheese,9
1 box brownie mix,9
1 cup dry milk,9
1 lb oyster,9
1 pack cookie dough,9
1 piece potato,9
1 ml cognac,9
1 ml sweetened condensed milk,9
1 candied fruit,9
1 quart oyster,9
1 teaspoon rose essence,9
1 oz pico de gallo,9
1 oz provolone,9
1 tablespoon jalapeno sauce,9
1 cup baked beans,9
1 can bell pepper,9
1 g ground chicken,9
1 oz fish fillet,9
1 cup comte cheese,9
1 pack lettuce,9
1 g tortilla chips,9
1 cup coconut juice,9
1 can turkey,9
1 teaspoon sansho,9
1 alfalfa sprouts,9
1 collard greens,9
1 oz dough,9
1 tablespoon seasoned salt,9
1 tablespoon xanthan gum,9
1 teaspoon pepperoncini,9
1 pack ranch dip mix,9
1 teaspoon garlic oil,9
1 tablespoon barbecue seasoning,9
1 pasta dough,9
1 tablespoon moroccan seasoning,9
1 slice capicola,9
1 g banana,9
1 cup bloody mary mix,9
1 oz red curry paste,9
1 oz phyllo dough,9
1 teaspoon moroccan seasoning,9
1 tablespoon red chili,9
1 pack gyoza wrappers,9
1 lb veal shank,9
1 teaspoon cheddar cheese,9
1 tablespoon cherry,9
1 cup raw cane sugar,9
1 cup chinese chives,9
1 teaspoon chocolate,9
1 pack butterscotch chips,9
1 tablespoon stevia,9
1 pack vanilla sugar,9
1 g speck,9
1 cup graham flour,9
1 beef bone,9
1 cup ricotta salata,9
1 knockwurst,9
1 can snails,9
1 handful parmesan cheese,9
1 teaspoon green pepper sauce,9
1 evaporated milk,9
1 slab bacon,9
1 quart cabbage,9
1 jar processed cheese,9
1 can kidney bean,9
1 cup nut,9
1 tablespoon brine,9
1 tablespoon lemon balm,9
1 dash wine,9
1 cup black currant,9
1 tablespoon green onions,9
1 can coca cola,9
1 g orange peel,9
1 g roquefort cheese,9
1 pumpkin seeds,9
1 ml strawberry liqueur,9
1 teaspoon sesame seed,9
1 oz wonton wrappers,9
1 oz turnip,9
1 cup mixed peel,9
1 quart onion,9
1 pack broccoli slaw,9
1 cup lemon zest,9
1 cup bread starter,9
1 pack silken tofu,9
1 lb spaghetti squash,9
1 lb chicken drumettes,9
1 cup gelatin,9
1 tablespoon cocoa cream,9
1 pack butternut squash,9
1 cup shredded four cheese,9
1 cup kasseri cheese,9
1 cup sesame paste,9
1 g peanut butter,9
1 oz great northern bean,9
1 beef eye round,9
1 gallon ice cream,9
1 tablespoon peach preserves,9
1 teaspoon ancho chili pepper,9
1 piece celery,9
1 pack basil,9
1 lb romano cheese,9
1 mixed berries,9
1 ml coconut,9
1 oz sugar syrup,9
1 oz baby greens,9
1 lb gemelli pasta,9
1 can rotel,9
1 oz calamari,9
1 vegetable stock cube,9
1 bag edamame,9
1 g egg yolk,9
1 cup creamed corn,9
1 oz guajillo chile,9
1 dry rub,9
1 piece chocolate,9
1 tablespoon gravy,9
1 oz skirt steak,9
1 inch pastry shells,9
1 sea salt and black pepper,9
1 cup green chili sauce,9
1 oz barley,9
1 piece tamarind,9
1 l rum,9
1 poultry seasoning,9
1 pack French onion soup mix,9
1 oz apricot jam,9
1 tablespoon coconut rum,9
1 tablespoon panko,9
1 cup green chile sauce,9
1 teaspoon potato flour,9
1 kg corned beef,9
1 can pink beans,9
1 pack andouille sausage,9
1 lb beef sirloin tip,9
1 oz capicola,9
1 rice cake,9
1 oz pearl barley,9
1 tablespoon soybean oil,9
1 oz pimiento,9
1 roux,9
1 sprig herbs,9
1 teaspoon simple syrup,9
1 ranch dip,9
1 cup wax bean,9
1 lb angel hair pasta,9
1 tablespoon lentil,9
1 ml garlic,9
1 box chicken stock,9
1 tortellini,9
1 dash coriander,9
1 teaspoon lemon thyme,9
1 g cherry tomato,9
1 pierogi,9
1 oz cherries,9
1 cookies,9
1 pack ground beef,9
1 grenadine,9
1 teaspoon bitters,9
1 cup kefir,9
1 lb chicken bones,9
1 bread dough,9
1 cup za'atar,9
1 tablespoon cream of tartar,9
1 cup honeydew,9
1 chile de arbol,9
1 cup hazelnut meal,9
1 lb tortilla chips,9
1 oz candied orange peel,9
1 lb lo mein,9
1 rennet,9
1 cup cider,9
1 g watermelon,9
1 teaspoon red chili powder,9
1 teaspoon coriander powder,9
1 cup frangelico,9
1 cup mole sauce,9
1 cup mizuna,9
1 pack sour cream,9
1 tablespoon meringue powder,9
1 g fennel seed,9
1 cup kalamata olives,9
1 edible flower,9
1 kg beef mince,9
1 caramel sauce,9
1 tablespoon almond liqueur,9
1 beef shank,9
1 g garlic chives,9
1 pack chocolate wafer cookie,9
1 teaspoon chipotle in adobo,9
1 oz glass noodles,9
1 box phyllo dough,9
1 slice sourdough bread,9
1 cup Russian dressing,9
1 kg zucchini,9
1 tablespoon wheat bran,9
1 lb turnip greens,9
1 oz Worcestershire sauce,9
1 g celeriac,9
1 can red pepper,9
1 oz top sirloin steak,9
1 oz camembert,9
1 gnocchi,9
1 tablespoon pine nuts,9
1 oz cheese blend,9
1 slice butter,9
1 lb white chocolate,9
1 can olives,9
1 tablespoon olive brine,9
1 g paprika,9
1 tablespoon garlic butter,9
1 cup strawberry ice cream,9
1 box linguine,9
1 oz roast beef,9
1 tablespoon apple juice concentrate,9
1 gallon tomato,9
1 whole wheat flour,9
1 oz cake mix,9
1 teaspoon barbecue sauce,9
1 cup fudge,9
1 lb beef steak,9
1 ml vermouth,9
1 oz crawfish,9
1 cup lamb's lettuce,9
1 teaspoon juice,9
1 gooseberry,9
1 spearmint,9
1 cup jerk seasoning,9
1 teaspoon biryani masala,9
1 slab pork ribs,9
1 oz guajillo chili,9
1 g red pepper,9
1 g snow pea sprouts,9
1 g bulgur,9
1 buttermilk biscuits,9
1 cup turkey drippings,9
1 chickpea,9
1 g udon,9
1 cup ramen noodles,9
1 jar tomato basil sauce,9
1 cup duck sauce,9
1 yellow pepper,9
1 dash red wine vinegar,9
1 cup five-spice powder,9
1 teaspoon walnut oil,9
1 oz guava nectar,9
1 g taco seasoning,9
1 box cream cheese,9
1 cup sambal oelek,9
1 cup gooseberry,9
1 lb hominy,9
1 lb sirloin tip,9
1 tablespoon mace,9
1 breadcrumb,9
1 box penne,9
1 cup onion powder,9
1 ml custard,9
1 tablespoon cooking fat,9
1 piece cucumber,9
1 cup Muenster cheese,9
1 kg mango,9
1 oz farmer cheese,9
1 cup chinese broccoli,9
1 beef rump roast,9
1 walleye,9
1 salami,9
1 oz jack cheese,9
1 g milk powder,9
1 tablespoon chinkiang vinegar,9
1 oz bratwurst,9
1 lb shortcrust pastry,9
1 octopus,9
1 cup bottle gourd,9
1 g jasmine rice,9
1 lb shark,9
1 quart spaghetti sauce,9
1 teaspoon red currant jelly,9
1 tablespoon angostura bitters,9
1 lb bread dough,9
1 can coca-cola,9
1 can cream of onion soup,9
1 quart coffee ice cream,9
1 avocado leaf,9
1 tablespoon porcini mushrooms,9
1 teaspoon panch phoron,9
1 leaf pandan,9
1 ml caster sugar,9
1 tablespoon macadamia nut oil,9
1 teaspoon tarragon vinegar,8
1 handful tortilla chips,8
1 cup sesame ginger dressing,8
1 tomatoes,8
1 lb caribou,8
1 bunch herbs,8
1 can margarita mix,8
1 cup honey barbecue sauce,8
1 teaspoon chicken seasoning,8
1 box rotini,8
1 tablespoon marsala,8
1 bbq sauce,8
1 ml rice,8
1 oz pisco,8
1 tablespoon tomato broth,8
1 cup starch,8
1 g brown rice,8
1 bag tater tots,8
1 cup white sauce,8
1 tablespoon jerk sauce,8
1 ml black pepper,8
1 pack baby greens,8
1 pack instant pudding,8
1 pack potatoes,8
1 bottle apple cider,8
1 lb gouda cheese,8
1 sheet lasagna,8
1 teaspoon pickled ginger,8
1 cup chili garlic sauce,8
1 piece prosciutto,8
1 cup beet juice,8
1 cup oaxaca cheese,8
1 teaspoon chipotle hot sauce,8
1 bag baby greens,8
1 g oregano,8
1 currants,8
1 lb mixed greens,8
1 wrap,8
1 tablespoon smoked paprika,8
1 cup barberry,8
1 pack salmon,8
1 pack bell pepper,8
1 bag green beans,8
1 cup biscuit baking mix,8
1 tablespoon jelly,8
1 oz cream of celery soup,8
1 tablespoon crème de cassis,8
1 cup pickled jalapeno,8
1 bag earl grey tea,8
1 oz green chile,8
1 pomfret,8
1 fish ball,8
1 cup cream of rice,8
1 teaspoon chili seasoning,8
1 cup strawberry syrup,8
1 slice mortadella,8
1 teaspoon rice,8
1 lb Chinese cabbage,8
1 g lardon,8
1 lb pecorino cheese,8
1 cup candied lemon peel,8
1 oz tia maria,8
1 tablespoon ancho chile,8
1 cup turmeric,8
1 pack kidney beans,8
1 tablespoon chili peppers,8
1 bag tortellini,8
1 quart popcorn,8
1 pack bean thread noodles,8
1 cup tobiko,8
1 handful lettuce,8
1 g ketchup,8
1 cup rye bread,8
1 pack pita,8
1 lb hot dog,8
1 pack shirataki,8
1 tablespoon cabbage,8
1 teaspoon mustard oil,8
1 handful peanut,8
1 tablespoon polenta,8
1 potato roll,8
1 cup veal,8
1 pack american cheese,8
1 ml nutmeg,8
1 cup mincemeat,8
1 oz snapper,8
1 garlic pepper seasoning,8
1 inch oil,8
1 pack lentil,8
1 bottle hot pepper sauce,8
1 tablespoon ancho chili pepper,8
1 tablespoon apple jelly,8
1 cup rice cake,8
1 pickled plum,8
1 tablespoon tobiko,8
1 tablespoon apple butter,8
1 teaspoon apple juice,8
1 lb beef heart,8
1 piece sun-dried tomato,8
1 cup guava paste,8
1 g amaretti,8
1 lb beef rump roast,8
1 cup lamb broth,8
1 jar caramel,8
1 lb tri-tip,8
1 cup berbere,8
1 bag marshmallow,8
1 lb provolone,8
1 oz daikon radish,8
1 tablespoon sweet relish,8
1 tablespoon mint sauce,8
1 g candied fruit,8
1 teaspoon cayenne pepper sauce,8
1 tablespoon madras curry paste,8
1 oz dark chocolate chips,8
1 cup dried mango,8
1 l vinegar,8
1 cup jelly,8
1 box tomato,8
1 g pork fat,8
1 teaspoon coffee extract,8
1 tablespoon bittersweet chocolate,8
1 cup pisco,8
1 pack butterscotch pudding mix,8
1 tablespoon marinara sauce,8
1 teaspoon coconut essence,8
1 pack cracker,8
1 tablespoon jalapeno pepper juice,8
1 lb duck breast,8
1 whole grain bun,8
1 leaf epazote,8
1 green peas,8
1 tablespoon coconut vinegar,8
1 box wild rice,8
1 teaspoon rennet,8
1 cup acorn squash,8
1 cup black rice,8
1 oz jalapeno jack cheese,8
1 sweetened condensed milk,8
1 cup key lime juice,8
1 cup lemon vinaigrette,8
1 stalk broccoli,8
1 tablespoon flaxseed oil,8
1 beef top sirloin,8
1 bar milk chocolate,8
1 tablespoon tikka masala paste,8
1 wheat flour,8
1 cup chili peppers,8
1 chive blossoms,8
1 lb plantain,8
1 cup marjoram,8
1 leaf parsley,8
1 tablespoon black cumin,8
1 lb king crab,8
1 cup candied citron peel,8
1 count garlic,8
1 pack pesto,8
1 tablespoon avocado,8
1 cup pastina,8
1 oz horseradish,8
1 tablespoon tofu,8
1 cup pepper jelly,8
1 oz mostaccioli,8
1 cup epazote,8
1 vegetable,8
1 partridge,8
1 lb black olive,8
1 bar white chocolate,8
1 breadfruit,8
1 pack crescent roll dough,8
1 cup alphabet pasta,8
1 crab meat,8
1 gallon chicken broth,8
1 tablespoon cooking oil,8
1 sea bream,8
1 cup whey,8
1 slice veal,8
1 sheet pie crust,8
1 tablespoon horseradish mustard,8
1 tablespoon rose syrup,8
1 teaspoon chile de árbol,8
1 can vegetable stock,8
1 crema,8
1 lb pork neck,8
1 tablespoon cocktail sauce,8
1 vodka,8
1 shortbread cookie,8
1 ml sweet chili sauce,8
1 slice corned beef,8
1 count tomato,8
1 cup biscuit crumbs,8
1 tablespoon caviar,8
1 lb leafy greens,8
1 oz split peas,8
1 bitter gourd,8
1 tablespoon tandoori spice mix,8
1 pack lemon pudding mix,8
1 lb daikon,8
1 teaspoon jam,8
1 tablespoon chocolate sprinkles,8
1 lb razor clam,8
1 oz morel,8
1 cup steak,8
1 slice roast beef,8
1 tablespoon maltose,8
1 lb poppy seed,8
1 lb fatback,8
1 kg cauliflower,8
1 piece kelp,8
1 pumpernickel bread,8
1 bag cauliflower,8
1 kg yogurt,8
1 ml paprika,8
1 teaspoon broth,8
1 piece parmesan cheese,8
1 teaspoon earl grey tea,8
1 oz rib eye steak,8
1 tablespoon flax,8
1 lb turkey tenderloin,8
1 dash mustard,8
1 jelly,8
1 cup biscuit,8
1 bag lima bean,8
1 cup shiitake mushrooms,8
1 tablespoon blueberries,8
1 cup fruit chutney,8
1 g black beans,8
1 tablespoon lemon verbena,8
1 slice muenster cheese,8
1 pack swiss cheese,8
1 teaspoon vegetable shortening,8
1 piece mozzarella cheese,8
1 l vodka,8
1 pack fresh cheese,8
1 tablespoon green pepper sauce,8
1 teaspoon agave syrup,8
1 oz sole,8
1 cup chipotle sauce,8
1 tablespoon anisette,8
1 g custard,8
1 can green chiles,8
1 oz soda,8
1 tablespoon korma paste,8
1 lb bluefish,8
1 teaspoon orange,8
1 pack vegetable soup mix,8
1 cup lager,8
1 pint cottage cheese,8
1 cup vanilla extract,8
1 lb sour cream,8
1 cup tomato chutney,8
1 teaspoon sweet soy sauce,8
1 oz green chile pepper,8
1 quart lettuce,8
1 lb pearl onion,8
1 dash saffron,8
1 tablespoon madeira wine,8
1 g mustard seed,8
1 teaspoon Chinese cooking wine,8
1 teaspoon espresso,8
1 can ham,8
1 cup strawberry sauce,8
1 sprig savory,8
1 ribeye steak,8
1 lb self raising flour,8
1 g swiss cheese,8
1 can green chile enchilada sauce,8
1 lemon leaf,8
1 pork fillet,8
1 simple syrup,8
1 tablespoon sambuca,8
1 cup whey protein,8
1 box vanilla cake mix,8
1 oz wild rice,8
1 slice vegetarian bacon,8
1 oz fennel,8
1 pandan,8
1 oz french fries,8
1 l whole milk,8
1 oz almond,8
1 tablespoon salmon roe,8
1 l beef broth,8
1 pack gravy mix,8
1 box chocolate pudding mix,8
1 g jaggery,8
1 turkey carcass,8
1 teaspoon spice blend,8
1 green cardamom,8
1 g citric acid,8
1 kg okra,8
1 cup shrimp shells,8
1 oz butterscotch chips,8
1 oz buckwheat noodles,8
1 ginger snap,8
1 bunch chervil,8
1 g red lentils,8
1 bottle red bell pepper,8
1 cup jalapeno jack cheese,8
1 teaspoon bouillon powder,8
1 tablespoon aleppo pepper,8
1 oz graham crackers,8
1 ml cream cheese,8
1 oz pate,8
1 teaspoon southwest seasoning,8
1 can bamboo shoot,8
1 tablespoon raspberry,8
1 kg pork belly,8
1 kg octopus,8
1 g allspice,8
1 g mixed peel,8
1 teaspoon adobo,8
1 oz red snapper,8
1 lb muenster cheese,8
1 g beef chuck steak,8
1 ml onion,8
1 tablespoon maple sugar,8
1 teaspoon herb mix,8
1 handful bean sprouts,8
1 oz sweet chili sauce,8
1 cup duck,8
1 french dressing,8
1 pack strawberry gelatin,8
1 ml almonds,8
1 tablespoon artificial sweetener,8
1 pack blueberries,8
1 ml Grand Marnier,8
1 tablespoon red pepper powder,8
1 camembert,8
1 Fresno chile,8
1 pint white wine,8
1 pack saltine crackers,8
1 oz semisweet chocolate chips,8
1 tablespoon awamori,8
1 jar chestnut,8
1 box devil's food cake mix,8
1 shishito pepper,8
1 cup coconut powder,8
1 meat tenderizer,8
1 cup chocolate curls,8
1 oz edam cheese,8
1 brie,8
1 tablespoon kasoori methi,8
1 oz white chocolate chips,8
1 oz macadamia nut,8
1 box pie crust,8
1 cup cake flour,8
1 quart cucumber,8
1 yucca,8
1 oz white chocolate liqueur,8
1 ml sake,8
1 anise,8
1 cup chia seeds,8
1 g black-eyed peas,8
1 cup quinoa flour,8
1 teaspoon marmite,8
1 oz porcini mushroom,8
1 g sauerkraut,8
1 oz molasses,8
1 ml clove,8
1 oz sesame oil,8
1 oz golden syrup,8
1 cup sweet potato starch,8
1 slice carrot,8
1 cup tempura batter,8
1 quart pineapple juice,8
1 top sirloin steak,8
1 jar clam juice,7
1 handful thyme,7
1 lb green chili,7
1 slider roll,7
1 kg ground beef,7
1 pack frozen vegetables,7
1 tablespoon chipotle pepper sauce,7
1 l apple juice,7
1 hero roll,7
1 lb jarlsberg cheese,7
1 tablespoon pectin,7
1 oz cavatappi,7
1 cup candied orange peel,7
1 kg pork shoulder,7
1 teaspoon raspberry jam,7
1 rhubarb,7
1 citrus zest,7
1 tablespoon brown rice syrup,7
1 teaspoon egg white,7
1 oreo,7
1 tablespoon sambar masala,7
1 cup lychee,7
1 can lentils,7
1 tablespoon coconut milk powder,7
1 tablespoon skim milk powder,7
1 cup neufchatel cheese,7
1 g miso,7
1 oz linguica,7
1 cup fudge sauce,7
1 g almond paste,7
1 cup goat milk,7
1 cup honey mustard dressing,7
1 teaspoon golden syrup,7
1 g cornmeal,7
1 cup zwieback,7
1 escarole,7
1 teaspoon horseradish cream,7
1 dash tabasco sauce,7
1 teaspoon red food coloring,7
1 tortilla strips,7
1 oz tomato soup,7
1 licorice,7
1 head napa cabbage,7
1 g farfalle,7
1 g ground mutton,7
1 oz apricot preserves,7
1 piece veal,7
1 whole milk,7
1 tablespoon vanilla custard powder,7
1 apple cider,7
1 oz celeriac,7
1 tablespoon sherry wine vinegar,7
1 bottle balsamic vinaigrette,7
1 kg green beans,7
1 oz ginger beer,7
1 colby monterey jack cheese,7
1 cup oil and vinegar dressing,7
1 cup peanut flour,7
1 tablespoon liquor,7
1 tablespoon pecorino,7
1 soup mix,7
1 ml grapefruit juice,7
1 pie dough,7
1 ml cumin,7
1 dash italian seasoning,7
1 handful green onion,7
1 button mushroom,7
1 cup broccoli coleslaw mix,7
1 bag popcorn,7
1 pack spring roll wrappers,7
1 pack mixed greens,7
1 g galangal,7
1 cup brown mustard,7
1 biscotti,7
1 stalk fennel,7
1 oz rolled oats,7
1 teaspoon buttermilk,7
1 oz mussels,7
1 oz syrup,7
1 leaf bok choy,7
1 bolillo,7
1 cup peppermint candy,7
1 cup dill pickle relish,7
1 teaspoon erythritol,7
1 cube fish bouillon,7
1 g orange juice,7
1 g barley,7
1 tablespoon raisins,7
1 pack yakisoba noodles,7
1 g tomatillo,7
1 challah,7
1 piece pizza dough,7
1 tablespoon red bell pepper,7
1 cup nopal,7
1 oz green pepper,7
1 lb pork feet,7
1 pack bread,7
1 cup coca-cola,7
1 epazote,7
1 oz lima beans,7
1 cup cooking spray,7
1 tablespoon raspberry preserve,7
1 oz cherry liqueur,7
1 tablespoon schmaltz,7
1 cup raspberry syrup,7
1 tablespoon orzo,7
1 teaspoon vital wheat gluten,7
1 cup rose petals,7
1 lb watercress,7
1 oz broccolini,7
1 tablespoon brown sauce,7
1 tablespoon breadcrumb,7
1 pack brown rice,7
1 tomato puree,7
1 pack vanilla wafer,7
1 cup mushroom sauce,7
1 meatballs,7
1 pack dried fruit,7
1 lb pork sirloin,7
1 oz apple schnapps,7
1 can jackfruit,7
1 g tortellini,7
1 cup curry leaf,7
1 teaspoon taco sauce,7
1 can roman beans,7
1 box whipping cream,7
1 cup gouda,7
1 piece cod,7
1 stalk rhubarb,7
1 cup cream of coconut,7
1 cup turkey pepperoni,7
1 cup italian dressing mix,7
1 cup lotus root,7
1 cup spaetzle,7
1 cup dripping,7
1 bunch shallot,7
1 jar tomato passata,7
1 sprig chives,7
1 cup baking powder,7
1 g mangetout peas,7
1 oz poppy seeds,7
1 tablespoon lemon curd,7
1 teaspoon peri-peri,7
1 cup borlotti beans,7
1 cup great northern beans,7
1 lb green onion,7
1 cup halloumi cheese,7
1 tablespoon lettuce,7
1 oz colby jack cheese,7
1 cup watermelon juice,7
1 parmesan cheese rind,7
1 pack ricotta,7
1 spice blend,7
1 oz Muenster cheese,7
1 can pepper jack cheese,7
1 oz hops,7
1 oz mung bean,7
1 pork belly,7
1 cup mole,7
1 piece pasta,7
1 cup gluten-free blend,7
1 cup sunflower butter,7
1 cup cooking oil,7
1 teaspoon coconut flavoring,7
1 cup carob,7
1 tablespoon doenjang,7
1 tablespoon sichuan bean sauce,7
1 can bread dough,7
1 g papaya,7
1 lb ciabatta,7
1 cup hash brown,7
1 kokum,7
1 box pectin,7
1 cup dried apricot,7
1 lb carp,7
1 cup pizza dough,7
1 cup clarified butter,7
1 Grand Marnier,7
1 jar chipotle salsa,7
1 oz dinner rolls,7
1 l orange juice,7
1 piece salsa,7
1 rice wine vinegar,7
1 tablespoon tomato chutney,7
1 oz crème de menthe,7
1 teaspoon hazelnut oil,7
1 can sloppy joe sauce,7
1 pack almond paste,7
1 whole wheat,7
1 teaspoon herbes fines,7
1 pack snow peas,7
1 jar honey,7
1 strip steak,7
1 oz cornmeal,7
1 teaspoon wheat germ,7
1 tablespoon agar agar,7
1 cup raspberry sauce,7
1 oz toffee,7
1 cheese sauce,7
1 dash dill,7
1 bunch enoki mushroom,7
1 tablespoon anchovies,7
1 cup passion fruit nectar,7
1 oz frisee,7
1 cup vegan butter,7
1 lb tamarind,7
1 can mackerel,7
1 tamarillo,7
1 cup soba,7
1 teaspoon panch phoran,7
1 lb milkfish,7
1 dash curry powder,7
1 pack devil's food cake mix,7
1 cup mentsuyu,7
1 dash raspberry liqueur,7
1 pack prosciutto,7
1 lb frankfurter,7
1 parmesan rind,7
1 cup potatoes,7
1 tablespoon chocolate hazelnut spread,7
1 lb rice cake,7
1 oz salad mix,7
1 whole wheat roll,7
1 oz grape juice,7
1 cup mustard seeds,7
1 tablespoon dill pickle,7
1 stalk curry leaf,7
1 oz pound cake,7
1 ml chocolate liqueur,7
1 oz cornbread mix,7
1 ml syrup,7
1 jar pickles,7
1 cup provolone,7
1 oz italian dressing,7
1 g orzo,7
1 quart tomato sauce,7
1 beef hot dog,7
1 tablespoon pico de gallo,7
1 cup anisette,7
1 snail,7
1 cup wing sauce,7
1 cup bisquick,7
1 oz white wine vinegar,7
1 cup Guinness beer,7
1 g spaghettini,7
1 piece naan,7
1 dash orange juice,7
1 can chipotle peppers in adobo,7
1 oz lemon-lime,7
1 teaspoon Aleppo pepper,7
1 turkey liver,7
1 cup red currants,7
1 cup crawfish,7
1 dash cardamom,7
1 can biscuit dough,7
1 inch rosemary,7
1 quart olive oil,7
1 cup long beans,7
1 handful cashew,7
1 can almond paste,7
1 tablespoon bay leaf,7
1 g pesto,7
1 tablespoon gravy mix,7
1 can oyster,7
1 oz ricotta salata,7
1 teaspoon ancho chili,7
1 onion mushroom soup mix,7
1 cup galangal,7
1 eye of round roast,7
1 lotus leaf,7
1 oz raspberry jam,7
1 jujube,7
1 tablespoon tabasco sauce,7
1 bag cabbage,7
1 g trout,7
1 tablespoon grand marnier,7
1 pinto beans,7
1 can breadstick dough,7
1 quart spinach,7
1 tablespoon sweet and sour sauce,7
1 vanilla frosting,7
1 tablespoon protein powder,7
1 teaspoon clarified butter,7
1 oz jagermeister,7
1 oz truffle,7
1 teaspoon lard,7
1 oz egg whites,7
1 bag ravioli,7
1 prickly pear,7
1 tablespoon pimento,7
1 cup lingonberry preserves,7
1 snap peas,7
1 orange liqueur,7
1 king oyster mushroom,7
1 cup hot fudge,7
1 pecorino romano cheese,7
1 ml basil,7
1 oz ancho chili,7
1 teaspoon sun-dried tomato,7
1 bunch gai lan,7
1 cup hollandaise sauce,7
1 jar red currant jelly,7
1 teaspoon red chili paste,7
1 thousand island dressing,7
1 cup porcini mushroom,7
1 cup wheat starch,7
1 tablespoon coconut extract,7
1 vegetable soup mix,7
1 tablespoon raw cane sugar,7
1 g mustard,7
1 lb raclette cheese,7
1 cup turnip greens,7
1 tablespoon lovage,7
1 ml golden syrup,7
1 piloncillo,7
1 cranberry juice,7
1 g mixed fruit,7
1 stalk bok choy,7
1 sachet yeast,7
1 olive oil cooking spray,7
1 prime rib,7
1 cup macadamia,7
1 lb tiger prawn,7
1 cup grana padano cheese,7
1 lb smelt,7
1 lb goose,7
1 cup caramel syrup,7
1 lb beef mince,7
1 cup lemon sorbet,7
1 chapati,7
1 cup almond liqueur,7
1 tablespoon chickpeas,7
1 cup sesame dressing,7
1 pack parmesan cheese,7
1 teaspoon chipotle paste,7
1 g mung bean sprouts,7
1 lemon curd,7
1 vegetable burger,7
1 wood chips,7
1 cup artificial sweetener,7
1 cup Italian seasoning,7
1 oz ice cream,7
1 pancake,7
1 oz vanilla pudding mix,7
1 tablespoon korma curry paste,7
1 teaspoon Espelette pepper,7
1 cup serrano pepper,7
1 lb brioche,7
1 cup anchovy,7
1 slice watermelon,7
1 sweet corn,7
1 teaspoon coconut powder,7
1 pack bratwurst,7
1 pack garlic bread,7
1 pack salami,7
1 oz collard greens,7
1 slice focaccia,7
1 slice bread crumbs,7
1 cannellini beans,7
1 teaspoon egg substitute,7
1 habanero sauce,7
1 cup black sesame seed,7
1 tablespoon baking mix,7
1 teaspoon ranch dressing,7
1 tablespoon thai chili paste,7
1 kg cottage cheese,7
1 oz nuts,7
1 pack cornbread stuffing mix,7
1 teaspoon bread improver,7
1 cup yucca,7
1 cup chablis,7
1 ml cocoa powder,7
1 tablespoon maggi seasoning sauce,7
1 cup fregola,7
1 dashi,7
1 stick pepperoni,7
1 cup clam broth,7
1 cup gai lan,7
1 oz orange juice concentrate,7
1 lb wheat noodles,7
1 lb lotus root,7
1 bag noodles,7
1 lb mixed seafood,7
1 g soybean,7
1 baby greens,7
1 cup bouillon,7
1 tablespoon truffle,7
1 pack hot roll mix,7
1 tablespoon ice,7
1 cup smoked sausage,7
1 cup italian seasoning,7
1 dash white wine vinegar,7
1 teaspoon kewra essence,7
1 lb pork hock,7
1 cup whole grain,7
1 g brussels sprouts,7
1 pasilla chili,7
1 teaspoon gravy,7
1 lb sweet rice flour,7
1 lb chicken feet,7
1 g yam,7
1 cup guava nectar,7
1 dash lemon pepper,7
1 teaspoon kaffir lime leaf,7
1 lb beef eye of round roast,7
1 tablespoon agave,7
1 cup fiddleheads,7
1 cup pear juice,7
1 jar onion,7
1 za'atar,7
1 oz burrata,7
1 bag sauerkraut,7
1 burrata,7
1 cutlet,7
1 lb mostaccioli,7
1 cup cardamom,7
1 teaspoon Pernod,7
1 jar herring,7
1 cup shell pasta,7
1 ml marsala wine,7
1 dash water,7
1 oz mung bean noodles,7
1 l soda water,7
1 tablespoon dukkah,7
1 oz tomato basil sauce,7
1 head chicory,7
1 pack ladyfinger,7
1 oz lemonade concentrate,7
1 pectin,7
1 cup chestnut puree,7
1 tablespoon rum extract,7
1 cup rye breadcrumbs,7
1 lb cornmeal,7
1 ciabatta bun,7
1 tablespoon blackening seasoning,7
1 box strawberry,7
1 pork rib roast,7
1 cup amaranth,7
1 cup marsala,7
1 bunch ramps,6
1 lb tenderloin,6
1 pork sirloin,6
1 quart rum,6
1 inch daikon radish,6
1 tangerine peel,6
1 can orange juice,6
1 cup lemon verbena,6
1 cup biga,6
1 teaspoon herbes de Provence,6
1 tablespoon aji amarillo paste,6
1 dash blue curaçao,6
1 inch onion,6
1 lb beef round roast,6
1 ml tahini,6
1 can cherries,6
1 tablespoon fruit preserves,6
1 lb lamb liver,6
1 count bell pepper,6
1 dash rosemary,6
1 cup bacon fat,6
1 oz diced tomatoes and green chilies,6
1 cup goat meat,6
1 cup soy cheese,6
1 piece mace,6
1 teaspoon advieh,6
1 tablespoon cane syrup,6
1 shot lime juice,6
1 adobo sauce,6
1 oxtail,6
1 can cream of coconut,6
1 heart of palm,6
1 dash garlic,6
1 graham cracker crumbs,6
1 cup snow pea sprouts,6
1 can plum,6
1 cup cauliflower rice,6
1 pack mascarpone,6
1 g berries,6
1 cup fish roe,6
1 tablespoon herb mix,6
1 g corn flakes,6
1 oz applesauce,6
1 tablespoon coconut butter,6
1 doughnut,6
1 cup chardonnay,6
1 cup pomegranate syrup,6
1 teaspoon ouzo,6
1 pack wild rice,6
1 pack raisin,6
1 teaspoon blackening seasoning,6
1 teaspoon vodka,6
1 teaspoon brine,6
1 bar bittersweet chocolate,6
1 lb salad greens,6
1 garlic sauce,6
1 kg salt,6
1 lb turkey wing,6
1 lb pasta sheets,6
1 pack enchilada seasoning mix,6
1 tablespoon tia maria,6
1 can vanilla frosting,6
1 cup rice noodle,6
1 tablespoon black bean,6
1 cup cheese crackers,6
1 cup caraway,6
1 oz hummus,6
1 lb kasseri cheese,6
1 yellow bell pepper,6
1 dash celery seed,6
1 count mushroom,6
1 teaspoon jalapeno powder,6
1 g apples,6
1 spice mix,6
1 oz liquid smoke,6
1 teaspoon grains of paradise,6
1 teaspoon meringue powder,6
1 oz cherry brandy,6
1 oz catfish,6
1 jar giardiniera,6
1 cup sweet relish,6
1 lemonade mix,6
1 teaspoon sweetened condensed milk,6
1 cup self-rising wholemeal flour,6
1 lemon balm,6
1 tablespoon horseradish cream,6
1 cup fruit cocktail,6
1 teaspoon agave,6
1 cup soy mozzarella cheese,6
1 oz corn oil,6
1 bunch endive,6
1 box vanilla wafer,6
1 oz masa harina,6
1 teaspoon tangerine zest,6
1 oz farmer's cheese,6
1 pack cannelloni,6
1 cup fig preserves,6
1 oz taleggio cheese,6
1 cup cane syrup,6
1 cup sorghum,6
1 lb roquefort cheese,6
1 ice cream cone,6
1 pack buttermilk cornbread mix,6
1 teaspoon orange food coloring,6
1 teaspoon baking ammonia,6
1 tablespoon cashew paste,6
1 kg minced meat,6
1 cup red pepper jelly,6
1 lb morel,6
1 g jam,6
1 tablespoon almond meal,6
1 tablespoon soup mix,6
1 cup pita,6
1 apple cider vinegar,6
1 cup cocoa cream,6
1 pack corned beef,6
1 cup cacao nibs,6
1 tablespoon red wine vinaigrette,6
1 oz skim milk,6
1 instant coffee,6
1 cup rose petal,6
1 tablespoon sea salt,6
1 lb kingfish,6
1 cup chocolate wafer cookie,6
1 bottle bell pepper,6
1 cup citrus peel,6
1 paneer,6
1 cup orange sherbet,6
1 peppermint candy,6
1 teaspoon vegetable seasoning,6
1 winter squash,6
1 cup brown ale,6
1 oz turkey bacon,6
1 oz seltzer water,6
1 tablespoon emeril's original essence,6
1 pack beef ravioli,6
1 kg cabbage,6
1 oz black fungus,6
1 cup red chili sauce,6
1 quart wine,6
1 cup kohlrabi,6
1 cup butter flavor,6
1 cloves,6
1 lb garlic,6
1 tablespoon sago,6
1 oz kumquat,6
1 teaspoon sugar syrup,6
1 g mackerel,6
1 leaf chard,6
1 cup black sticky rice,6
1 g mortadella,6
1 cup erythritol,6
1 g curry powder,6
1 shredded wheat,6
1 strip celery,6
1 sugar syrup,6
1 cup holy basil,6
1 cup farfel,6
1 g lemongrass,6
1 cup puffed wheat,6
1 cup blood,6
1 oz vinaigrette,6
1 box artichoke,6
1 teaspoon dry sherry,6
1 lb lentils,6
1 lb lamb neck,6
1 lb lamb bone,6
1 ganache,6
1 cup cheddar jack cheese,6
1 vermicelli,6
1 rose essence,6
1 oz seafood,6
1 oz white fish,6
1 teaspoon seven spice,6
1 plantain leaf,6
1 sheet wonton wrappers,6
1 pack ranch seasoning,6
1 teaspoon malt extract,6
1 steak sauce,6
1 shrimp crackers,6
1 dill pickles,6
1 piece meat,6
1 jar sweet and sour sauce,6
1 kidney bean,6
1 lb quark,6
1 leaf endive,6
1 cup soppressata,6
1 cup chestnut flour,6
1 lb cherries,6
1 teaspoon black onion seed,6
1 pork knuckle,6
1 pack salad dressing mix,6
1 cup fenugreek,6
1 lb sweet italian sausage,6
1 cup blueberry,6
1 oz hazelnut liqueur,6
1 furikake,6
1 kg almonds,6
1 handful olive,6
1 teaspoon coriander-cumin powder,6
1 tablespoon vegetable bouillon,6
1 kamaboko,6
1 edible glitter,6
1 ajwain,6
1 cup red chili,6
1 dried apricot,6
1 ml oregano,6
1 garlic butter,6
1 g poppy seeds,6
1 lb ice,6
1 g kale,6
1 tablespoon strawberry syrup,6
1 pack croutons,6
1 tub ricotta,6
1 pack chicken sausage,6
1 g lemon juice,6
1 lb chicken giblets,6
1 tablespoon peanut powder,6
1 bunch beet greens,6
1 breadcrumbs,6
1 juniper berry,6
1 lb rye bread,6
1 g grana padano,6
1 bag arugula,6
1 cup pearl sugar,6
1 cup orange blossom water,6
1 cup porter,6
1 tablespoon garlic pepper seasoning,6
1 tablespoon gruyere,6
1 instant noodles,6
1 ml capers,6
1 cup arrabbiata sauce,6
1 tablespoon yellow split peas,6
1 oz mango nectar,6
1 oz portabella mushrooms,6
1 tablespoon hijiki,6
1 oz rock sugar,6
1 teaspoon caper,6
1 kg crab,6
1 mochi,6
1 pack lo mein,6
1 cup cornbread mix,6
1 ml dashi,6
1 teaspoon pomegranate syrup,6
1 teaspoon starch,6
1 cup burdock root,6
1 cup soybean oil,6
1 teaspoon chocolate extract,6
1 can borlotti beans,6
1 cup shortbread cookie,6
1 eggs,6
1 teaspoon pav bhaji masala,6
1 tablespoon asafoetida,6
1 piece fish fillet,6
1 oz soy milk,6
1 pack porcini mushrooms,6
1 tin chickpeas,6
1 gallon wine,6
1 teaspoon yuzukosho,6
1 oz hoisin sauce,6
1 jar cheese dip,6
1 teaspoon stock,6
1 tablespoon pav bhaji masala,6
1 straw mushroom,6
1 cup nonpareils,6
1 lb Chinese sausage,6
1 g fenugreek,6
1 pack sugar cookie mix,6
1 gallon chicken stock,6
1 oz hot italian sausage,6
1 dried red chili pepper,6
1 chicken giblets,6
1 cup clementine juice,6
1 tablespoon curry leaf,6
1 lb perch,6
1 matzo crackers,6
1 piece pork,6
1 tablespoon dry rub,6
1 can escargot,6
1 lb chinese broccoli,6
1 sprig celery,6
1 oz mezcal,6
1 bolillo roll,6
1 ritz crackers,6
1 quart apple,6
1 oz lotus root,6
1 cup apple brandy,6
1 piece bok choy,6
1 lb kabocha squash,6
1 pack black beans,6
1 pack pea,6
1 crepe,6
1 handful green beans,6
1 piece halibut,6
1 century egg,6
1 g bucatini,6
1 cup hijiki,6
1 cup buttermilk pancake mix,6
1 teaspoon pecan,6
1 pack arborio rice,6
1 teaspoon Thai seasoning,6
1 dash sesame seeds,6
1 dash almond extract,6
1 cup whole milk yogurt,6
1 cup ginger beer,6
1 cup agave,6
1 cup macaroon,6
1 cup kumquat,6
1 ribs,6
1 lb crabmeat,6
1 tablespoon cranberry juice,6
1 lb gammon,6
1 tablespoon French onion soup mix,6
1 bunch water spinach,6
1 jar marshmallow cream,6
1 beet greens,6
1 aioli,6
1 oz cheese dip,6
1 teaspoon bourbon,6
1 cup hazelnut flour,6
1 teaspoon hazelnut liqueur,6
1 stalk chives,6
1 oz clamato juice,6
1 cup dark leafy greens,6
1 g toor dal,6
1 pork butt,6
1 oz mixed fruit,6
1 tablespoon ranch dressing mix,6
1 lb semolina,6
1 g coconut flour,6
1 ml mango liqueur,6
1 ml salsa,6
1 pimiento,6
1 teaspoon butter extract,6
1 kg mushroom,6
1 piece egg,6
1 g macadamia,6
1 teaspoon lemon myrtle,6
1 jar arrabbiata sauce,6
1 oz miso,6
1 cup chipotle pepper,6
1 can pink lemonade concentrate,6
1 g beet,6
1 cup cajeta,6
1 cup hard cider,6
1 cup pinot grigio wine,6
1 oz beef chuck,6
1 tablespoon dark soy sauce,6
1 turkey Italian sausage,6
1 flax egg,6
1 slice goat cheese,6
1 piece lemon,6
1 tablespoon pumpkin puree,6
1 tablespoon preserves,6
1 oz maraschino cherry,6
1 handful watercress,6
1 lb halloumi cheese,6
1 anise oil,6
1 oz tomato passata,6
1 oz ranch dressing,6
1 can chipotle,6
1 g mixed nuts,6
1 kg beef gravy,6
1 lb orange,6
1 lb bean sprout,6
1 pack graham crackers,6
1 can cream of broccoli soup,6
1 cup ramps,6
1 lb mixed nuts,6
1 g glutinous rice,6
1 quart whole milk,6
1 cup raisin bran cereal,6
1 cup broad bean,6
1 bag marshmallows,6
1 ml whipped cream,6
1 teaspoon egg whites,6
1 tablespoon grappa,6
1 foot hog casings,6
1 beef round steak,6
1 cup brown stock,6
1 piece bay leaf,6
1 ml self-raising flour,6
1 set dough,6
1 tablespoon fermented bean paste,6
1 cup cheese spread,6
1 cup rye meal,6
1 oz egg yolk,6
1 oz bean dip,6
1 lb cake,6
1 tablespoon satay sauce,6
1 cup candy cane,6
1 leaf swiss chard,6
1 lovage,6
1 pepper jack cheese,6
1 tablespoon bamboo shoots,6
1 bunch marjoram,6
1 tablespoon sweet rice wine,6
1 pack semisweet chocolate chips,6
1 jar tomatillo salsa,6
1 palm sugar,6
1 g lamb liver,6
1 cream of chicken soup,6
1 piece shallot,6
1 pack pancetta,6
1 cup mint chocolate chips,6
1 cup rye whiskey,6
1 piece eggplant,6
1 ginger beer,6
1 g gorgonzola cheese,6
1 slice lime zest,6
1 tablespoon plum jam,6
1 teaspoon liquid aminos,6
1 cup elbow macaroni,6
1 cup royal icing,6
1 oz vanilla wafer,6
1 pack split peas,6
1 lb white bread,6
1 cup rapeseed oil,6
1 lb pepper,6
1 teaspoon bird's eye chili,6
1 g pinto beans,6
1 lb goat meat,6
1 piece salt pork,6
1 handful tomato,6
1 oz fish stock,6
1 cup lingonberry,6
1 bottle tequila,6
1 pork trotter,6
1 tahini,6
1 oz lemon lime soda,6
1 curry sauce,6
1 g prawns,6
1 tablespoon green chutney,6
1 oz piloncillo,6
1 ml beef broth,6
1 piece chorizo,6
1 piece ice cream,6
1 can dulce de leche,6
1 cup chipotle peppers in adobo,6
1 g fennel,6
1 leaf oregano,6
1 cup moong dal,6
1 tablespoon armagnac,6
1 napa cabbage,6
1 green olives,6
1 teaspoon curry leaf,6
1 piece sour cream,6
1 pack apricot,6
1 tablespoon apple brandy,6
1 tablespoon chipotle seasoning,6
1 stuffing mix,6
1 pudding,6
1 piece saffron,6
1 chipotle chilies in adobo sauce,6
1 g glass noodles,6
1 oz oaxaca cheese,6
1 oz coca cola,6
1 oz Italian salad dressing,6
1 slice pepper,6
1 oz pork fillet,6
1 squash blossoms,6
1 pack cherry,6
1 g brown mushroom,6
1 pack bread crumbs,6
1 box beef stock,6
1 oz coca-cola,6
1 oz liver,6
1 lb beef sirloin tips,6
1 imitation crab,6
1 cup Creole seasoning,6
1 tablespoon mole,6
1 cm turmeric,6
1 box potato,6
1 pack spaghettini,6
1 hazelnut spread,6
1 udon,6
1 soda cracker,6
1 tablespoon sweet vermouth,6
1 cup fig jam,6
1 slice provolone,6
1 cup meringue,6
1 can red bean paste,6
1 frog legs,6
1 tablespoon nut oil,6
1 cup sambal,6
1 cup treacle,6
1 oz root beer,6
1 teaspoon guajillo chili powder,6
1 cup satay sauce,6
1 vanilla wafer cookies,6
1 lb ditalini,6
1 cup fructose,6
1 cup salmon roe,6
1 handful peas,6
1 cup chicken liver,6
1 g turkey breast,6
1 cup peach juice,6
1 can soda,6
1 g orange,6
1 cup zucchini noodles,6
1 oz egg substitute,6
1 dulce de leche,6
1 lb serrano ham,6
1 teaspoon mint sauce,6
1 tablespoon peanuts,6
1 tablespoon garlic and herb seasoning,6
1 g flank steak,6
1 slice manchego cheese,6
1 cup raspberry preserves,6
1 g chicken drumsticks,6
1 tablespoon crayfish,6
1 cascabel chile,6
1 piece whipped cream,6
1 cup pork shoulder,6
1 lb lamb breast,6
1 tamarind chutney,6
1 slice bologna,6
1 g applesauce,6
1 teaspoon bean paste,6
1 g semisweet chocolate,6
1 tablespoon crema,6
1 cup strawberry yogurt,6
1 g taro,6
1 piece ham,6
1 oz chicken tenderloin,6
1 oz broccoli slaw,6
1 cup moscato,6
1 jar sauce,6
1 g chanterelle mushrooms,6
1 slice Muenster cheese,6
1 lb blood sausage,6
1 teaspoon toor dal,6
1 corn syrup,6
1 piece white bread,6
1 lb colby monterey jack cheese,6
1 cup spelt flakes,6
1 fenugreek leaves,6
1 pumpkin seed,6
1 arctic char,6
1 teaspoon Cointreau,6
1 tablespoon caesar dressing,6
1 tablespoon unsalted butter,6
1 peanut butter cups,6
1 lb orange roughy,6
1 tablespoon tapenade,6
1 tablespoon tzatziki,6
1 can cream of chicken and mushroom soup,6
1 lb polenta,6
1 white sauce,6
1 teaspoon Thai chili paste,6
1 oz absinthe,6
1 sweet onion,6
1 lb herring,6
1 teaspoon red pepper paste,6
1 head curly endive,6
1 banana blossom,6
1 tablespoon blackberry jam,6
1 annatto,6
1 teaspoon spring onion,6
1 remoulade,6
1 piece pineapple,6
1 barramundi,6
1 lb fontina,6
1 oz burdock root,6
1 lb Muenster cheese,6
1 cup harissa,6
1 lb garlic sausage,6
1 tablespoon vindaloo curry paste,6
1 teaspoon four-spice,6
1 cup ciabatta,6
1 tablespoon balsamic glaze,6
1 limeade concentrate,6
1 inch vanilla,6
1 hollandaise sauce,6
1 teaspoon brown mustard,6
1 g wheat,6
1 g snake bean,6
1 roll ciabatta,6
1 balsamic vinaigrette,6
1 oz quark,6
1 oz cumin,6
1 oyster mushroom,6
1 lb pork chops,6
1 cup au jus,6
1 salad dressing mix,6
1 oz vegetable shortening,6
1 cup yellow moong dal,6
1 tablespoon bran,6
1 ml ginger ale,6
1 jelly beans,6
1 oz pie crust,6
1 sugar snap peas,6
1 teaspoon pectin,6
1 box vanilla pudding,6
1 cup poppy seed dressing,6
1 dried chilies,6
1 pack beef stew seasoning,6
1 lily buds,6
1 pack four cheese blend,6
1 oz breadcrumb,5
1 lb malt extract,5
1 tablespoon chicken soup powder,5
1 tablespoon Montreal steak seasoning,5
1 bottle port wine,5
1 oz Greek yogurt,5
1 lingonberry,5
1 cup brown rice syrup,5
1 quart salt water,5
1 jar chutney,5
1 condensed milk,5
1 lb moose,5
1 lb pork leg,5
1 cup kielbasa,5
1 lb kataifi,5
1 cereal,5
1 tablespoon black olive tapenade,5
1 cup cranberry juice concentrate,5
1 tablespoon maraschino cherry juice,5
1 lb dark chocolate,5
1 ml applesauce,5
1 pack pie crust mix,5
1 ml raisin,5
1 dash tequila,5
1 panko,5
1 oz beetroot,5
1 leaf radicchio,5
1 g red curry paste,5
1 box salt,5
1 pack seitan,5
1 teaspoon raspberry liqueur,5
1 cup stuffing,5
1 oz sweet peas,5
1 vegetarian sausage,5
1 head dill,5
1 tablespoon tangerine juice,5
1 oz goldschlager,5
1 cup pasilla chile,5
1 slice polenta,5
1 cup blackberry preserves,5
1 teaspoon triple sec,5
1 pint tea,5
1 l apple cider vinegar,5
1 teaspoon whole wheat flour,5
1 teaspoon relish,5
1 tablespoon malt extract,5
1 cup corn grits,5
1 g cremini mushroom,5
1 dash parmesan cheese,5
1 slice spam,5
1 cup cod,5
1 cup ginger marmalade,5
1 tamari,5
1 tablespoon szechuan sauce,5
1 g emmentaler cheese,5
1 lb mixed fruit,5
1 pack white chocolate chips,5
1 carambola,5
1 oz clove,5
1 pasta shells,5
1 slice pork loin,5
1 lb poultry,5
1 teaspoon crème de cassis,5
1 dried red chili,5
1 pack brown sugar,5
1 oz tater tots,5
1 pint whipped cream,5
1 bacon fat,5
1 chipolata sausage,5
1 teaspoon beet juice,5
1 pack broccoli coleslaw mix,5
1 count olive,5
1 cup Greek seasoning,5
1 tablespoon brown gravy mix,5
1 oz corn muffin mix,5
1 green bean,5
1 chicken noodle soup,5
1 cup spaghetti squash,5
1 cup toast,5
1 oz brown gravy mix,5
1 shortbread,5
1 tablespoon salad seasoning,5
1 piece lime zest,5
1 oz curry sauce,5
1 bunch cress,5
1 jar pineapple preserves,5
1 jar pickle,5
1 tablespoon fennel pollen,5
1 pack marshmallows,5
1 cup mixed salad greens,5
1 crumb topping,5
1 soy milk,5
1 pack onion mushroom soup mix,5
1 g radish,5
1 cup food coloring,5
1 pack rotelle pasta,5
1 German chocolate cake mix,5
1 g lychee,5
1 oz lemongrass,5
1 oz quinoa,5
1 dash sage,5
1 oz pumpkin seeds,5
1 cup peppercorn,5
1 black tea,5
1 oz anise,5
1 lb turkey ham,5
1 bag meatball,5
1 cup brown beans,5
1 cup chocolate cookie,5
1 cup bread and butter pickles,5
1 g coffee,5
1 cup kefalotyri cheese,5
1 tablespoon peri-peri,5
1 dash monosodium glutamate,5
1 slice kiwi,5
1 cooking oil,5
1 dash worcestershire sauce,5
1 g pepperoni,5
1 g cantaloupe,5
1 black sesame seed,5
1 lb ostrich,5
1 tablespoon currant,5
1 grapes,5
1 teaspoon orange marmalade,5
1 teaspoon doubanjiang,5
1 English muffin,5
1 teaspoon garlic and herb seasoning,5
1 kg dried fruit,5
1 g tapioca,5
1 cup chipotle mayonnaise,5
1 chicken drumettes,5
1 wild rice,5
1 lb guava,5
1 tablespoon caper brine,5
1 pork back ribs,5
1 oz curaçao,5
1 cup cherry jam,5
1 tablespoon grape jelly,5
1 teaspoon alum,5
1 cup all-purpose baking mix,5
1 ml kiwi liqueur,5
1 dash chili flakes,5
1 lb beef kidney,5
1 arbol chile,5
1 tablespoon pancetta,5
1 lemon-lime,5
1 cup guava juice,5
1 g tapioca flour,5
1 teaspoon romano cheese,5
1 g white pepper,5
1 inch carrot,5
1 ml chocolate syrup,5
1 cup mung beans,5
1 tablespoon mung bean,5
1 cup farmer's cheese,5
1 scallop,5
1 g horseradish,5
1 oz mahi-mahi,5
1 g four-bean mix,5
1 teaspoon rose extract,5
1 lb shellfish,5
1 piece chili,5
1 ml oyster sauce,5
1 strawberry jelly,5
1 lb pollock,5
1 ml cayenne pepper,5
1 active dry yeast,5
1 pecorino,5
1 jar nopal,5
1 tablespoon lentils,5
1 oz au jus,5
1 cup vegetarian chicken,5
1 raspberry liqueur,5
1 g agar,5
1 teaspoon wattleseed,5
1 g bitter melon,5
1 veal steak,5
1 tablespoon sushi vinegar,5
1 tablespoon beef,5
1 tablespoon pink peppercorn,5
1 oz stuffing mix,5
1 chili garlic sauce,5
1 quart dashi,5
1 kg chicken leg,5
1 tablespoon chili pepper sauce,5
1 lb egg noodle,5
1 grapeseed oil,5
1 ml grape juice,5
1 inch graham cracker crust,5
1 g apricot nectar,5
1 quart mussels,5
1 g pine nuts,5
1 g pappardelle,5
1 razor clam,5
1 lb nopal,5
1 g clams,5
1 tablespoon pork,5
1 kg beef tenderloin,5
1 oz whole wheat spaghetti,5
1 white rice,5
1 teaspoon olive juice,5
1 oz bulgur,5
1 g pizza sauce,5
1 sticky rice,5
1 oz French onion dip,5
1 cm lemongrass,5
1 g orecchiette,5
1 cup golden raisins,5
1 avocado salsa,5
1 jar macadamia nut,5
1 lb rib eye,5
1 Cointreau,5
1 ml butterscotch schnapps,5
1 ml cherry brandy,5
1 box manicotti,5
1 tablespoon grape juice,5
1 bottle ale,5
1 lb coleslaw,5
1 pork tail,5
1 g somen,5
1 dash apple cider vinegar,5
1 pint mushroom,5
1 shot peach schnapps,5
1 cup cranberry raspberry juice,5
1 oz caciocavallo cheese,5
1 piece scallion,5
1 cup yellow peas,5
1 ml Cointreau,5
1 lb radicchio,5
1 lb beef short ribs,5
1 cup powdered milk,5
1 biscuits,5
1 tablespoon sweet pepper,5
1 bitters,5
1 oz peppermint schnapps,5
1 oz squash,5
1 g self-rising flour,5
1 semi-sweet chocolate,5
1 pack mushroom gravy mix,5
1 vegemite,5
1 lb cube steak,5
1 potatoes,5
1 teaspoon anchovy,5
1 tablespoon panko breadcrumbs,5
1 cup moringa leaves,5
1 oz char siu,5
1 g xylitol,5
1 can duck,5
1 oz sardine,5
1 sesame seed,5
1 tablespoon hot pepper paste,5
1 lb rib eye roast,5
1 g beef sausage,5
1 piece sausage,5
1 lb kidney bean,5
1 pan drippings,5
1 kidney beans,5
1 inch kelp,5
1 g shortening,5
1 cup mirepoix,5
1 cup garlic basil spread,5
1 can frosting,5
1 cheese blend,5
1 oz bacon bits,5
1 hard roll,5
1 cup jalapeno cheese,5
1 teaspoon black cardamom,5
1 kitchen bouquet,5
1 cup horseradish mustard,5
1 cup jalapeno jelly,5
1 g refried beans,5
1 oz lychee liqueur,5
1 g chicken noodle soup,5
1 tablespoon chipotle hot sauce,5
1 sorrel,5
1 count green onion,5
1 piece pepper,5
1 pack pecan,5
1 ml raspberry,5
1 oz baking soda,5
1 ml peach liqueur,5
1 wood,5
1 cube shrimp stock,5
1 zucchini blossoms,5
1 teaspoon lemon essence,5
1 manchego cheese,5
1 teaspoon plum sauce,5
1 oz sorrel,5
1 l lemon-lime soda,5
1 inch lemon zest,5
1 oz banana,5
1 ranch seasoning,5
1 cup shredded wheat,5
1 teaspoon onion soup mix,5
1 injera,5
1 oz ground pork,5
1 bag mixed greens,5
1 chicken nuggets,5
1 caviar,5
1 oz agave syrup,5
1 oz borlotti beans,5
1 tablespoon grill seasoning,5
1 cup taco cheese blend,5
1 pack saffron rice,5
1 mashed potatoes,5
1 oz vanilla pudding,5
1 pork foot,5
1 citrus peel,5
1 sherry vinegar,5
1 oz corn tortilla,5
1 bone marrow,5
1 strip lime zest,5
1 kg pork spareribs,5
1 g wine,5
1 lb bread crumbs,5
1 oz corn flakes,5
1 oz vanilla instant pudding mix,5
1 g lemon,5
1 oz white cake mix,5
1 lb Jerusalem artichoke,5
1 oz berries,5
1 box sweet rice flour,5
1 beef burger,5
1 oz kelp noodles,5
1 jar caviar,5
1 cup black bean paste,5
1 fruit preserves,5
1 teaspoon tangerine peel,5
1 handful sage,5
1 pack turkey meatballs,5
1 lb orange peel,5
1 g pork ribs,5
1 can applesauce,5
1 lamb kidneys,5
1 tablespoon bulgur,5
1 bread and butter pickles,5
1 lb edam cheese,5
1 cup liver,5
1 oz spam,5
1 lb beef back ribs,5
1 teaspoon food colouring,5
1 digestive biscuits,5
1 ml sherry vinegar,5
1 dash old bay seasoning,5
1 ml chickpeas,5
1 pack beef bouillon,5
1 lb mizithra cheese,5
1 lb green chili pepper,5
1 liver,5
1 quart red wine vinegar,5
1 lb citrus peel,5
1 g candied orange peel,5
1 oz prawns,5
1 vegetable bouillon,5
1 gorgonzola,5
1 oz garlic butter,5
1 slice colby monterey jack cheese,5
1 piece lamb,5
1 cup baby spinach,5
1 cup Ritz cracker crumbs,5
1 oz mirin,5
1 tablespoon enchilada sauce,5
1 jar nopales,5
1 piece banana leaf,5
1 Italian salad dressing,5
1 ml soda water,5
1 teaspoon pomegranate powder,5
1 cup lemon-lime,5
1 teaspoon middle eastern mixed spice,5
1 tablespoon erythritol,5
1 chocolate icing,5
1 ml rose syrup,5
1 swai,5
1 oz white cheese,5
1 tablespoon garlic sauce,5
1 teaspoon strawberry jam,5
1 oz teriyaki sauce,5
1 g bonito flakes,5
1 dried fruit,5
1 tablespoon champagne,5
1 quart blackberry,5
1 Mars bar,5
1 phyllo cups,5
1 bag flour tortilla,5
1 g lobster,5
1 lb corn smut,5
1 teaspoon yellow mustard,5
1 shot amaretto,5
1 cup rice chex,5
1 cup oreo cookies,5
1 leaf Swiss chard,5
1 oz orange curaçao,5
1 kg ham,5
1 kg plum,5
1 shot lemon juice,5
1 quart vodka,5
1 pint mussels,5
1 cup anise seed,5
1 dash chili oil,5
1 oz grape leaves,5
1 teaspoon herb,5
1 tablespoon gouda cheese,5
1 teaspoon habanero sauce,5
1 tablespoon orange extract,5
1 jar beet,5
1 inch pita,5
1 cup raspberry jelly,5
1 pack crab boil seasoning,5
1 cup nuoc cham,5
1 crumpet,5
1 tablespoon oat bran,5
1 tablespoon tomato concentrate,5
1 lb mixed peel,5
1 wine vinegar,5
1 beef strip steak,5
1 black vinegar,5
1 cup caviar,5
1 tablespoon carob,5
1 can zucchini,5
1 tablespoon chicken seasoning,5
1 tablespoon barley,5
1 g daikon radish,5
1 lb pork breakfast sausage,5
1 oz yam,5
1 dash chili sauce,5
1 kg asparagus,5
1 oz vegetable suet,5
1 bag rooibos tea,5
1 chili paste,5
1 oz schnapps,5
1 lb nuts,5
1 cup cane sugar,5
1 piece cooking spray,5
1 tablespoon vegetarian fish sauce,5
1 teaspoon lemon herb seasoning,5
1 brine,5
1 lb kangaroo,5
1 dash oil,5
1 cup psyllium husk,5
1 French onion dip,5
1 cup wheat chex,5
1 lb pound cake,5
1 pack crab meat,5
1 tablespoon egg replacer,5
1 tablespoon tikka paste,5
1 g lasagna noodle,5
1 g lemon peel,5
1 oz vegetable crumbles,5
1 kg mincemeat,5
1 cup split mung dal,5
1 can lobster,5
1 tablespoon kidney beans,5
1 tablespoon tamarind chutney,5
1 g romaine lettuce,5
1 g raspberry jelly,5
1 leaf curry powder,5
1 cup apricot brandy,5
1 ml condensed milk,5
1 cup brown rice and wild rice,5
1 tablespoon black lentils,5
1 pack burrito seasoning,5
1 pack pierogi,5
1 can onion soup,5
1 pack pretzel,5
1 teaspoon gravy browner,5
1 mixed fruit,5
1 cup lavender,5
1 handful greens,5
1 jar cactus,5
1 tablespoon lemonade,5
1 lb chanterelle,5
1 bag frozen vegetables,5
1 teaspoon sesame paste,5
1 pack tomato puree,5
1 teaspoon orange juice concentrate,5
1 g mixed berries,5
1 oz surimi,5
1 jar garlic,5
1 lb red pepper,5
1 oz caerphilly cheese,5
1 cup spearmint,5
1 bag nacho cheese,5
1 tablespoon banana pepper,5
1 g runner beans,5
1 pack vegetable crumbles,5
1 g sunflower seed,5
1 cup sweetened shredded coconut,5
1 branch rosemary,5
1 cup orange puree,5
1 rye crackers,5
1 g pastry dough,5
1 cup consomme,5
1 oz straw mushroom,5
1 cup applejack,5
1 cup cherry brandy,5
1 pint olive oil,5
1 oz citrus peel,5
1 g pork spareribs,5
1 melba toast,5
1 stout beer,5
1 conch,5
1 teaspoon bean sauce,5
1 oz Irish cream liqueur,5
1 sprig summer savory,5
1 bag strawberry,5
1 g corn chips,5
1 tablespoon brie cheese,5
1 slice lemon peel,5
1 tablespoon shaoxing rice wine,5
1 pack pound cake,5
1 flour tortillas,5
1 cup saskatoon berries,5
1 jerk seasoning,5
1 oz plum,5
1 stick margarine,5
1 g cookie,5
1 teaspoon chicken base,5
1 pearl sugar,5
1 cup sesame seed,5
1 tablespoon mozzarella,5
1 teaspoon tomato broth,5
1 handful mushroom,5
1 oz monterey jack,5
1 pack vanillin sugar,5
1 bowl water,5
1 g pecorino,5
1 cup wheat crackers,5
1 lb ramen noodles,5
1 dash cream of tartar,5
1 teaspoon chili peppers,5
1 cup udon,5
1 handful oregano,5
1 box raspberry,5
1 count shrimp,5
1 red chili flakes,5
1 lb boar,5
1 ml tamarind,5
1 oz turmeric,5
1 piece guacamole,5
1 bottle gourd,5
1 cup black bean,5
1 ml red wine,5
1 slice gruyere,5
1 teaspoon garlic chili paste,5
1 gammon,5
1 tablespoon almond flour,5
1 lb chicken back,5
1 piece shrimp,5
1 cup licorice,5
1 piece chicken wings,5
1 piece vanilla ice cream,5
1 cup coconut vinegar,5
1 tablespoon spice mix,5
1 oz gingersnap cookie,5
1 cup liquor,5
1 cup armagnac,5
1 pork tripe,5
1 cup Japanese parsley,5
1 can clam juice,5
1 masa harina,5
1 lb caul fat,5
1 sprig fennel,5
1 can vegetable oil,5
1 slice kamaboko,5
1 tablespoon guajillo chili powder,5
1 cup kamut,5
1 tablespoon tangerine peel,5
1 g mixed seafood,5
1 Portuguese roll,5
1 pancetta,5
1 tablespoon red chili paste,5
1 lb stew meat,5
1 flat iron steak,5
1 cup pigeon pea,5
1 tablespoon locust beans,5
1 handful almonds,5
1 g monkfish,5
1 cornish game hen,5
1 lb char siu,5
1 dipping sauce,5
1 tablespoon glutinous rice flour,5
1 tablespoon chipotle paste,5
1 chipotle chilies in adobo,5
1 oz ground turkey,5
1 cup raita,5
1 cup garlic scapes,5
1 cup cornbread stuffing mix,5
1 set cake batter,5
1 whole wheat wrap,5
1 teaspoon sweet relish,5
1 lb pasta dough,5
1 cup basil pesto,5
1 piece parmesan cheese rind,5
1 filé powder,5
1 cup melon seeds,5
1 can artichoke hearts,5
1 cup yeast,5
1 cup soybeans,5
1 tablespoon vegetable seasoning,5
1 oz biscuits,5
1 cup pumpkin leaves,5
1 teaspoon white miso,5
1 chilies,5
1 cup hemp seed,5
1 cup strawberry puree,5
1 teaspoon potassium carbonate,5
1 lb rib,5
1 leaf tarragon,5
1 g sesame,5
1 teaspoon crab boil seasoning,5
1 ranch dip mix,5
1 tablespoon pineapple preserves,5
1 cup unsweetened chocolate,5
1 tub chicken stock,5
1 pack banana leaf,5
1 rib,5
1 cup wood chips,5
1 piece mushroom,5
1 oz palm sugar,5
1 piece cheese,5
1 cup candy corn,5
1 oz pretzel,5
1 cup strawberry jelly,5
1 cup red onion,5
1 cup grape seed oil,5
1 oz liverwurst,5
1 cup eggnog,5
1 slab baby back ribs,5
1 cup chocolate liqueur,5
1 panettone,5
1 tablespoon sazon seasoning,5
1 g mustard greens,5
1 teaspoon gomashio,5
1 set cream cheese frosting,5
1 blood sausage,5
1 lb fish bones,5
1 pack spanish rice,5
1 g pecorino romano,5
1 cup corn salsa,5
1 cup chocolate sandwich cookies,5
1 cup dry sherry,5
1 oz gai lan,5
1 tablespoon balsamic reduction,5
1 teaspoon blue cheese,5
1 pack instant pudding mix,5
1 tablespoon wheat starch,5
1 chocolate sauce,5
1 bunch epazote,5
1 count onion,5
1 cup annatto oil,5
1 lb turkey meatballs,5
1 bar semisweet chocolate,5
1 oz Mexican cheese blend,5
1 cup pork blood,5
1 lb eel,5
1 lb carnitas,5
1 tablespoon barbecue rub,5
1 pack vanilla instant pudding,5
1 slice pickles,5
1 teaspoon chipotle pepper in adobo sauce,5
1 cup egusi,5
1 pouch rice,5
1 ml whole milk,5
1 slice dill pickle,5
1 tofu skin,5
1 oz beef bouillon,5
1 sheet dough,5
1 g gammon,5
1 turkey neck,5
1 g anchovy,5
1 cup squash blossoms,5
1 cup cactus,5
1 cup puffed corn,5
1 tablespoon Mexican crema,5
1 cup M&Ms,5
1 cup onion soup mix,5
1 g venison,5
1 pack lasagna sheets,5
1 tablespoon herbes de Provence,5
1 oz foie gras,5
1 cup marshmallow fluff,5
1 sunflower seed,5
1 tablespoon tortilla chips,5
1 cup allspice,5
1 cup tomatillo sauce,5
1 oz sage,5
1 bunch dandelion greens,5
1 shot gin,5
1 g seafood,5
1 inch vegetable oil,5
1 g curry leaves,5
1 teaspoon chutney,5
1 piece cracker,5
1 g duck breast,5
1 cup feta,5
1 oz orange soda,5
1 cup fish paste,5
1 oz carbonated water,5
1 tablespoon roux,5
1 pint chicken broth,5
1 cup cheerios,5
1 cup beef brisket,5
1 prawns,5
1 shot sherry,5
1 oz oyster,5
1 piece nori,5
1 teaspoon kasoori methi,5
1 chocolate crust,5
1 oz grouper,5
1 sprig green onion,5
1 cup peppadew,5
1 oz corn husk,5
1 teaspoon sesame chili oil,5
1 cup Ritz crackers,5
1 tablespoon coconut powder,5
1 tablespoon adobo,5
1 bottle oil,5
1 teaspoon all purpose seasoning,5
1 g white bread,5
1 lemon extract,5
1 oz swordfish,5
1 cup emmental cheese,5
1 jar four cheese rosa sauce,5
1 corn salsa,5
1 pint clams,5
1 cup carnitas,5
1 oz yakisoba noodles,5
1 cup verjus,5
1 basa,5
1 sheet aburaage,5
1 jar raspberry preserve,5
1 count dinner roll,5
1 tablespoon chicken demi-glace,5
1 l tomato,5
1 l fish stock,5
1 cup panela cheese,5
1 stalk oregano,5
1 brisket,5
1 oz bucatini,5
1 cup beef suet,5
1 meatloaf,5
1 slice pear,5
1 cup kombu,5
1 tablespoon hibiscus,5
1 cup pork lard,5
1 chipotle chili,5
1 cup herb stuffing mix,5
1 oz smoked mozzarella,5
1 cup lily,5
1 pack pound cake mix,5
1 pork spare ribs,5
1 bunch butter lettuce,5
1 roll crescent roll,5
1 lb crayfish,5
1 cup lima beans,4
1 kg kangaroo,4
1 black bean,4
1 piece clove,4
1 teaspoon vitamin C,4
1 cup citrus juice,4
1 oz shirataki noodles,4
1 inch pizza dough,4
1 cup pink-eyed peas,4
1 salt and chili powder,4
1 g silken tofu,4
1 oz catalina dressing,4
1 g kabocha,4
1 lb turkey bacon,4
1 cup stout beer,4
1 lb pork fatback,4
1 pack ground turkey,4
1 oz sauce,4
1 g jarlsberg cheese,4
1 teaspoon hot red pepper sauce,4
1 kg venison,4
1 tablespoon toor dal,4
1 ml chili sauce,4
1 oz whole wheat bread,4
1 oz orgeat syrup,4
1 oz kombu,4
1 sparkling wine,4
1 g grapes,4
1 pack alfalfa sprouts,4
1 cup mushroom stock,4
1 beef short rib,4
1 egg egg,4
1 sirloin,4
1 lb horseradish,4
1 ml basmati rice,4
1 shot orange juice,4
1 inch lemon peel,4
1 bag chicken breast,4
1 teaspoon rose petals,4
1 tablespoon pumpkin spice,4
1 lb sweetbreads,4
1 duck fat,4
1 tablespoon pasilla chili powder,4
1 cup konbu dashi,4
1 g erythritol,4
1 cup non-dairy creamer,4
1 bottle brandy,4
1 lb alligator meat,4
1 inch parmesan cheese rind,4
1 dash club soda,4
1 jar black olive,4
1 cup American cheese,4
1 oz watermelon schnapps,4
1 g sirloin steak,4
1 oz drippings,4
1 oz chili paste,4
1 oz ranch dip mix,4
1 lb water,4
1 bag mozzarella,4
1 leaf rosemary,4
1 port wine,4
1 cup liquid aminos,4
1 bottle tomato,4
1 dash simple syrup,4
1 cup daikon sprouts,4
1 cup korma curry paste,4
1 lb wheat flour,4
1 whiskey,4
1 teaspoon sprinkles,4
1 g ramen noodles,4
1 cup lemon marmalade,4
1 piece butter,4
1 tablespoon pepper jack cheese,4
1 pack herb stuffing mix,4
1 g sweet potato starch,4
1 cup szechuan sauce,4
1 g halibut,4
1 oz salad dressing,4
1 piece parmesan rind,4
1 tablespoon blue cheese dressing,4
1 g bacon bits,4
1 scoop frozen yogurt,4
1 green chili sauce,4
1 pack dumpling wrapper,4
1 enoki mushroom,4
1 pack olive oil,4
1 cup lime zest,4
1 teaspoon chipotle peppers,4
1 lb bone,4
1 g calamari,4
1 sea urchin,4
1 lb beef top round,4
1 oz grape jelly,4
1 teaspoon anchovies,4
1 scoop ice,4
1 slice tofu,4
1 tablespoon beet juice,4
1 cup sweet rice wine,4
1 ml amaretto,4
1 cup green grapes,4
1 tablespoon beet,4
1 cup espresso powder,4
1 piece jalapeno,4
1 lb chicory,4
1 oz chipotle peppers in adobo sauce,4
1 teaspoon custard powder,4
1 tablespoon potassium nitrate,4
1 pack mexican blend cheese,4
1 top sirloin,4
1 bottle vinaigrette,4
1 ml rose water,4
1 teaspoon brandy extract,4
1 cup fondant,4
1 sausage gravy,4
1 chipotle salsa,4
1 oz endive,4
1 piece corn,4
1 sheet pasta,4
1 cup malted chocolate powder,4
1 g glutinous rice flour,4
1 dash jalapeno sauce,4
1 kg oxtail,4
1 ml oatmeal,4
1 oz sunflower seed,4
1 cup belgian endive,4
1 cup coconut milk powder,4
1 tablespoon Thai chili sauce,4
1 piece lime,4
1 teaspoon kahlua,4
1 lb knockwurst,4
1 lb cold cuts,4
1 tablespoon chipotle puree,4
1 teaspoon coconut milk,4
1 bag vegetables,4
1 peanuts,4
1 piece orange zest,4
1 teaspoon bacon grease,4
1 cup fruit peel,4
1 g spelt flour,4
1 can mussels,4
1 can chicken noodle soup,4
1 cup ground meat,4
1 cup cherry liqueur,4
1 tablespoon bouillon granules,4
1 cup cachaça,4
1 teaspoon olive,4
1 bag peach,4
1 oz seaweed,4
1 lb hamburger patty,4
1 g udon noodles,4
1 lingonberry jam,4
1 tablespoon campari,4
1 oz long beans,4
1 lb poppy seeds,4
1 adobo,4
1 cup bird's eye chili,4
1 chipotle pepper in adobo,4
1 jar pico de gallo,4
1 g ciabatta,4
1 jalapeno sauce,4
1 lb veal bones,4
1 garlic oil,4
1 tablespoon cheese sauce,4
1 lb beef tendon,4
1 bacon drippings,4
1 g white fish,4
1 chinese sausage,4
1 cup cucumber dressing,4
1 cup campari,4
1 bottle brown ale,4
1 tablespoon Thai sweet chili sauce,4
1 box farfalle,4
1 oz lemon peel,4
1 wheat tortilla,4
1 whole wheat tortilla,4
1 chipotle peppers,4
1 green curry paste,4
1 piece cabbage,4
1 oz pina colada mix,4
1 pack sweet potato,4
1 tablespoon marshmallow cream,4
1 box pistachio pudding mix,4
1 cup yellow pepper,4
1 jar orange drink mix,4
1 jar dill pickle,4
1 food coloring gel,4
1 cup macadamia nuts,4
1 lb belgian endive,4
1 rose,4
1 oz chipotle peppers in adobo,4
1 g kimchi,4
1 garlic pepper,4
1 chard,4
1 oz vanilla extract,4
1 cup mango sorbet,4
1 pint lemon sorbet,4
1 cube butter,4
1 teaspoon beef broth,4
1 rockfish,4
1 slice foie gras,4
1 tablespoon green chili sauce,4
1 cup vegetable crumbles,4
1 cup cream liqueur,4
1 teaspoon habanero,4
1 cup clotted cream,4
1 cup duck stock,4
1 shot cognac,4
1 dash honey,4
1 g coconut biscuits,4
1 tablespoon bean sprouts,4
1 mirin,4
1 tablespoon coconut syrup,4
1 clove shallot,4
1 quart flour,4
1 tablespoon guajillo chile,4
1 tablespoon sausage drippings,4
1 lb offal,4
1 oz blood orange juice,4
1 lb somen,4
1 kg water,4
1 chile,4
1 kg cucumber,4
1 pack instant yeast,4
1 lb vegetables,4
1 cup apricot juice,4
1 bar toffee,4
1 cup chicken fat,4
1 tangelo,4
1 teaspoon ginger and green chili paste,4
1 jar cherry,4
1 dash poultry seasoning,4
1 slice garlic,4
1 empanada wrapper,4
1 biscuit dough,4
1 cup textured soy protein,4
1 pork gravy,4
1 oz marsala wine,4
1 pack chocolate pudding,4
1 stuffed olive,4
1 tablespoon orange water,4
1 oz amaro,4
1 oz balsamic vinaigrette,4
1 teaspoon chocolate chips,4
1 cup sorghum syrup,4
1 pack pasta shells,4
1 quart cranberry juice,4
1 pint raspberry sorbet,4
1 kg shallot,4
1 kg rice noodles,4
1 pack chicken thigh,4
1 cup grain alcohol,4
1 g portobello mushroom,4
1 oz creme de cacao,4
1 g phyllo dough,4
1 g rutabaga,4
1 cup peas and corn,4
1 lima bean,4
1 teaspoon balsamic vinaigrette,4
1 kg olive,4
1 oz mango chutney,4
1 lb foie gras,4
1 giardiniera,4
1 piece baguette,4
1 pack anchovies,4
1 bunch salad greens,4
1 quart vegetable juice,4
1 slice feta cheese,4
1 tablespoon croutons,4
1 slice grapefruit,4
1 cup fava beans,4
1 tablespoon whole wheat pastry flour,4
1 tablespoon gorgonzola cheese,4
1 root beer,4
1 g sirloin,4
1 piece manicotti,4
1 tablespoon fruit spread,4
1 lb grape leaves,4
1 oz mackerel,4
1 count cardamom,4
1 tablespoon red bean paste,4
1 cup yellow split lentils,4
1 cup shortcrust pastry,4
1 tablespoon pork lard,4
1 dash onion salt,4
1 bottle hard apple cider,4
1 inch tomato,4
1 dash cajun seasoning,4
1 potato bun,4
1 cup Emmental cheese,4
1 can mango nectar,4
1 oz guava paste,4
1 piece catfish,4
1 tablespoon quinoa,4
1 green onions,4
1 cup alcohol,4
1 kg sauerkraut,4
1 clove cardamom,4
1 oz oregano,4
1 g chard,4
1 pack kool-aid,4
1 g sweetener,4
1 cup lemon pepper,4
1 tablespoon rogan josh curry paste,4
1 cup chimichurri,4
1 tablespoon citrus zest,4
1 oz focaccia,4
1 lb vegetable crumbles,4
1 lb mixed berries,4
1 roll bread roll,4
1 oz textured vegetable protein,4
1 pack four cheese ravioli,4
1 cup gourd,4
1 tablespoon herbes fines,4
1 oz Chinese cabbage,4
1 lb beet greens,4
1 stalk chard,4
1 oz sambuca,4
1 salt substitute,4
1 kg beans,4
1 lb sorrel,4
1 pickled cherry peppers,4
1 g soy yogurt,4
1 jar cherry pepper,4
1 oz pasilla chile,4
1 cup pepper sauce,4
1 can dinner roll,4
1 cup burdock,4
1 pack winter squash,4
1 teaspoon aji amarillo paste,4
1 tablespoon cream liqueur,4
1 cup ragi flour,4
1 oz Emmental cheese,4
1 black-eyed peas,4
1 piece apple,4
1 cup rooibos tea,4
1 quart raspberry,4
1 caramel syrup,4
1 jar mayonnaise,4
1 cup poultry,4
1 rock sugar,4
1 tablespoon yellow bean paste,4
1 lb fat,4
1 g imitation crab,4
1 beef t-bone steak,4
1 cup prune juice,4
1 pint fig,4
1 dash heavy cream,4
1 ml ketchup,4
1 pack breadstick dough,4
1 lb tomato sauce,4
1 kg watermelon,4
1 sweet soy sauce,4
1 oz peach juice,4
1 sourdough bread,4
1 cup M&M's,4
1 teaspoon curd,4
1 slice potato,4
1 teaspoon ammonium carbonate,4
1 tablespoon club soda,4
1 cup malted milk balls,4
1 white truffle,4
1 ml tamarind paste,4
1 oz lime,4
1 jar bacon bits,4
1 shrimp paste,4
1 cup yogurt dressing,4
1 g broccolini,4
1 teaspoon red chili pepper,4
1 jar hoisin sauce,4
1 cup clementine,4
1 can whole milk,4
1 penne,4
1 tablespoon cauliflower,4
1 sweet biscuits,4
1 tablespoon blood orange juice,4
1 teaspoon moroccan mixed spice,4
1 bottle ginger beer,4
1 tablespoon black gram,4
1 pack hamburger helper,4
1 apple juice,4
1 g fresh cheese,4
1 cup kung pao sauce,4
1 cup chocolate wafer,4
1 cup mesquite wood chips,4
1 bottle honey barbecue sauce,4
1 green chile paste,4
1 shot coffee liqueur,4
1 can chocolate frosting,4
1 ml cornstarch,4
1 cup red miso,4
1 oz cheese sauce,4
1 cup preserved lemon,4
1 oz grana padano,4
1 bottle vinegar,4
1 cup cheese dip,4
1 oz mango juice,4
1 piece asparagus,4
1 orange roughy,4
1 oz crabmeat,4
1 teaspoon instant espresso powder,4
1 piece banana,4
1 pack instant chocolate pudding,4
1 oz crescent roll,4
1 cup kashk,4
1 mastic,4
1 g morel,4
1 handful chives,4
1 oz short ribs,4
1 tablespoon Russian dressing,4
1 tablespoon fish stock,4
1 teaspoon fish oil,4
1 cup shaoxing rice wine,4
1 oz red bean,4
1 tablespoon chocolate liqueur,4
1 tablespoon pear,4
1 lotus root,4
1 white beans,4
1 can tequila,4
1 teaspoon tandoori spice mix,4
1 piece bitter melon,4
1 tablespoon creme de cacao,4
1 bottle Worcestershire sauce,4
1 cup greek salad dressing,4
1 oz raspberry syrup,4
1 teaspoon dry milk powder,4
1 oz rosemary,4
1 oz vanilla sugar,4
1 tablespoon aonori,4
1 teaspoon tandoori spice blend,4
1 lb pork skin,4
1 oz lamb shoulder,4
1 sheet tofu skin,4
1 piece horseradish,4
1 yellow chili pepper,4
1 g chicken tenderloin,4
1 pack wonton wrapper,4
1 cup pate,4
1 bottle picante sauce,4
1 ml cointreau,4
1 pack fusilli,4
1 cup dressing,4
1 tablespoon soybean,4
1 seltzer water,4
1 tablespoon dulse,4
1 tablespoon Greek dressing,4
1 pack fig,4
1 cup pineapple salsa,4
1 cup blueberry jam,4
1 can chestnut,4
1 cup blueberry syrup,4
1 tablespoon pearl sugar,4
1 oz chili seasoning,4
1 g lemon zest,4
1 cup greek dressing,4
1 cup labneh,4
1 cucuzza,4
1 oz raspberry preserve,4
1 slice zucchini,4
1 oz sprinkles,4
1 box vegetable broth,4
1 pink peppercorn,4
1 teaspoon skim milk,4
1 ml pasta sauce,4
1 piece squid,4
1 g salt pork,4
1 tablespoon sweet bean paste,4
1 cup red pepper sauce,4
1 teaspoon lime powder,4
1 ml white sauce,4
1 cup black bean spread,4
1 oz saffron,4
1 inch sausage casing,4
1 teaspoon masa harina,4
1 oz rotelle pasta,4
1 oz banana pepper,4
1 bottle pasta sauce,4
1 oz gemelli pasta,4
1 oz kimchi,4
1 inch butter,4
1 tablespoon prosciutto,4
1 cup Vietnamese coriander,4
1 pack bologna,4
1 french onion soup mix,4
1 ancho chili pepper,4
1 Italian dressing mix,4
1 cup queso añejo,4
1 tablespoon peach jam,4
1 teaspoon cloves,4
1 teaspoon carrot,4
1 jar horseradish,4
1 g pomegranate seeds,4
1 cup maraschino cherry juice,4
1 oz breadsticks,4
1 kg king prawn,4
1 oz cider,4
1 tablespoon fennel greens,4
1 tablespoon cocoa mix,4
1 piece pork belly,4
1 can passion fruit,4
1 tablespoon butter powder,4
1 pudding powder,4
1 bottle tomato juice,4
1 dumpling,4
1 cup garlic chili sauce,4
1 lb manicotti,4
1 matsutake mushroom,4
1 oz sazon seasoning,4
1 cup black sesame paste,4
1 inch lime zest,4
1 slice tuna,4
1 oz kasseri cheese,4
1 violet,4
1 lb rice flour,4
1 espresso powder,4
1 lb choy sum,4
1 g shimeji mushrooms,4
1 king crab,4
1 new mexico pepper,4
1 tablespoon citron,4
1 pack brie cheese,4
1 sandwich rolls,4
1 teaspoon cumin seeds,4
1 ml triple sec,4
1 teaspoon nori,4
1 cup pearl onion,4
1 cup kefalograviera cheese,4
1 tripe,4
1 cup fresh cream,4
1 piece avocado,4
1 oz hijiki,4
1 tablespoon red wine,4
1 lavender oil,4
1 pack cookie,4
1 bottle pomegranate juice,4
1 dash ketchup,4
1 pack tamarind,4
1 pack sun-dried tomato,4
1 oz penne pasta,4
1 oz buttermilk biscuits,4
1 cup black lentil,4
1 pack beef sausage,4
1 oz apple jelly,4
1 lb rib-eye steak,4
1 tablespoon red pepper jelly,4
1 tablespoon coffee extract,4
1 bag Fritos,4
1 oz italian sausage,4
1 count lime,4
1 lb mutton neck,4
1 gummy worms,4
1 oz tarragon,4
1 oz ciabatta,4
1 cup plum preserves,4
1 tablespoon muscovado sugar,4
1 oz rye flour,4
1 g rice starch,4
1 cup waterleaf,4
1 g comte cheese,4
1 lb brazil nut,4
1 tablespoon pumpkin,4
1 tablespoon graham cracker crumbs,4
1 oz sage derby cheese,4
1 kg turkey,4
1 oz soy,4
1 tablespoon white chocolate,4
1 pint mayonnaise,4
1 piece rice,4
1 sourdough roll,4
1 quart applesauce,4
1 ml broth,4
1 lb pasilla chile,4
1 oz brown rice pasta,4
1 cup rice bran oil,4
1 lb turkey breakfast sausage,4
1 oz sucralose,4
1 tablespoon corn flakes,4
1 tablespoon suet,4
1 oz four cheese,4
1 g caramel,4
1 can bean,4
1 g sucralose,4
1 chocolate chip cookie,4
1 cup shrimp broth,4
1 kosher salt,4
1 kg beef chuck steak,4
1 stalk garlic,4
1 tablespoon neufchatel cheese,4
1 cup raspberry sherbet,4
1 pint whiskey,4
1 tablespoon daikon radish,4
1 teaspoon coffee creamer,4
1 oz radicchio,4
1 g pork liver,4
1 lb coleslaw mix,4
1 pack alfredo sauce,4
1 ml cheddar cheese,4
1 cup orange soda,4
1 oz prosecco,4
1 tablespoon tandoori seasoning,4
1 pint brandy,4
1 lb lasagna sheets,4
1 cup huckleberry,4
1 oz apple juice concentrate,4
1 oz panela cheese,4
1 slice beet,4
1 broad beans,4
1 gruyere,4
1 set onion,4
1 oz char siu pork,4
1 lb kohlrabi,4
1 teaspoon pineapple juice,4
1 lb coppa,4
1 cup rye whisky,4
1 pack guacamole,4
1 teaspoon yellow curry paste,4
1 spice essence,4
1 tablespoon tartar sauce,4
1 wheat crackers,4
1 pack chocolate frosting,4
1 vanilla pudding,4
1 cup mojo criollo,4
1 g fenugreek leaves,4
1 bag shrimp,4
1 tablespoon salad cream,4
1 quart grape juice,4
1 smoked paprika,4
1 tablespoon watercress,4
1 aleppo pepper,4
1 g beef shank,4
1 queso fresco,4
1 bag white chocolate chips,4
1 slice green pepper,4
1 box mushroom,4
1 g brazil nut,4
1 pack chicken broth,4
1 oyster crackers,4
1 l buttermilk,4
1 teaspoon sichuan bean sauce,4
1 bag macaroni,4
1 cup cream sauce,4
1 cup Southern Comfort,4
1 lb ancho chili,4
1 teaspoon chicken flavor powder,4
1 sheet spring roll wrapper,4
1 teaspoon coffee liqueur,4
1 box cereal,4
1 g ground turkey,4
1 seroendeng,4
1 cup cassava leaves,4
1 l tomato juice,4
1 dash asafoetida,4
1 tablespoon thai tea,4
1 g wonton wrappers,4
1 tablespoon lemon pepper seasoning,4
1 g biscuits,4
1 shot bourbon,4
1 lb chickpea flour,4
1 tablespoon coriander leaves,4
1 cup mawa,4
1 mutton,4
1 ml garam masala,4
1 tablespoon cranberry jelly,4
1 lb wheat,4
1 kg pear,4
1 tablespoon coffee beans,4
1 g vanilla cake mix,4
1 oz cinnamon,4
1 g beef round steak,4
1 oz cheese spread,4
1 teaspoon sambal badjak,4
1 box vanilla pudding mix,4
1 g wakame,4
1 raspberry preserve,4
1 teaspoon feta cheese,4
1 tablespoon beef drippings,4
1 oz great northern beans,4
1 caper berries,4
1 tablespoon provolone cheese,4
1 tablespoon mixed nuts,4
1 pack english muffin,4
1 g ground lamb,4
1 pack Italian seasoning,4
1 tablespoon sunflower butter,4
1 turmeric leaves,4
1 lb pink beans,4
1 turkey tenderloin,4
1 oz sazon,4
1 cup pawpaw,4
1 teaspoon dill pickle relish,4
1 teaspoon chana masala,4
1 teaspoon mastic,4
1 cup Riesling,4
1 angelica,4
1 pint orange juice,4
1 cup tsuyu,4
1 tablespoon fried onions,4
1 teaspoon rapeseed oil,4
1 cup Parmigiano Reggiano,4
1 g ginger nut biscuit,4
1 slice mango,4
1 rice cracker,4
1 tablespoon piloncillo,4
1 oz ground chicken,4
1 g ladyfinger,4
1 oz duck,4
1 oz rhubarb,4
1 oz Parmesan cheese,4
1 cup brown rice vinegar,4
1 cm cucumber,4
1 oz mixed beans,4
1 lb persimmon,4
1 tablespoon brown rice flour,4
1 oz halloumi,4
1 pouch tuna,4
1 can marinara sauce,4
1 cup chili seasoning,4
1 slice chocolate,4
1 cup brioche,4
1 slice chorizo,4
1 ml sparkling wine,4
1 cup edible flowers,4
1 g duck,4
1 eel,4
1 dash cream,4
1 pack toffee bits,4
1 pack yellow rice mix,4
1 quart turkey broth,4
1 pint strawberry ice cream,4
1 orzo,4
1 quart bread,4
1 crab legs,4
1 dragon fruit,4
1 lb snail,4
1 lb burrata,4
1 piece nutmeg,4
1 lb chicken gizzards,4
1 teaspoon arbol chili powder,4
1 teaspoon brewer's yeast,4
1 kg pork ribs,4
1 pack Spanish rice and vermicelli,4
1 ml mustard oil,4
1 g soy sauce,4
1 vegetable seasoning,4
1 pack turnip greens,4
1 tablespoon Japanese parsley,4
1 lb chayote,4
1 teaspoon green pepper,4
1 brioche roll,4
1 oz red chili,4
1 cup cremini mushrooms,4
1 teaspoon sunflower seed,4
1 can black soybeans,4
1 pack crackers,4
1 pack orecchiette,4
1 pint clam,4
1 lb American cheese,4
1 slice beef shank,4
1 tablespoon malted chocolate powder,4
1 tablespoon beans,4
1 cup marinade,4
1 teaspoon fermented bean curd,4
1 oz tarragon vinegar,4
1 g avocado,4
1 oz egg nog,4
1 oz beef sirloin steak,4
1 tablespoon bird's eye chili,4
1 fondant,4
1 sofrito,4
1 g buttermilk,4
1 bag pretzel,4
1 cup self-rising white cornmeal,4
1 balsamic glaze,4
1 tablespoon balsamic dressing,4
1 oz morningstar farms crumbles,4
1 oz flounder,4
1 pack frosting,4
1 lb halloumi,4
1 tablespoon quince paste,4
1 tablespoon sunflower seeds,4
1 lb porcini mushrooms,4
1 tablespoon moroccan mixed spice,4
1 cup corn tortilla strips,4
1 tablespoon fig jam,4
1 tablespoon chicken,4
1 tablespoon green beans,4
1 teaspoon piri piri sauce,4
1 teaspoon apricot jam,4
1 kg basmati rice,4
1 tablespoon beef fat,4
1 slice cantaloupe,4
1 cup compote,4
1 slice papaya,4
1 oz button mushrooms,4
1 cup cocoa nibs,4
1 milkfish,4
1 cup shredded coconut,4
1 pack enchilada sauce,4
1 teaspoon spice essence,4
1 g molasses,4
1 g evaporated milk,4
1 tablespoon drippings,4
1 cup cellophane noodles,4
1 sheet tofu,4
1 teaspoon hot pepper paste,4
1 dash browning sauce,4
1 oz cranberry sauce,4
1 cup soda cracker crumbs,4
1 mm cinnamon,4
1 bar monterey jack cheese,4
1 pack banana pudding mix,4
1 creme de menthe,4
1 kg cherry,4
1 cup elderflower liqueur,4
1 cup vin santo,4
1 cup wasabi peas,4
1 tablespoon coconut nectar,4
1 can gumbo,4
1 tablespoon alfalfa sprouts,4
1 oz cinnamon schnapps,4
1 l tequila,4
1 inch celery,4
1 ml tea,4
1 cup galliano,4
1 teaspoon chipotle pepper sauce,4
1 tablespoon date syrup,4
1 teaspoon black truffle oil,4
1 bottle tomato sauce,4
1 oz sweet pepper,4
1 blue cheese dressing,4
1 teaspoon rock sugar,4
1 teaspoon garlic ginger paste,4
1 ml walnut oil,4
1 oz chocolate wafer,4
1 gyoza,4
1 cup soft drink,4
1 ml lychee liqueur,4
1 cup rye flakes,4
1 tablespoon Shaoxing rice wine,4
1 pomegranate molasses,4
1 offal,4
1 oz dry vermouth,4
1 teaspoon bacon bits,4
1 teaspoon green cardamom,4
1 g serrano ham,4
1 bunch tomato,4
1 tablespoon sweet bean sauce,4
1 tablespoon hot chocolate mix,4
1 tablespoon chamomile,4
1 cup cream of mushroom soup,4
1 portabella mushrooms,4
1 cup hazelnut liqueur,4
1 cup hot chocolate mix,4
1 oz coleslaw,4
1 g rock sugar,4
1 almond paste,4
1 pack pilaf mix,4
1 fish head,4
1 oz black olives,4
1 tablespoon melon seeds,4
1 slice cooked ham,4
1 bag corn husk,4
1 pack nori,4
1 chestnut mushroom,4
1 pack navy bean,4
1 oz cream soda,4
1 oz mixed peel,4
1 aji limo,4
1 tablespoon dried lime,4
1 lb beef bone marrow,4
1 pack pepper,4
1 oz portobello mushrooms,4
1 pack cookies,4
1 can green enchilada sauce,4
1 cup soda,4
1 cup non-dairy milk,4
1 tablespoon tonkatsu sauce,4
1 bottle french dressing,4
1 g cayenne pepper,4
1 oz kamaboko,4
1 crab sticks,4
1 lb pork roast,4
1 tablespoon seaweed,4
1 cup chayote,4
1 ml margarine,4
1 cup sugar beans,4
1 lb intestines,4
1 rotini,4
1 kg rabbit,4
1 teaspoon strawberry extract,4
1 cup potato sticks,4
1 bottle whiskey,4
1 quart ice,4
1 chocolate glaze,4
1 ml ginger wine,4
1 cup midori,4
1 lb rapini,4
1 cup corn smut,4
1 piece lavash,4
1 ciabatta bread,4
1 cup lobster stock,4
1 pack cauliflower,4
1 lb strip steak,4
1 quart corn,4
1 jar cocktail onion,4
1 pack soy chorizo,4
1 cup aburaage,4
1 oz Irish moss,4
1 ml chili oil,4
1 ml bourbon,4
1 teaspoon evaporated milk,4
1 pack yellow cake mix,4
1 cup rice cracker,4
1 pack instant noodles,4
1 tablespoon argan oil,4
1 lb manila clams,4
1 pint ale,4
1 cup oyster crackers,4
1 cup Jerusalem artichoke,4
1 gallon apple juice,4
1 handful herbs,4
1 ml cocoa,4
1 lb crab legs,4
1 morel,4
1 g beef liver,4
1 tablespoon vanilla syrup,4
1 tablespoon candied citron peel,4
1 oz capocollo,4
1 cup lemon balm,4
1 g vegetable oil,4
1 teaspoon wakame,4
1 can wax bean,4
1 cup sardine,4
1 tablespoon char siu sauce,4
1 tablespoon limeade concentrate,4
1 lb asiago cheese,4
1 teaspoon preserved lemon,4
1 g penne rigate,4
1 g potato chips,4
1 cup penne rigate,4
1 bamboo leaf,4
1 quart cherry,4
1 can dough,4
1 lb bean,4
1 cup lotus seed paste,4
1 cup black bean and corn salsa,4
1 beef onion soup mix,4
1 basket tomato,4
1 cup nopales,4
1 bottle vegetable juice,4
1 g grouper,4
1 teaspoon pandan,4
1 lb pastry dough,4
1 tablespoon candied fruit,4
1 cup frankfurter,4
1 g raisins,4
1 lb meatballs,4
1 oz baking chocolate,4
1 banana flower,4
1 cup green moong dal,4
1 tablespoon tomato passata,4
1 cup parmesan dressing,4
1 tablespoon semisweet chocolate chips,4
1 cup garlic salt,4
1 bottle cranberry juice,4
1 turkey pepperoni,4
1 piece lasagna noodle,4
1 oz lillet blanc,4
1 count corn husk,4
1 borage,4
1 g gooseberry,4
1 tortilla chip,4
1 gremolata,4
1 tablespoon wattleseed,4
1 g red currants,4
1 cracker crumbs,4
1 count green chili,4
1 stick bread,4
1 box Ritz crackers,4
1 cup tortilla,4
1 oz heart of palm,4
1 oz green chili sauce,4
1 oz yellow squash,4
1 g chili beans,4
1 cup teff flour,4
1 tablespoon mixed peel,4
1 cup old bay seasoning,4
1 tablespoon cream of wheat,4
1 lb avocado,4
1 can poppy seed,4
1 lb king oyster mushroom,4
1 can spaghetti,4
1 bottle prosecco,4
1 oz baguette,4
1 g custard powder,4
1 charcoal,4
1 Greek yogurt,4
1 oz wild mushrooms,4
1 cup neufchâtel cheese,4
1 lb berries,4
1 oz egg roll wrappers,4
1 can cream of mushroom and garlic soup,4
1 lb sourdough bread,4
1 lb lamb ribs,4
1 chipotle hot sauce,4
1 can chili peppers,4
1 ml mixed spice,4
1 lb pork back fat,4
1 head kale,4
1 bottle soy sauce,4
1 oz yellow split peas,4
1 cup cake crumbs,4
1 can cream of tomato soup,4
1 citrus juice,4
1 pint gelato,4
1 oz smoked gouda cheese,4
1 oz Swiss chard,4
1 cup vanilla frosting,4
1 kg veal,4
1 can beef bouillon,4
1 oz thousand island dressing,4
1 can button mushroom,4
1 lb jalapeno jack cheese,4
1 cup jute leaves,4
1 teaspoon vanilla paste,4
1 capon,4
1 pint berries,4
1 bottle rosé wine,4
1 cup cake mix,4
1 g French onion soup mix,4
1 tablespoon gravy powder,4
1 cup black bean garlic sauce,4
1 teaspoon fish stock,4
1 oz plum brandy,4
1 oz mixed berries,4
1 teaspoon nuts,4
1 cup masa dough,4
1 skim milk,4
1 tablespoon Thai red curry paste,4
1 oz hokkien noodles,4
1 whisky,4
1 brown sauce,4
1 leaf thyme,4
1 g black currant,4
1 cup grape leaves,4
1 tablespoon peanut flour,4
1 g sweet biscuits,4
1 cup dried pear,4
1 kangaroo,4
1 g apricot jam,4
1 slice chicken breast,4
1 red pepper sauce,4
1 g vegetable shortening,4
1 cup chocolate frosting,4
1 cup raspberry juice,4
1 piece focaccia,4
1 cup balsamic dressing,4
1 cup date syrup,4
1 oz Boursin cheese,3
1 arrowroot,3
1 box graham crackers,3
1 cup crème de cassis,3
1 pawpaw,3
1 pack breakfast sausage,3
1 cup char siu pork,3
1 pack Boursin cheese,3
1 cup lotus seeds,3
1 tablespoon cajun blackened seasoning,3
1 piece yellowtail,3
1 oz almond flour,3
1 oz bread flour,3
1 cup sweet onion,3
1 pasta sheets,3
1 pack camembert,3
1 dash cilantro,3
1 teaspoon garlic pepper,3
1 lb beef round tip roast,3
1 ml allspice,3
1 g sourdough starter,3
1 tablespoon citrus peel,3
1 can french onion soup,3
1 oz ribeye steak,3
1 lb beef rib,3
1 pack wood ear mushroom,3
1 handful parmesan,3
1 Swiss cheese,3
1 g Chinese broccoli,3
1 teaspoon water chestnut,3
1 cup juniper berries,3
1 jar apple jelly,3
1 piece beef tenderloin,3
1 self-raising flour,3
1 ml cornmeal,3
1 tablespoon plum juice,3
1 quart mayonnaise,3
1 kg strawberry,3
1 oz pickled herring,3
1 oz dandelion greens,3
1 jar salad dressing,3
1 inch pastry dough,3
1 tablespoon marshmallow creme,3
1 g longan,3
1 bottle marinara sauce,3
1 piece broccoli,3
1 pack dried cherries,3
1 cup trail mix,3
1 teaspoon lecithin,3
1 piece basil,3
1 jar red curry paste,3
1 tablespoon crab meat,3
1 dash half-and-half,3
1 slice tempeh bacon,3
1 kg grouper,3
1 tablespoon black rice vinegar,3
1 pack stuffing,3
1 crawfish,3
1 candied orange peel,3
1 oz brown rice noodles,3
1 tablespoon basil oil,3
1 can condensed french onion soup,3
1 bag chicken,3
1 can cinnamon roll,3
1 vegetable recipe mix,3
1 quart veal stock,3
1 jar gherkin,3
1 jar baby corn,3
1 cup turkey sausage,3
1 lb reblochon cheese,3
1 tablespoon blackcurrant liqueur,3
1 g green pepper,3
1 jar peach preserves,3
1 cup azuki bean,3
1 cup sichuan pepper,3
1 slice potato bread,3
1 quart fish stock,3
1 cup saffron,3
1 lb pizza crust,3
1 teaspoon fruit salt,3
1 g wheat bran,3
1 cup turkey bacon,3
1 cup strawberry ice cream topping,3
1 count chili pepper,3
1 cup falafel,3
1 tablespoon turnip,3
1 g cockles,3
1 g chicken bouillon,3
1 pack popcorn,3
1 waffle cone,3
1 oz bittersweet chocolate chips,3
1 cup coconut flakes,3
1 g unsweetened chocolate,3
1 dash seasoned salt,3
1 g chinese chives,3
1 g citrus peel,3
1 handful rosemary,3
1 g beef tenderloin,3
1 oz meringue,3
1 crayfish,3
1 cup dried peach,3
1 gravy mix,3
1 oz fruit cocktail,3
1 oz quince paste,3
1 flax seed,3
1 monkfish,3
1 tablespoon malted milk powder,3
1 tablespoon peach schnapps,3
1 jar hazelnut spread,3
1 oz croutons,3
1 piece toast,3
1 kg squid,3
1 ml rice wine,3
1 piece dried orange peel,3
1 gallon beef stock,3
1 teaspoon self-rising flour,3
1 vanilla custard,3
1 black salt,3
1 g choy sum,3
1 g gherkin,3
1 bottle tomato basil pasta sauce,3
1 pack buttermilk biscuit dough,3
1 lb whole wheat bread,3
1 cup chocolate chip cookie,3
1 box pudding and pie filling mix,3
1 peppadew pepper,3
1 yellowtail snapper,3
1 teaspoon hamburger seasoning,3
1 popcorn,3
1 teaspoon piri-piri sauce,3
1 bean,3
1 ml peach schnapps,3
1 g tortilla,3
1 oz vanilla liqueur,3
1 ml raspberry vinegar,3
1 g chocolate ripple biscuits,3
1 g orange zest,3
1 g winter melon,3
1 pint apple cider vinegar,3
1 cup ancho chile,3
1 oz apple brandy,3
1 bottle pale ale,3
1 teaspoon bengali 5 spice,3
1 pack raspberries,3
1 tablespoon pear brandy,3
1 g straw mushroom,3
1 Cornish game hen,3
1 strawberry syrup,3
1 g beef gravy,3
1 cup dry white vermouth,3
1 pack peach,3
1 l seltzer water,3
1 bottle cola,3
1 tablespoon date honey,3
1 cup water chestnut flour,3
1 oz plum sauce,3
1 oz brioche,3
1 oz biscotti,3
1 lb loin,3
1 teaspoon banana extract,3
1 cup herbes de provence,3
1 tablespoon malt,3
1 bag lentil,3
1 pigeon breast,3
1 cup butterscotch,3
1 moreton bay bug,3
1 sprig holy basil,3
1 teaspoon saccharin,3
1 cup grape jam,3
1 tablespoon wild rice,3
1 whole wheat crackers,3
1 white chocolate chips,3
1 cup ancho chile powder,3
1 can apple juice,3
1 can condensed consomme,3
1 whole-wheat flour tortillas,3
1 cup pastrami,3
1 american cheese,3
1 cup azuki bean paste,3
1 lb pie crust,3
1 oz caramel syrup,3
1 oz lemon,3
1 cup mashed potatoes,3
1 oz hake,3
1 lb cipollini onion,3
1 g cooking spray,3
1 cup black mushroom,3
1 pint fish stock,3
1 ml pear juice,3
1 cup gluten flour,3
1 oz green bell pepper,3
1 g rice noodle,3
1 bottle red pepper,3
1 kg beef ribs,3
1 can coconut pecan frosting,3
1 box cornstarch,3
1 tablespoon aioli,3
1 lb beef bacon,3
1 teaspoon nigella seed,3
1 teaspoon cane sugar,3
1 oz egg,3
1 teaspoon spirulina,3
1 oz choy sum,3
1 oz baking powder,3
1 teaspoon radish,3
1 oz garlic powder,3
1 g gai lan,3
1 dash rice wine,3
1 cup cocktail onion,3
1 bunch garlic,3
1 teaspoon garlic herb seasoning blend,3
1 can rice,3
1 ml peach,3
1 count clove,3
1 sandwich buns,3
1 teaspoon pandan essence,3
1 handful dill,3
1 teaspoon gram flour,3
1 pack noodle nests,3
1 g rotini,3
1 oz turkey kielbasa,3
1 cup red chili pepper,3
1 can cannellini bean,3
1 tablespoon dried fruit,3
1 g borlotti beans,3
1 cup digestive biscuits,3
1 teaspoon pumpkin spice,3
1 pack rotini pasta,3
1 cup nacho cheese,3
1 tablespoon amino acids,3
1 half and half,3
1 cup coconut butter,3
1 lb egg roll wrapper,3
1 cup oat,3
1 cup apple puree,3
1 slice ground beef,3
1 jar sun-dried tomato pesto,3
1 piece zucchini,3
1 oz cranberry bean,3
1 pack chicken noodle soup,3
1 teaspoon spice mix,3
1 ml tia maria,3
1 oz taleggio,3
1 hokkien noodles,3
1 cup cointreau,3
1 cranberry sauce,3
1 tablespoon clam juice,3
1 cup beef jerky,3
1 soft shell crab,3
1 cup tofu skin,3
1 tablespoon roast beef seasoning,3
1 teaspoon fenugreek seeds,3
1 lb beef bottom round,3
1 ghost pepper,3
1 cup baking chips,3
1 pumpkin pie spice,3
1 cup almond oil,3
1 cup pork loin,3
1 bag monterey jack cheese,3
1 chipotle pepper sauce,3
1 ml hoisin sauce,3
1 vegetarian chicken bouillon,3
1 can baking soda,3
1 oz snow pea,3
1 tablespoon pepper oil,3
1 teaspoon achiote paste,3
1 lb veal kidney,3
1 jar strawberry preserves,3
1 pint coffee,3
1 liqueur,3
1 bottle Russian dressing,3
1 tablespoon XO sauce,3
1 g adzuki beans,3
1 count serrano pepper,3
1 cup cipollini onion,3
1 Sichuan peppercorn,3
1 piece rice noodles,3
1 grits,3
1 winter melon,3
1 oz sloe gin,3
1 can raspberry,3
1 tablespoon onion seed,3
1 can soda water,3
1 tablespoon elderflower cordial,3
1 stick mozzarella cheese,3
1 teaspoon chipotle chile puree,3
1 agave nectar,3
1 red dates,3
1 teaspoon chicken powder,3
1 tablespoon tandoori curry paste,3
1 bottle white wine vinegar,3
1 piece chicken leg,3
1 goat,3
1 lb cheese curds,3
1 ml rosé wine,3
1 lamb sausage,3
1 aji panca,3
1 cup hard apple cider,3
1 cactus,3
1 oz four cheese pasta sauce,3
1 g pate,3
1 nasturtium petals,3
1 tablespoon non-dairy milk,3
1 g tempeh,3
1 bottle lemonade,3
1 tablespoon broccoli,3
1 g sticky rice,3
1 cup yellow curry paste,3
1 cup winter melon,3
1 slice serrano pepper,3
1 oz curry paste,3
1 teaspoon chili lime seasoning,3
1 oz maraschino cherry juice,3
1 slice panettone,3
1 basil vinaigrette,3
1 cup earl grey tea,3
1 tablespoon jasmine rice,3
1 bunch shimeji mushroom,3
1 g beef sirloin,3
1 oz milk powder,3
1 teaspoon leek,3
1 marmite,3
1 count shallot,3
1 lb wild boar,3
1 teaspoon jerk spice,3
1 lamb kidney,3
1 can fruit pie filling,3
1 cup green peppercorn,3
1 g candied lemon peel,3
1 bean sprout,3
1 lb campanelle,3
1 slice jarlsberg cheese,3
1 oz ladyfinger,3
1 rice vermicelli,3
1 dragee,3
1 count chili,3
1 oz pumpernickel bread,3
1 ml fruit juice,3
1 lb vegetable shortening,3
1 oz potato flour,3
1 lb chinese sausage,3
1 bunch shiso,3
1 g new potatoes,3
1 Weetabix,3
1 piece wonton wrappers,3
1 oz allspice,3
1 oz potassium nitrate,3
1 head lavender,3
1 g gouda,3
1 g ribbon noodles,3
1 g corned beef,3
1 g oat bran,3
1 oz graham cracker crumbs,3
1 l red wine,3
1 cup strawberry juice,3
1 cup sumac,3
1 cup candy bar,3
1 teaspoon kasuri methi,3
1 tablespoon dripping,3
1 tablespoon date molasses,3
1 tablespoon barberry,3
1 stick string cheese,3
1 tablespoon split peas,3
1 cup ginger snap,3
1 teaspoon coriander seed,3
1 pig foot,3
1 oz garlic chives,3
1 cup tamarind chutney,3
1 teaspoon malt,3
1 cup peach brandy,3
1 stalk celery leaves,3
1 oz fat,3
1 toffee,3
1 pig ear,3
1 cup buffalo ranch dressing,3
1 pack beef hot dog,3
1 tablespoon sourdough starter,3
1 beef patty,3
1 quart sour cream,3
1 teaspoon edible glitter,3
1 squab,3
1 lb napa cabbage,3
1 wheat germ,3
1 teaspoon hazelnut extract,3
1 macaroon,3
1 g nutmeg,3
1 teaspoon Sichuan pepper,3
1 cup cheddar and monterey jack cheese,3
1 quart brandy,3
1 lb candied lemon peel,3
1 pint vegetable oil,3
1 carbonated water,3
1 marzipan,3
1 pack dumplings,3
1 inch garlic,3
1 piece pistachio,3
1 slice fish,3
1 oz cloud ear mushroom,3
1 tablespoon grape molasses,3
1 cup sweet thai chili sauce,3
1 ml shaoxing wine,3
1 oz applejack,3
1 teaspoon chili puree,3
1 pack vegetable blend,3
1 cube stock,3
1 cup water spinach,3
1 mixed peel,3
1 g ginger biscuits,3
1 cup korean barbecue sauce,3
1 cup apple dip,3
1 teaspoon pastis,3
1 g gram flour,3
1 beef stock cube,3
1 pack biscuits,3
1 dash oyster sauce,3
1 cup soybean paste,3
1 can apple juice concentrate,3
1 lb redfish,3
1 sheet banana leaf,3
1 can green chile salsa,3
1 ml treacle,3
1 cup pork sausage,3
1 g madeira cake,3
1 round bread,3
1 green chili paste,3
1 cup black cherry juice,3
1 shot cointreau,3
1 lb refried beans,3
1 teaspoon coriander cumin powder,3
1 cup ragu old world style pasta sauce,3
1 tablespoon chipotle chili,3
1 oz double Gloucester cheese,3
1 g chestnut flour,3
1 teaspoon whisky,3
1 oz ham hock,3
1 sesame seed roll,3
1 cup chanterelle,3
1 bottle Riesling,3
1 g mandarin,3
1 cup idli,3
1 masala,3
1 citric acid,3
1 jar vodka sauce,3
1 teaspoon gherkin,3
1 tablespoon pomegranate,3
1 turkey hot dog,3
1 dash sweet vermouth,3
1 tamale dough,3
1 pack cheese tortellini,3
1 lb asadero cheese,3
1 lb string cheese,3
1 tablespoon grapefruit zest,3
1 lb smoked haddock,3
1 flan,3
1 cup yogurt cheese,3
1 cup brie,3
1 slice soppressata,3
1 sprig bay leaf,3
1 g sorrel,3
1 teaspoon lentils,3
1 pack mashed potatoes,3
1 can condensed soup,3
1 lb sirloin roast,3
1 kg bitter melon,3
1 oz button mushroom,3
1 kashmiri chili,3
1 stick cassia,3
1 oz pork skin,3
1 lb biscuit,3
1 kg goat,3
1 g black gram,3
1 handful almond,3
1 piece rye bread,3
1 g raspberry jam,3
1 teaspoon tapioca,3
1 g graham crackers,3
1 suckling pig,3
1 cup annatto,3
1 g herbs,3
1 tablespoon rye flour,3
1 tablespoon sesame seed,3
1 teaspoon black beans,3
1 oz red currants,3
1 lemon essence,3
1 slice havarti,3
1 chicken drumette,3
1 ml rosemary,3
1 ml thyme,3
1 oz olive tapenade,3
1 pork casing,3
1 cup jalapeño,3
1 pack red beans and rice,3
1 cup italian cheese blend,3
1 pack frankfurter,3
1 raita,3
1 teaspoon kewra water,3
1 sake,3
1 lb green pepper,3
1 g monterey jack cheese,3
1 bunch curry leaf,3
1 g bird's eye chili,3
1 cup rye,3
1 pack boursin cheese,3
1 oz clotted cream,3
1 pint creme fraiche,3
1 lb chicken gizzard,3
1 pint crab meat,3
1 cup latik,3
1 Jerusalem artichoke,3
1 g Mars bar,3
1 tablespoon biryani spice mix,3
1 ml mango juice,3
1 teaspoon beer,3
1 teaspoon gravy powder,3
1 tablespoon hazelnuts,3
1 lb self-raising flour,3
1 royal icing,3
1 teaspoon pickles,3
1 coconut cream,3
1 kg tripe,3
1 teaspoon tandoori seasoning,3
1 oz prickly pear syrup,3
1 tablespoon poppy seed paste,3
1 marmalade,3
1 tablespoon wheat,3
1 ml ricotta,3
1 cup peach salsa,3
1 ml rice wine vinegar,3
1 cup lemon soda,3
1 g cake mix,3
1 pack baking powder,3
1 bunch cauliflower,3
1 g mango chutney,3
1 cup cream cheese frosting,3
1 teaspoon tandoori paste,3
1 cup snow pea shoots,3
1 sheet kelp,3
1 cup garri,3
1 tablespoon goose fat,3
1 oz nutmeg,3
1 tablespoon edible glitter,3
1 set pasta,3
1 tablespoon confectioners' sugar,3
1 jar curry sauce,3
1 teaspoon cashew nut paste,3
1 pint red wine vinegar,3
1 ginkgo nuts,3
1 telera roll,3
1 oz navy beans,3
1 handful walnut,3
1 cup raspberries,3
1 teaspoon spaghetti sauce,3
1 cup pale ale,3
1 cup jelly beans,3
1 kg pistachio,3
1 g lemon curd,3
1 tablespoon black truffle,3
1 oz garlic sausage,3
1 tablespoon lime powder,3
1 can chestnut puree,3
1 lb chard,3
1 quart egg nog,3
1 teaspoon chile powder,3
1 dripping,3
1 cup pork bone broth,3
1 cup cranberry chutney,3
1 can blackberry,3
1 golden syrup,3
1 piece red pepper,3
1 slice Chinese sausage,3
1 slice fish cake,3
1 leaf hoja santa,3
1 g yellow split lentils,3
1 cup maltose,3
1 piece cashew,3
1 cup pinot grigio,3
1 jar sun-dried tomato alfredo sauce,3
1 sweet roll,3
1 teaspoon peppermint,3
1 oz digestive biscuits,3
1 blue cheese sauce,3
1 teaspoon thai chili,3
1 oz cookie dough,3
1 tablespoon green olives,3
1 cup prune puree,3
1 tablespoon roe,3
1 lb lamb loin,3
1 teaspoon peppermint oil,3
1 slice naan,3
1 okonomiyaki sauce,3
1 bottle Greek dressing,3
1 g pickled ginger,3
1 oz sofrito,3
1 cinnamon oil,3
1 handful celery,3
1 oz white sauce,3
1 handful chili pepper,3
1 pint soy sauce,3
1 tablespoon pumpkin seed oil,3
1 pack saffron,3
1 oz rice cake,3
1 sheet graham crackers,3
1 lb tomato puree,3
1 bison,3
1 cup short-grain rice,3
1 cup tomato chili sauce,3
1 slice steak,3
1 teaspoon broad bean chili paste,3
1 bunch mizuna,3
1 cup juice concentrate,3
1 cup yuzu juice,3
1 teaspoon sichuan seasoning,3
1 oz cherry cola,3
1 tablespoon cherry jam,3
1 oz strawberry liqueur,3
1 dash rice wine vinegar,3
1 cup pickled jalapenos,3
1 pack chicken wings,3
1 g kasseri cheese,3
1 beef consomme,3
1 chocolate fudge frosting,3
1 teaspoon tobiko,3
1 teaspoon mahleb,3
1 cup xylitol,3
1 cup sorbet,3
1 cocktail sauce,3
1 piece okra,3
1 tablespoon sauerkraut,3
1 g pectin,3
1 teaspoon green chile,3
1 lb manouri cheese,3
1 pack tri-color spiral pasta,3
1 cup lovage,3
1 cup wheat noodles,3
1 beef sirloin steak,3
1 can red curry paste,3
1 lb cockles,3
1 garlic scapes,3
1 ml seafood stock,3
1 jar barbecue sauce,3
1 oz potato starch,3
1 slice pickled jalapeno,3
1 stalk kale,3
1 oz breadcrumbs,3
1 teaspoon caramel,3
1 oz sun-dried tomato pesto,3
1 cup mocha sauce,3
1 slice Texas toast,3
1 cup kalamata olive,3
1 teaspoon caramel syrup,3
1 ml passion fruit,3
1 oz orange marmalade,3
1 sugar cookie mix,3
1 cup passion fruit puree,3
1 cup blackcurrant liqueur,3
1 pack blackberry,3
1 teaspoon salt and black pepper,3
1 leaf watercress,3
1 lb milk chocolate,3
1 tablespoon maple extract,3
1 cup lemon thyme,3
1 box green beans,3
1 handful salad greens,3
1 kg leek,3
1 teaspoon black bean paste,3
1 teaspoon pimento,3
1 cup lasagna noodle,3
1 bottle food coloring,3
1 cilantro bouillon,3
1 lb havarti,3
1 cup pudding,3
1 pint wine vinegar,3
1 g bean thread noodles,3
1 head celeriac,3
1 cup dr pepper,3
1 tablespoon arborio rice,3
1 g red bean,3
1 beef sirloin,3
1 citrus,3
1 teaspoon semolina,3
1 ramp,3
1 bacon grease,3
1 safflower oil,3
1 teaspoon brown bean sauce,3
1 hamburger buns,3
1 g pork ears,3
1 jar pinto beans,3
1 tablespoon montreal steak seasoning,3
1 pack tofu skin,3
1 teaspoon orange flower water,3
1 lb kidney,3
1 lb pea shoots,3
1 slice banana pepper,3
1 g shirataki noodles,3
1 cup pineapple orange juice,3
1 tablespoon semisweet chocolate,3
1 pack Spanish rice,3
1 beef top loin steak,3
1 bag peppermint tea,3
1 bottle teriyaki sauce,3
1 pack glass noodles,3
1 dash triple sec,3
1 cup tabbouleh,3
1 oz raspberry schnapps,3
1 cup sushi rice,3
1 jar turkey gravy,3
1 oz breakfast sausage,3
1 slice lasagna noodle,3
1 oz mixed salad greens,3
1 cup apple chutney,3
1 box butterscotch pudding mix,3
1 kefalotyri cheese,3
1 kg ground pork,3
1 pack mixed salad greens,3
1 can root beer,3
1 cup black-eyed pea,3
1 birdseye chili,3
1 beef chuck eye roast,3
1 tablespoon grana padano cheese,3
1 g pasta shells,3
1 raspberry sauce,3
1 leaf spearmint,3
1 tablespoon herb vinegar,3
1 g vegetarian ground round,3
1 oz grappa,3
1 oz strawberry yogurt,3
1 tablespoon meat stock,3
1 bottle sweet and sour sauce,3
1 cup rice paper,3
1 bread flour,3
1 oz almond liqueur,3
1 halloumi cheese,3
1 g taleggio,3
1 cm orange zest,3
1 oz cream of coconut,3
1 rice flour,3
1 cup candied ginger,3
1 cup celery seed,3
1 teaspoon tomato bouillon,3
1 shrimp stock,3
1 cup lingonberry sauce,3
1 bottle grape juice,3
1 teaspoon pimiento,3
1 quart club soda,3
1 cherry juice,3
1 lemon yogurt,3
1 cup snap beans,3
1 tablespoon mole sauce,3
1 cup splenda,3
1 teaspoon rose syrup,3
1 apricot preserves,3
1 teaspoon orange essence,3
1 lb acini di pepe,3
1 g kumquat,3
1 oz citron peel,3
1 cup padron pepper,3
1 oz serrano pepper,3
1 tablespoon asadero cheese,3
1 cup gjetost cheese,3
1 oz strawberry cream liqueur,3
1 hamburger,3
1 quart tea,3
1 oz four cheese blend,3
1 oz sunflower oil,3
1 jar cilantro salsa,3
1 rib eye roast,3
1 g italian sausage,3
1 jar grape jelly,3
1 tablespoon potassium carbonate,3
1 pack whole wheat spaghetti,3
1 teaspoon fresh cheese,3
1 tablespoon jerk spice,3
1 cup tonic water,3
1 teaspoon grapefruit zest,3
1 kg sausage,3
1 pack collard greens,3
1 oz chocolate milk,3
1 g long beans,3
1 lb duck liver,3
1 oz beef suet,3
1 lb diced potatoes,3
1 slice scotch bonnet pepper,3
1 lb vegetarian sausage,3
1 cup buckwheat noodles,3
1 lb spam,3
1 kg chicken drumettes,3
1 cup mixed beans,3
1 cup cress,3
1 kg orange,3
1 cup buttermilk dressing,3
1 piece pork loin,3
1 dash cranberry juice,3
1 bag english breakfast tea,3
1 bottle gin,3
1 beef bone marrow,3
1 pack bagel,3
1 cup capicola,3
1 cup garam masala,3
1 cup pad thai sauce,3
1 oz goose liver,3
1 g liver,3
1 tablespoon manchego cheese,3
1 cup nut oil,3
1 tablespoon date sugar,3
1 lb mirepoix,3
1 cup split yellow peas,3
1 g tilapia,3
1 g beef chuck,3
1 lb sea bream,3
1 honeydew,3
1 ml peanut,3
1 cup chinese sausage,3
1 cup bulgogi sauce,3
1 bunch taro leaves,3
1 cup dill relish,3
1 ml sweet soy sauce,3
1 g sheep cheese,3
1 clove onion,3
1 sachet taco seasoning,3
1 g chili paste,3
1 yuzu,3
1 lb soybean,3
1 cup remoulade sauce,3
1 teaspoon seaweed,3
1 teaspoon chipotle adobo sauce,3
1 cup guava,3
1 sloppy joe seasoning mix,3
1 oz panang curry paste,3
"1 cilantro, chives",3
1 teaspoon celery powder,3
1 inch shrimp paste,3
1 cup vanilla pudding mix,3
1 bunch pea shoots,3
1 tablespoon buckwheat flour,3
1 veal shoulder,3
1 lb chocolate chips,3
1 beef neck bones,3
1 tablespoon sriracha garlic sauce,3
1 tablespoon seafood boil seasoning,3
1 cup buttermilk biscuit mix,3
1 tablespoon candied lemon peel,3
1 pack marzipan,3
1 tablespoon chili pepper jam,3
1 cup cookie dough,3
1 cup semi-sweet chocolate,3
1 bag blueberries,3
1 ml soy cream,3
1 handful carrot,3
1 tablespoon anaheim chili,3
1 lemon vinaigrette,3
1 rambutan,3
1 g lamb neck,3
1 can chipotle chilies in adobo,3
1 g sardine,3
1 lb hazelnut,3
1 lb chuck eye steak,3
1 ml marsala,3
1 snoek,3
1 tablespoon soy yogurt,3
1 tablespoon self raising flour,3
1 g snapper,3
1 miso,3
1 oz maitake mushroom,3
1 teaspoon kabsa spice blend,3
1 cube vegetable bouillon,3
1 oz beef eye round,3
1 tablespoon broad bean chili paste,3
1 slice salt pork,3
1 pint mango sorbet,3
1 ml flax seed,3
1 gochujang,3
1 cup giblets and neck,3
1 l beer,3
1 lb bamboo shoot,3
1 lb pork tail,3
1 tablespoon cherry juice,3
1 teaspoon red chilli,3
1 tablespoon gluten flour,3
1 kelp,3
1 cup boondi,3
1 burrito seasoning,3
1 g quorn,3
1 g pollock,3
1 teaspoon malted milk powder,3
1 box beef,3
1 sheet fish cake,3
1 piece tortilla chips,3
1 tablespoon chocolate milk powder,3
1 cup green chile enchilada sauce,3
1 lb hickory wood chips,3
1 oz scallion,3
1 lb beef foot,3
1 tablespoon whey,3
1 red onion,3
1 oz fiddleheads,3
1 tablespoon chocolate curls,3
1 summer savory,3
1 cup dumplings,3
1 cup batter,3
1 g potato starch,3
1 lb ribeye,3
1 g squash,3
1 oz bonito,3
1 scotch bonnet chili,3
1 ml spaghetti sauce,3
1 lb honeydew melon,3
1 can triple sec,3
1 g dates,3
1 cup cowpea,3
1 tablespoon serrano chili,3
1 lb kabocha,3
1 tablespoon curaçao,3
1 ml rice milk,3
1 lb delicata squash,3
1 tablespoon pasta water,3
1 cup mint sauce,3
1 oz vanilla vodka,3
1 lb banana leaf,3
1 lb bone marrow,3
1 handful kale,3
1 shot simple syrup,3
1 cup matsutake mushroom,3
1 slice sun-dried tomato,3
1 lb serrano pepper,3
1 teaspoon jasmine tea,3
1 ml irish cream,3
1 cup green olive,3
1 tsuyu,3
1 inch cilantro,3
1 g oat flour,3
1 cup garlic dressing,3
1 pint pepper,3
1 crème anglaise,3
1 cup golden grahams,3
1 red pepper powder,3
1 tablespoon tapioca pearls,3
1 cup amaranth leaves,3
1 set ragù,3
1 lb flap steak,3
1 cup white chocolate wafer,3
1 piece parmesan,3
1 sheet ginger,3
1 cup dijon vinaigrette,3
1 tablespoon pickled plum,3
1 tablespoon taco soup seasoning,3
1 pork rind,3
1 cup sugarcane juice,3
1 gallon yogurt,3
1 tablespoon peppermint extract,3
1 cup italian sausage,3
1 beef rib,3
1 tablespoon habanero hot sauce,3
1 loquat,3
1 cup tia maria,3
1 teaspoon fat,3
1 lb jerusalem artichoke,3
1 gallon canola oil,3
1 oz violet syrup,3
1 kg chickpeas,3
1 g bolognese sauce,3
1 lb pumpernickel bread,3
1 teaspoon pink curing salt,3
1 tablespoon cheese blend,3
1 key lime,3
1 tablespoon tempura flour,3
1 cup papaya nectar,3
1 lb green chile pepper,3
1 kool-aid,3
1 teaspoon Tex-Mex seasoning,3
1 cup goose fat,3
1 tablespoon sweet and sour mix,3
1 espresso,3
1 l carbonated water,3
1 tablespoon red chili powder,3
1 pinch pasta,3
1 bouillon cubes,3
1 g spaghetti sauce,3
1 lb mixed salad greens,3
1 quart beer,3
1 piece ravioli,3
1 nutritional yeast,3
1 bunch bean sprouts,3
1 ponzu sauce,3
1 basket strawberry,3
1 lb white cheese,3
1 oz eel,3
1 cup shrimp crackers,3
1 cup brick cheese,3
1 teaspoon maggi seasoning sauce,3
1 teaspoon citrus zest,3
1 oz liver pate,3
1 oz coconut oil,3
1 cup vegetarian ground round,3
1 teaspoon truffle salt,3
1 oz strawberry syrup,3
1 mustard greens,3
1 scoop yogurt,3
1 sprig lemon verbena,3
1 kg turkey breast,3
1 tablespoon seafood seasoning,3
1 pack butter,3
1 oysters,3
1 cup chicken skin,3
1 lb cuttlefish,3
1 bottle maraschino cherry,3
1 cup pork and beans,3
1 ml orange blossom water,3
1 ml sambuca,3
1 l mushroom,3
1 tablespoon Tex-Mex seasoning,3
1 tablespoon hazelnut syrup,3
1 smoked salt,3
1 gallon tomato sauce,3
1 oz flour tortilla,3
1 dash rose water,3
1 cup choux pastry,3
1 quart corn oil,3
1 cup cake,3
1 count red chili,3
1 pack asadero cheese,3
1 tablespoon mango pickle,3
1 leaf lemon,3
1 ciabatta rolls,3
1 cup brown sauce,3
1 kg beetroot,3
1 cup candlenut,3
1 box cracker,3
1 tablespoon maraschino cherry,3
1 tablespoon green salsa,3
1 tablespoon brown rice,3
1 oz whole wheat fusilli,3
1 black cumin,3
1 cup chili flakes,3
1 tablespoon chile de árbol,3
1 tablespoon raspberry juice,3
1 teaspoon anisette,3
1 teaspoon apple cider,3
1 cup herb dressing,3
1 cup carrot greens,3
1 cup kombu dashi,3
1 lb rice noodle,3
1 g guajillo chili,3
1 cup vodka sauce,3
1 pack chicken bouillon,3
1 oz winter squash,3
1 cup shishito pepper,3
1 brownie mix,3
1 oz coconut liqueur,3
1 slice colby jack cheese,3
1 pack watercress,3
1 tablespoon prawn,3
1 teaspoon kewra,3
1 lb colby cheese,3
1 baking spray,3
1 cup aged cheese,3
1 cup cape gooseberry,3
1 pack meatless ground burger,3
1 cup tomato cream sauce,3
1 oz pea shoots,3
1 teaspoon dry mango powder,3
1 Thai green chili,3
1 ml dill,3
1 sprig herb,3
1 oz cracker,3
1 split peas,3
1 lentil,3
1 bunch rice noodles,3
1 oz broad beans,3
1 can peanut,3
1 g mixed beans,3
1 g shiitake,3
1 pack rice pilaf,3
1 tablespoon maca,3
1 cup raspberry cranberry juice concentrate,3
1 lb concord grapes,3
1 bottle spaghetti sauce,3
1 sandwich roll,3
1 poppadom,3
1 g cream of mushroom soup,3
1 cup piri-piri sauce,3
1 oz whole wheat rotini,3
1 count eggplant,3
1 teaspoon sazon seasoning,3
1 lb pike,3
1 can nacho cheese,3
1 cup kimchi juice,3
1 ml french dressing,3
1 cup beluga lentils,3
1 jar chili pepper,3
1 hake,3
1 ml parmesan cheese,3
1 cup guava jelly,3
1 cup Brussels sprouts,3
1 cup lily buds,3
1 l sugar,3
1 piece mahi-mahi,3
1 cup octopus,3
1 oz cayenne pepper,3
1 cup pea flour,3
1 lb pastina,3
1 pork hocks,3
1 slice jack cheese,3
1 cup gochugaru,3
1 g dark chocolate chips,3
1 oz mustard greens,3
1 cup chili bean paste,3
1 lb beef neck bone,3
1 cup French dressing,3
1 corn tortilla chips,3
1 shot brandy,3
1 calvados,3
1 cup black cumin,3
1 lb dumplings,3
"1 macadamia nut, coconut, key lime",3
1 bottle sparkling water,3
1 cup periwinkle,3
1 cup yellow beans,3
1 tablespoon key lime zest,3
1 cup hemp milk,3
1 cup ugu,3
1 tablespoon hawaij,3
1 oz cranberry orange sauce,3
1 g vanilla extract,3
1 tablespoon dark sweet soy sauce,3
1 can club soda,3
1 cup truvia baking blend,3
1 ml Irish cream,3
1 lb langoustine,3
1 g amarettini,3
1 g sichuan pepper,3
1 bottle soda water,3
1 piece creme fraiche,3
1 arborio rice,3
1 g chili flakes,3
1 tablespoon açaí powder,3
1 farfalle,3
1 cup fruit puree,3
1 tablespoon light soy sauce,3
1 Italian bread,3
1 pack hokkien noodles,3
1 can beetroot,3
1 soda,3
1 g dough,3
1 cube broth,3
1 g konjac,3
1 g root vegetable,3
1 piece mustard,3
1 inch bacon,3
1 can chili with beans,3
1 teaspoon oatmeal,3
1 quart ketchup,3
1 tablespoon plum wine,3
1 oz conch,3
1 can green bean,3
1 piece kokum,3
1 pack pita bread,3
1 pack pork breakfast sausage,3
1 can red enchilada sauce,3
1 tablespoon pan drippings,3
1 cup cookie crumb,3
1 tablespoon kimchi,3
1 oz falafel mix,3
1 teaspoon currants,3
1 tablespoon remoulade,3
1 sprig spring onion,3
1 tablespoon apricot jelly,3
1 bar feta cheese,3
1 dash lime,3
1 slice black olive,3
1 g lasagna noodles,3
1 jar tomatillo sauce,3
1 spice paste,3
1 lb kiwi,3
1 lb burdock root,3
1 cup frangipane,3
1 pack fideo,3
1 lb lamb sirloin,3
1 set puff pastry,3
1 seasoning salt,3
1 cup achiote paste,3
1 cup liverwurst,3
1 cup corn masa harina,3
1 cup flour tortilla,3
1 cup malt syrup,3
1 cup panang curry paste,3
1 cup Irish cream liqueur,3
1 piece romaine lettuce,3
1 teaspoon garlic sauce,3
1 bottle pinot grigio wine,3
1 dash caraway,3
1 lb all-purpose flour,3
1 oz lamb's lettuce,3
1 morita chili,3
1 coconut macaroon,3
1 tablespoon cane sugar,3
1 oz glass noodle,3
1 tablespoon fish oil,3
1 piece mozzarella,3
1 g goat,3
1 cup pecan meal,3
1 g cannelloni,3
1 g panela cheese,3
1 bag pita chips,3
1 calabash,3
1 jar apricot jam,3
1 l pineapple juice,3
1 cup cubanelle pepper,3
1 cup coconut syrup,3
1 cup minced meat,3
1 bag colby monterey jack cheese,3
1 bunch chrysanthemum greens,3
1 cup shreddies,3
1 oz shell pasta,3
1 teaspoon Irish moss,3
1 cup green goddess dressing,3
1 cup remoulade,3
1 cup vegetable,3
1 g Chinese sausage,3
1 beef gravy mix,3
1 jar mushrooms,3
1 lb lamb sausage,3
1 cup Tabasco sauce,3
1 tablespoon vanilla pudding,3
1 cup orange water,3
1 sub bun,3
1 box green peas,3
1 box angel food cake mix,3
1 ml orange peel,3
1 jackfruit,3
1 g cheese spread,3
1 worcestershire sauce,3
1 cup pink beans,3
1 cup aquavit,3
1 chocolate ganache,3
1 cup grappa,3
1 turkey meatballs,3
1 quart marinara sauce,3
1 sugar substitute,3
1 piece pandan leaf,3
1 kg grape,3
1 Fritos,3
1 caramel color,3
1 g millet,3
1 pack soup mix,3
1 oz walleye,3
1 pack apple,3
1 lobster tail,3
1 tablespoon Irish cream liqueur,3
1 oz carrot juice,3
1 tablespoon lemonade concentrate,3
1 l cola,3
1 count beet,3
1 pack turkey Italian sausage,3
1 tray ice,3
1 pickled onion,3
1 tablespoon fructose,3
1 teaspoon stock powder,3
1 lb pasta sauce,3
1 tablespoon italian dressing mix,3
1 can lemon pie filling,3
1 ml gelatin,3
1 oz jalapeno cheese,3
1 bag mixed berries,3
1 jar chicken gravy,3
1 cup seasoning,3
1 ml lemon-lime soda,3
1 turbinado sugar,3
1 instant yeast,3
1 l lemon-lime,3
1 slice halloumi cheese,3
1 oz marshmallow creme,3
1 cup vadouvan,3
1 oz wheat,3
1 cup Fritos,3
1 bag split peas,3
1 tube cannelloni,3
1 oz coffee creamer,3
1 ml Madeira wine,3
1 dash rice vinegar,3
1 oz paprika,3
1 cup halva,3
1 almond halves,3
1 cup dill sauce,3
1 cup cornbread crumbs,3
1 oz soy mozzarella cheese,3
1 teaspoon green hot sauce,3
1 lb lima beans,3
1 can cream cheese frosting,3
1 tablespoon jalapeno jelly,3
1 oz vegetable soup mix,3
1 bottle soda,3
1 cup cheddar Monterey jack cheese blend,3
1 pack bread roll,3
1 bunch rice vermicelli,3
1 lb pork and beans,3
1 tablespoon ginseng,3
1 cup flaxseed oil,3
1 g raclette cheese,3
1 lb ground turkey breast,3
1 can bread,3
1 oz chocolate cake mix,3
1 cup barbecue rub,3
1 dash chipotle pepper sauce,3
1 liquid aminos,3
1 oz food coloring,3
1 oz tamarind paste,3
1 leaf lemon verbena,3
1 oz sweet and sour cocktail mix,3
1 tablespoon crab boil seasoning,3
1 browning sauce,3
1 soft drink,3
1 cup apricot glaze,3
1 pack gyoza,3
1 can diced tomatoes with peppers,3
1 luncheon meat,3
1 pierogies,3
1 teaspoon bacon,3
1 piri-piri sauce,3
1 lb yellow beans,3
1 lb turkey giblets,3
1 g manchego cheese,3
1 french roll,3
1 cup anaheim chile,3
1 ml vanilla ice cream,3
1 mandarin orange juice,3
1 cup urad dal flour,3
1 teaspoon ascorbic acid,3
1 oz vegan sausage,3
1 cup grain,3
1 g pudding,3
1 amberjack,3
1 marie biscuits,3
1 oats,3
1 piece salami,3
1 dash sriracha,3
1 g vegetarian beef strips,3
1 tablespoon tallow,3
1 teaspoon almond oil,3
1 lb anaheim chili,3
1 lb bear meat,3
1 cup chipotle pepper sauce,3
1 pack coconut cream,3
1 oz Pernod,3
1 chocolate cake mix,3
1 tablespoon pickapeppa sauce,3
1 oz light rum,3
1 cup bean dip,3
1 cup salt cod,3
1 cup almond syrup,3
1 streusel,3
1 tablespoon artichoke,3
1 can green pepper,3
1 teaspoon agar-agar,3
1 cup mexican cheese,3
1 can peach nectar,3
1 pouch brown rice,3
1 ml cream of tartar,3
1 kg wheat flour,3
1 smoked beef sausage,3
1 tablespoon charoli,3
1 cup pickled onion,3
1 pastry cream,3
1 teaspoon mahlab,3
1 tablespoon garlic and red pepper spice mix,3
1 cup stock cubes,3
1 cup ravioli,3
1 inch peanut oil,3
1 pack leek soup mix,3
1 bunch rapini,3
1 g starch,3
1 tablespoon almond syrup,3
1 oz frankfurter,3
1 teaspoon pecorino romano,3
1 coconut essence,3
1 tablespoon butter substitute,3
1 pint lime sherbet,3
1 tablespoon tomato salsa,3
1 oz almond bark,3
1 cup cod roe,3
1 sachet couscous,3
1 slice bresaola,3
1 bunch spearmint,3
1 quart pasta sauce,3
1 cup graviera,3
1 g white rice,3
1 oz willamette hops,3
1 pack sazon seasoning,3
1 oz corn sugar,3
1 cup conch,3
1 oz watermelon,3
1 tart dough,3
1 ml chutney,3
1 g wattleseed,3
1 tablespoon grapefruit peel,3
1 dash wine vinegar,3
1 tablespoon spelt flour,3
1 teaspoon grapefruit rind,3
1 sprig winter savory,3
1 cup serrano chili,3
1 cup rotelle pasta,3
1 tablespoon dragees,3
1 tablespoon ume plum vinegar,3
1 tablespoon margarita mix,3
1 pack country gravy mix,3
1 bag black beans,3
1 teaspoon salsa verde,3
1 pork leg,3
1 cup corn muffin,3
1 mm ginger,3
1 tablespoon couscous,3
1 kg cod,3
1 falafel,3
1 oz wax bean,3
1 g tarragon,3
1 oz rutabaga,3
1 shot melon liqueur,3
1 cup bread mix,3
1 tablespoon powdered milk,3
1 remoulade sauce,3
1 pack edamame,3
"1 salt, white pepper",3
1 slice green onion,3
1 pack pastry,3
1 squid ink,3
1 frisee,3
1 quart green beans,3
1 ml almond syrup,3
1 oz French onion soup mix,3
1 g curry paste,3
1 tablespoon cola,3
1 tablespoon arrowroot flour,3
1 lb runner beans,3
1 oz mashed potatoes,3
1 pint oil,3
1 cup turkey giblets,3
1 peach syrup,3
1 g chocolate hazelnut spread,3
1 can peach pie filling,3
1 tablespoon pickled jalapeno,3
1 stalk swiss chard,3
1 teaspoon lemon flavor,3
1 miracle whip,3
1 can anaheim chili,3
1 teaspoon gingerbread spice,3
1 g marie biscuits,3
1 tablespoon lemon herb seasoning,3
1 pack miso soup mix,3
1 stick cheese,3
1 cup elderberry,3
1 cup ginger preserves,3
1 teaspoon kelp,3
1 lb penne pasta,3
1 cup rose hips,3
1 oz farro,3
1 cup garlic scape,3
1 tablespoon catalina dressing,3
1 tablespoon black onion seed,3
1 cup rapini,3
1 ml chili powder,3
1 chive,3
1 cup dried fish,3
1 dash cooking spray,3
1 slice parma ham,3
1 snake bean,3
1 bunch egg noodles,3
1 bottle sweet chili sauce,3
1 cup Cheerios,3
1 enchilada seasoning mix,3
1 oz macaroni and cheese,3
1 oz sunflower sprouts,3
1 almond oil,3
1 can vegetable soup,3
1 oz golden raisins,3
1 roti,3
1 tablespoon licorice root,3
1 lb pigeon peas,3
1 oz marshmallow cream,3
1 teaspoon sofrito,3
1 oz beef jerky,3
1 bag green peas,3
1 cup frozen yogurt,3
1 tablespoon red vinegar,3
1 cup Baileys Irish Cream,3
1 teaspoon flavoring,3
1 oz jelly,3
1 can potato sticks,3
1 bag pinto beans,3
1 bolognese sauce,3
1 oz turkey ham,3
1 short rib,3
1 jar applesauce,3
1 quart plum,3
1 kg beef brisket,3
1 inch tamarind,3
1 kg ground mutton,3
1 oz maraschino juice,3
1 dash marjoram,3
1 oz chickpea flour,3
1 molasses,3
1 oz tri-color spiral pasta,3
1 oz curly endive,3
1 pequin chile,3
1 cup corn and black bean salsa,3
1 cup plum wine,3
1 cup mung bean noodles,3
1 lemon filling,3
1 lb beef fat,3
1 pork neck,3
1 g chicken mince,3
1 ml carrot,3
1 cup sheep cheese,3
1 teaspoon Irish cream,3
1 teaspoon asiago cheese,3
1 lb couscous,3
1 tablespoon pistachio pudding mix,3
1 oz chocolate pudding mix,3
1 can green chili sauce,3
1 cup cookies,3
1 pack spinach fettuccine,3
1 spice rub,3
1 oz guava juice,3
1 cup mochi,3
1 cumberland sausage,3
1 pack biscuit mix,3
1 whiting,3
1 box mascarpone,3
1 lb pork cutlet,3
1 horseradish cream,3
1 g carob,3
1 tablespoon self-raising flour,3
1 tablespoon soy oil,3
1 handful sprouts,3
1 triple sec,3
1 gouda cheese,3
1 cup pineapple juice concentrate,3
1 seasoning blend,3
1 cup calamari,3
1 perch,3
1 cup tri-color spiral pasta,3
1 cup mead,3
1 piece steak,3
1 pack mixed berries,3
1 bottle olive oil,3
1 bottle liquid smoke,3
1 can piña colada mix,3
1 ml sauerkraut,3
1 bean salsa,3
1 g vanilla,3
1 gallon tomato juice,3
1 cup peach liqueur,3
1 g dumpling wrappers,3
1 cup garlic butter,3
1 teaspoon limoncello,3
1 oz cookie,3
1 handful microgreens,3
1 cup fish ball,3
1 tablespoon tangerine zest,3
1 pack pastry dough,3
1 lb pork blade steak,3
1 ml prosecco,3
1 cup habanero pepper,3
1 handful queso fresco,3
1 l vegetable oil,3
1 oz neufchâtel cheese,3
1 g instant coffee,3
1 tablespoon sausage seasoning,3
1 pack enchilada seasoning,3
1 cup peanut butter cups,3
1 cup anaheim pepper,3
1 cup coppa,3
1 oz pudding mix,3
1 cup chocolate glaze,3
1 sachet saffron,3
1 oz strip steak,3
1 tablespoon panch phoron,3
1 tablespoon millet flour,3
1 rib eye,3
1 cup whole wheat macaroni,3
1 margarita mix,3
1 cup sambuca,3
1 enchilada seasoning,3
1 pack cavatelli,3
1 lb peanut butter,3
1 tablespoon ground beef,3
1 wedge cheese,3
1 jar piquillo pepper,3
1 crispbread,3
1 teaspoon pepper jack cheese,3
1 g chipolata sausage,3
1 bag broccoli slaw,3
1 lb beef cheek,3
1 cup sunflower sprouts,3
1 oz herbs,3
1 dash red pepper sauce,3
1 piece ciabatta,3
1 kabocha,3
1 slice preserved lemon,3
1 kg macaroni,3
1 cup melba toast,3
1 lb anchovies,3
1 piece preserved lemon,3
1 tablespoon white chocolate chips,3
1 bottle triple sec,3
1 cup hazelnut butter,3
1 teaspoon curry,3
1 lb sheep cheese,3
1 pack onion and mushroom soup mix,3
1 g sazon,3
1 piece green chili,3
1 g ancho chili,3
1 piece almonds,3
1 tomato jam,3
1 can taco sauce,3
1 teaspoon liqueur,3
1 oz carnaroli rice,3
1 cup chicken gravy,3
1 cup biscotti,3
1 oz potato chips,3
1 g candied ginger,3
1 g quorn mince,3
1 fresno chili,3
1 tablespoon chocolate powder,3
1 tablespoon Thai seasoning,3
1 lb sesame seeds,3
1 tablespoon cherries,3
1 buffalo sauce,3
1 cheesecloth,3
1 tablespoon red chili flakes,3
1 garlic and herb seasoning,3
1 lb dates,3
1 teaspoon palm oil,3
1 dash orange blossom water,3
1 teaspoon baker's ammonia,3
1 cup peach puree,3
1 jar banana pepper,3
1 cup blue curaçao,3
1 tablespoon drinking chocolate,2
1 cup grape nuts cereal,2
1 head arugula,2
1 box saltine crackers,2
1 oz bacon drippings,2
1 teaspoon bacon fat,2
1 can grape juice,2
1 tablespoon brown ale,2
1 oz wheat flour,2
1 strip bell pepper,2
1 yard sausage casing,2
1 can roast beef,2
1 tablespoon cheese spread,2
1 oz bacon fat,2
1 gallon lemonade,2
1 teaspoon chocolate liqueur,2
1 bar english toffee,2
1 cup durian,2
1 pack dark chocolate frosting,2
1 box pretzel,2
1 tablespoon vanilla pudding mix,2
1 cup raspberry sorbet,2
1 chocolate shavings,2
1 pack oatmeal,2
1 box rice krispies,2
1 oz beef drippings,2
1 lb citron peel,2
1 handful pecorino romano,2
1 l soy milk,2
1 cup butterscotch pudding mix,2
1 oz orgeat,2
1 jar sofrito,2
1 bag toffee,2
1 calcium chloride,2
1 ball burrata,2
1 pie shell,2
1 teaspoon lemon balm,2
1 tablespoon sweet and sour dressing,2
1 Skor candy bar,2
1 lb Chinese broccoli,2
1 can green chile sauce,2
1 gallon ketchup,2
1 bean cake,2
1 can pimiento,2
1 oz lardon,2
1 piece green pepper,2
1 cup cranberry apple juice,2
1 pack white chocolate pudding mix,2
1 box chicken,2
1 rose syrup,2
1 stick rhubarb,2
1 teaspoon miracle whip,2
1 dash garam masala,2
1 turmeric leaf,2
1 oz peach brandy,2
1 cup processed cheese sauce,2
1 cup Irish whiskey,2
1 teaspoon green hot pepper sauce,2
1 jalapeno pepper sauce,2
1 cup breadfruit,2
1 cup durum flour,2
1 yeast extract,2
1 kg cheese,2
1 tablespoon Southern Comfort,2
1 pack spaetzle,2
1 oz gooseberry,2
1 beef stew seasoning,2
1 gallon orange juice,2
1 pack vanilla chips,2
1 kg noodles,2
1 cup meat drippings,2
1 cup ginkgo nut,2
1 g chestnut puree,2
1 oz chestnut puree,2
1 oz mixed nuts,2
1 cup limburger cheese,2
1 sloppy joe mix,2
1 cup raspberry coulis,2
1 coffee ice cubes,2
1 cup pork skin,2
1 teaspoon ranch seasoning,2
1 oz pineapple orange juice concentrate,2
1 pint lamb stock,2
1 agave,2
1 bag mint tea,2
1 box pound cake mix,2
1 tablespoon sparkling water,2
1 g endive,2
1 tub sour cream,2
1 cup edible flower,2
1 tablespoon buffalo wing sauce,2
1 teaspoon tartar sauce,2
1 lb andouille chicken sausage,2
1 tablespoon beef gravy,2
1 walnut oil,2
1 boemboe ajam paniki,2
1 key lime zest,2
1 tablespoon ginger marmalade,2
1 oz smoked fish fillet,2
1 slice liver,2
1 lb ham bone,2
1 digestive biscuit,2
1 beef kidney,2
1 cup cookies and cream ice cream,2
1 lb guanciale,2
1 cup gluten-free flour,2
1 lemon herb seasoning,2
1 tablespoon chipotle pepper puree,2
1 jar onion sauce,2
1 date molasses,2
1 lb butter lettuce,2
1 bag walnut,2
1 set peanut butter,2
1 tablespoon advieh,2
1 tablespoon thickener,2
1 burdock,2
1 oz cheese curds,2
1 lb buttercup squash,2
1 tablespoon mahleb,2
1 lb sweet corn,2
1 tablespoon spice paste,2
1 dash barbecue sauce,2
1 tablespoon pickling spices,2
1 labneh,2
1 tablespoon ginger preserves,2
1 teaspoon chili pepper jam,2
1 venison heart,2
1 pack farmer's cheese,2
1 lb spaetzle,2
1 can lime concentrate,2
1 tablespoon garlic and ginger puree,2
1 pack chocolate sandwich cookies,2
1 pack date,2
1 pack currants,2
1 fig leaf,2
1 cup split pea flour,2
1 quart champagne,2
1 lb rainbow trout,2
1 lb striped bass,2
1 g lemon lime marmalade,2
1 g caul fat,2
1 madeira cake,2
1 tablespoon rose petal,2
1 handful bread crumbs,2
1 bunch fiddlehead,2
1 lemon lime soda,2
1 lb black lentils,2
1 teaspoon beef extract,2
1 cup mixed grains,2
1 tablespoon root beer extract,2
1 slice soda bread,2
1 oz Guinness beer,2
1 fish spice,2
1 tablespoon dulce de leche,2
1 g rice krispies,2
1 kidney,2
1 dash peppermint schnapps,2
1 oz wheat bran,2
1 tablespoon Sichuan chili sauce,2
1 slice soy mozzarella cheese,2
1 sesame,2
1 lb lamb fat,2
1 roll fruit leather,2
1 tomato bouillon,2
1 cup salad dressing mix,2
1 cup red currant preserves,2
1 bag oreo cookie,2
1 cup phyllo dough,2
1 box chocolate pudding,2
1 dash cognac,2
1 cup dubliner cheese,2
1 g hummus,2
1 oz mint chocolate chips,2
1 oz dubliner cheese,2
1 dash maggi seasoning sauce,2
1 egg egg yolk,2
1 cup gremolata,2
1 oz Irish whiskey,2
1 pickling spice,2
1 oz tangerine juice,2
1 roll cookie dough,2
1 oz cream of tartar,2
1 lb red bell pepper,2
1 pint oysters,2
1 teaspoon spanish seasoning,2
1 piece turnip,2
1 g beef silverside,2
1 herb seasoning mix,2
1 king trumpet mushroom,2
1 cup pound cake,2
1 tablespoon green pea,2
1 cup grape molasses,2
1 g chocolate frosting,2
1 lb habanero pepper,2
1 edible gold,2
1 tablespoon raspberry preserves,2
1 arbol chili pepper,2
1 teaspoon caribbean seasoning,2
1 oz pierogi,2
1 tablespoon vanilla ice cream,2
1 water spinach,2
1 teaspoon chocolate fudge,2
1 lamb neck,2
1 teaspoon garlic pepper blend,2
1 gallon pork stock,2
1 tablespoon steel cut oats,2
1 oz dark beer,2
1 teaspoon aji amarillo chili paste,2
1 tablespoon aji panca chili paste,2
1 bag butter lettuce,2
1 yellow chili,2
1 pack rye bread,2
1 quart lime sherbet,2
1 cup corn sugar,2
1 tablespoon Korean barbecue sauce,2
1 bananas foster sauce,2
1 oz farina,2
1 long pepper,2
1 cookie crust,2
1 lb walnuts,2
1 pint beef,2
1 g bread mix,2
1 teaspoon seasoning salt,2
1 can apple cider,2
1 box neufchatel cheese,2
1 teaspoon anchovy essence,2
1 teaspoon mint jelly,2
1 g caraway,2
1 oz Benedictine,2
1 teaspoon herb seasoning mix,2
1 chocolate drink mix,2
1 edamame,2
1 quart lemonade,2
1 teaspoon maraschino cherry juice,2
1 lb sponge cake,2
1 cup all purpose flour,2
1 handful mung bean sprouts,2
1 box pudding,2
1 kg pine nut,2
1 tablespoon maple flavoring,2
1 box ginger,2
1 teaspoon grapefruit juice,2
1 camel,2
1 kg self raising flour,2
1 quart seafood stock,2
1 ml pimm's liqueur,2
1 dash champagne,2
1 dash orange curaçao,2
1 tablespoon pink lemonade concentrate,2
1 tablespoon sea urchin,2
1 slice banana,2
1 jar cheddar cheese sauce,2
1 g ginkgo nut,2
1 teaspoon red pepper seasoning,2
1 orange blossom,2
1 teaspoon italian herb seasoning,2
1 beef round tip,2
1 count almonds,2
1 ml pineau,2
1 l cranberry juice,2
1 cup vanilla chips,2
1 piece pork fat,2
1 ml veal stock,2
1 oz brownie mix,2
1 teaspoon tia maria,2
1 cup chipotle cheddar cheese,2
1 g beef fillet,2
1 salad leaves,2
1 teaspoon olives,2
1 bottle whisky,2
1 pack dates,2
1 mustard sauce,2
1 bag ice,2
1 bottle grenadine,2
1 caribou,2
1 avgolemono sauce,2
1 cup cashew paste,2
1 head cilantro,2
1 orange bell pepper,2
1 tablespoon paneer,2
1 box tabbouleh,2
1 oz wensleydale cheese,2
1 cup emmental,2
1 quart clam,2
1 pack cheddar broccoli,2
1 cube chicken,2
1 cup whole grain flour,2
1 oz guava jelly,2
1 oz beef shank,2
1 oz blue cheese dressing,2
1 teaspoon pineapple extract,2
1 lb black pepper,2
1 cup mozzarella provolone cheese,2
1 bag vegetable chips,2
1 dash baking soda,2
1 lb top round,2
1 cup baileys caramel irish cream,2
1 pack fish sticks,2
1 lb lingonberry,2
1 g toffee,2
1 cup Thai chili sauce,2
1 ml grenadine,2
1 tablespoon mint and coriander,2
1 rye flour,2
1 slice radish,2
1 oz eye of round roast,2
1 lb whole wheat flour,2
1 bottle garlic sauce,2
1 teaspoon grape marc,2
1 oz bacon grease,2
1 l bread crumbs,2
1 sriracha garlic sauce,2
1 tablespoon grape marc,2
1 l wheat flour,2
1 oz black raspberry liqueur,2
1 box pierogi,2
1 pack icing,2
1 cup challah,2
1 pack sunflower seed,2
1 slice camembert,2
1 dash peppermint extract,2
1 tub whipped topping,2
1 tablespoon habanero pepper sauce,2
1 lb creme fraiche,2
1 rye crispbread,2
1 cuban roll,2
1 lb scallion,2
1 l soda,2
1 teaspoon pickle,2
1 cup mole poblano,2
1 oz brown basmati rice,2
1 tablespoon peach liqueur,2
1 inch bamboo skewers,2
1 bag herbal tea,2
1 pack dinner roll dough,2
1 leaf sorrel,2
1 bunch lamb's lettuce,2
1 ml Pernod,2
1 cocktail onion,2
1 ml brown rice,2
1 glass noodle,2
1 jar pickled herring,2
1 teaspoon vinaigrette,2
1 bottle pectin,2
1 chocolate pound cake,2
1 ml coffee liqueur,2
1 tablespoon balti curry paste,2
1 slice blue cheese,2
1 kg hash browns,2
1 chanterelle mushrooms,2
1 lb yellow split peas,2
1 ml cheese,2
1 tablespoon berries,2
1 oz mincemeat,2
1 teaspoon calcium sulfate,2
1 elderflower,2
1 oz venison,2
1 cup green sauce,2
1 cup kasseri,2
1 pack Maria cookie,2
1 l whipping cream,2
1 cup tomato soup,2
1 lb chicken heart,2
1 g butterscotch chips,2
1 lb saltine crackers,2
1 bag rice noodles,2
1 sachet gelatin,2
1 ale,2
1 tablespoon green chili powder,2
1 coleslaw dressing,2
1 pack cocktail wieners,2
1 pack orange cake mix,2
1 teaspoon drambuie,2
1 teaspoon skim milk powder,2
1 pack soy protein,2
1 slice black pudding,2
1 baked beans,2
1 pint skim milk,2
1 cup sardines,2
1 quart salad greens,2
1 bottle steak sauce,2
1 egg nog,2
1 oz rye whisky,2
1 g fermented black beans,2
1 dash mace,2
1 slice edam cheese,2
1 pot roast,2
1 lb pork rinds,2
1 oz mustard seed,2
1 cup macapuno,2
1 Tex-Mex seasoning,2
1 g cellophane noodles,2
1 piece spring roll wrapper,2
1 cup samp,2
1 cup finger millet flour,2
1 tablespoon peach juice,2
1 cup peas and carrots,2
1 ml corn,2
1 oz tortilla,2
1 ml miracle whip,2
1 moose,2
1 consomme,2
1 teaspoon kabsa spice mix,2
1 tablespoon soy protein powder,2
1 piece cardamom,2
1 lb cornish hen,2
1 vanilla cake mix,2
1 oz cornbread stuffing mix,2
1 cup cabernet sauvignon,2
1 clove ginger,2
1 peanut butter cup,2
1 gorgonzola cheese,2
1 teaspoon dried lime,2
1 tablespoon coriander seeds,2
1 oz white rice,2
1 tablespoon coriander chutney,2
1 kg broad beans,2
1 oz seafood mix,2
1 lb emu,2
1 g labneh,2
1 t-bone steak,2
1 cup cheese sticks,2
1 tablespoon orange flower water,2
1 oz Tabasco sauce,2
1 can poppy seeds,2
1 lb self-rising flour,2
1 can lemon-lime,2
1 lb pickerel,2
1 cup tomato jam,2
1 g textured vegetable protein,2
1 oz crystal malt,2
1 oz walnut liqueur,2
1 ml raspberry liqueur,2
1 box cornbread,2
1 g cranberries,2
1 g beef eye round,2
1 g rabbit,2
1 oz meat drippings,2
1 oz malt,2
1 lb veal sausage,2
1 cup havarti,2
1 lb chocolate malt,2
1 pack mexican cheese,2
1 lb malt,2
1 tablespoon cherry liqueur,2
1 teaspoon half and half,2
1 cup whiskey hot fudge sauce,2
1 piece walnut,2
1 Brussels sprouts,2
1 kg bell pepper,2
1 cup apricot jelly,2
1 jar fruit preserves,2
1 bunch herb,2
1 pack mirepoix,2
1 tablespoon pickle brine,2
1 cup vegetarian sausage,2
1 sheet gold leaf,2
1 cup nasturtium petals,2
1 oz gravy mix,2
1 leaf lemon balm,2
1 box arugula,2
1 microgreens,2
1 box graham cracker crumbs,2
1 cup orange curaçao,2
1 box cream of spinach soup mix,2
1 cup turkey fat,2
1 tablespoon bitters,2
1 pint tomato puree,2
1 tablespoon piquillo pepper,2
1 oz vanilla candy coating,2
1 stalk spinach,2
1 oz potatoes,2
1 kirsch,2
1 teaspoon mesquite powder,2
1 oz herring,2
1 pack toffee,2
1 piece celeriac,2
1 cup acai,2
1 teaspoon piri-piri pepper,2
1 oz condensed cheddar cheese soup,2
1 oz beef liver,2
1 tablespoon borage,2
1 lb fiddlehead,2
1 ml cranberry sauce,2
1 pint sauerkraut,2
1 round flatbread,2
1 tablespoon oil and vinegar dressing,2
1 cup romesco sauce,2
1 dove,2
1 oz barberry,2
1 oz honey liqueur,2
"1 handful parsley, cilantro",2
1 ml salad dressing,2
1 kg herbs,2
1 oz German chocolate cake mix,2
1 dash vermouth,2
1 dry mushroom soup mix,2
1 oz raisins,2
1 pint molasses,2
1 oz sesame paste,2
1 teaspoon chamomile,2
1 lb ground lean meat,2
1 oz pimm's,2
1 teaspoon parmesan,2
1 peppermint oil,2
1 g soy flour,2
1 g caper berries,2
1 teaspoon pear,2
1 dash lemon,2
1 inch chili pepper,2
1 tablespoon pomegranate paste,2
1 oz kiwi,2
1 cup cantal cheese,2
1 oz brazil nut,2
1 cup black currant jelly,2
1 cream soda,2
1 teaspoon bouillon cube,2
1 fried onions,2
1 black lime,2
1 oz candy coating,2
1 cup soy oil,2
1 chocolate chip,2
1 oreo cookies,2
1 g smoked salmon,2
1 teaspoon beef gravy,2
1 slice romaine lettuce,2
1 tablespoon red lentils,2
1 oz vanilla,2
1 g kiwi,2
1 stalk onion,2
1 quart lemon-lime soda,2
1 teaspoon cherry syrup,2
1 lb jalapeno pepper,2
1 pine nuts,2
1 quart blueberries,2
1 lamb stock cube,2
1 dash baking powder,2
1 tablespoon vanilla coffee creamer,2
1 tablespoon butter beans,2
1 cup sheep milk,2
1 cup grape juice concentrate,2
1 wedge brie cheese,2
1 nopales,2
1 cup cereal flakes,2
1 g chocolate chip cookie,2
1 cup barberries,2
1 teaspoon banana flavoring,2
1 pint salad dressing,2
1 teaspoon spinach,2
1 bottle coconut rum,2
1 goose breast,2
1 cup chicken blood,2
1 marlin,2
1 g carnaroli rice,2
1 oz candied fruit,2
1 tablespoon coffee syrup,2
1 oz kamut flour,2
1 oz juniper berries,2
1 box butter,2
1 oz vanilla ice cream,2
1 teaspoon pineapple,2
1 can cranberry juice concentrate,2
1 cup mustard pickle,2
1 tin anchovies,2
1 g caviar,2
1 lb caramel,2
1 tablespoon barley malt syrup,2
1 cup porter beer,2
1 tablespoon nonpareils,2
1 inch zucchini,2
1 scoop toffee ice cream,2
1 duck innards,2
1 teaspoon half-and-half,2
1 beef frankfurter,2
1 g icing,2
1 count chipotle pepper,2
1 piece potato bread,2
1 teaspoon winter savory,2
1 tablespoon Boursin cheese,2
1 tablespoon butter flavor,2
1 count chicken wings,2
1 teaspoon mango hot sauce,2
1 tablespoon icing,2
1 g pudding mix,2
1 bag lentils,2
1 earl grey tea,2
1 pack pork,2
1 can buttermilk biscuit,2
1 teaspoon apricot brandy,2
1 cream filling,2
1 cup achiote,2
1 chicken skin,2
1 pack farmer cheese,2
1 oz tapioca starch,2
1 jar hot sauce,2
1 topping mix,2
1 oz pork steak,2
1 guinea fowl,2
1 cherry liqueur,2
1 cup cashew sour cream,2
1 cup kamut flour,2
1 g rice cracker,2
1 tablespoon honey syrup,2
1 lb scrapple,2
1 oz soft cheese,2
1 g candy bar,2
1 ml gherkin,2
1 ml wheat flour,2
1 pack cheesecake pudding mix,2
1 lb rye flour,2
1 ml cherry,2
1 oz date paste,2
1 oz ranch dip,2
1 oz advocaat,2
1 cup pumpernickel bread crumbs,2
1 bag coleslaw,2
1 can cream of chicken and broccoli soup,2
1 pork heart,2
1 mustard powder,2
1 pork stock,2
1 tablespoon anchovy essence,2
1 cup multi-grain flour,2
1 cube bread,2
1 pint apple juice,2
1 tablespoon Lizano sauce,2
1 cup vegetable burger,2
1 cup lemon liqueur,2
1 tablespoon vietnamese mint,2
1 teaspoon demi-glace,2
1 oz aquavit,2
1 lb cranberry sauce,2
1 ml peas,2
1 cup fiddlehead fern,2
1 Fresno pepper,2
1 pork bone,2
1 oz chicken pâté,2
1 veal bones,2
"1 avocado, cilantro",2
1 lb whitebait,2
1 piece prawn,2
1 ml oats,2
1 l pan drippings,2
1 quart ginger ale,2
1 cup broccoflower,2
1 lb seafood mix,2
1 bear meat,2
1 coriander chutney,2
1 kg peas,2
1 g black pudding,2
1 cup butterscotch schnapps,2
1 ml lingonberry,2
1 pint pork blood,2
1 oz orange drink mix,2
1 teaspoon applesauce,2
1 tablespoon chicken bouillon powder,2
1 kg beet,2
1 dover sole,2
1 oz steak seasoning,2
1 lb broad bean,2
1 oz cherry juice,2
1 pack dirty rice seasoning,2
1 oz cachaca,2
1 turkey gizzard,2
1 cup apple jam,2
1 lb anchovy,2
1 oz smoked oyster,2
1 piece caramel sauce,2
1 dash rum,2
1 cup pumpernickel breadcrumbs,2
1 cup blackening seasoning,2
1 cup butter peas,2
1 tablespoon fruit juice,2
1 buttercream frosting,2
1 box chocolate,2
1 tabasco peppers,2
1 quart carrot,2
1 g wonton noodles,2
1 chicken noodle mix,2
1 lb pattypan squash,2
1 g vegetable suet,2
1 jar mincemeat,2
1 jar cocktail sauce,2
1 bottle lemon-lime,2
1 pack cinnamon roll,2
1 teaspoon oats,2
1 shepherd's pie mix,2
1 kg blueberries,2
1 can vegetarian sausage,2
1 cup malt powder,2
1 handful brazil nut,2
1 box orange cake mix,2
1 pack shortcrust pastry,2
1 tablespoon Mrs. Dash Table Blend,2
1 lb chicken neck,2
1 scoop lime sherbet,2
1 jerusalem artichoke,2
1 pack crescent rolls,2
1 whole wheat pizza dough,2
1 tablespoon fruit jelly,2
1 quart molasses,2
1 teaspoon cappuccino mix,2
1 lb turkey kielbasa,2
1 corn cake,2
1 count egg yolk,2
1 star fruit,2
1 g clotted cream,2
1 bottle caramel sauce,2
1 cup drambuie,2
1 ml rice cream,2
1 beef brain,2
1 pack baking chocolate,2
1 oz pomelo juice,2
1 pack chili powder,2
1 g processed cheese,2
1 oz broccoli rabe,2
1 cup beaufort cheese,2
1 teaspoon Emeril Original Essence,2
1 pack parma rosa sauce,2
1 oz dirty rice seasoning,2
1 steak tomato,2
1 almond milk,2
1 pint cherry,2
1 box vanilla instant pudding mix,2
1 slice pumpkin,2
1 tablespoon strawberry ice cream topping,2
1 cup gemelli pasta,2
1 oz pork chops,2
1 head watercress,2
1 pack focaccia,2
1 bag pinto bean,2
1 shot orange liqueur,2
1 lb farfalle pasta,2
1 pack dry yeast,2
1 chicken gizzard,2
1 count gelatin,2
1 tablespoon tomato oil,2
1 gallon corn,2
1 g grapefruit juice,2
1 spoon palm oil,2
1 g vanilla bean paste,2
1 g sugar syrup,2
1 teaspoon mushroom,2
1 cup biscotti crumbs,2
1 tablespoon emmentaler cheese,2
1 tablespoon tabil,2
1 g abondance cheese,2
1 cube mozzarella cheese,2
1 tablespoon olive spread,2
1 g button mushrooms,2
1 oz curry powder,2
1 chicken patty,2
1 ml ale,2
1 hungarian wax pepper,2
1 ml date,2
1 oz blood sausage,2
1 cup praline,2
1 oz hot dog,2
1 beef bouillon cube,2
1 g vegetable broth,2
1 box mostaccioli,2
1 strip turkey bacon,2
1 can green chili pepper,2
1 pint chicken,2
1 tablespoon coconut liqueur,2
1 oz escarole,2
1 bag sugar snap peas,2
1 cup bean broth,2
1 tablespoon Urfa pepper,2
1 teaspoon garlic butter,2
1 apple juice concentrate,2
1 jar tomato paste,2
1 g black rice,2
1 lb gorgonzola cheese,2
1 g sweet corn relish,2
1 pint tomato sauce,2
1 salmon juice,2
1 hickory chips,2
1 oz peach puree,2
1 g meringue,2
1 ml apricot brandy,2
1 g chili sauce,2
1 teaspoon vegetable bouillon granules,2
1 basket raspberry,2
1 stalk cabbage,2
1 oz Oka cheese,2
1 cheese crouton,2
1 teaspoon cocoa cream,2
1 handful spring greens,2
1 tablespoon seltzer water,2
1 box almond paste,2
1 tablespoon miso paste,2
1 cup peach chutney,2
1 piece tuna,2
1 tablespoon banana,2
1 tablespoon salt and pepper,2
1 teaspoon calvados,2
1 kg lamb neck,2
1 scoop coffee ice cream,2
1 lb baguette,2
1 pineapple sage,2
1 oz octopus,2
1 cup Oka cheese,2
1 cup Gruyère,2
1 campari,2
1 can cranberry bean,2
1 cup dulse,2
1 ml whisky,2
1 bottle sesame ginger marinade,2
1 duck skin,2
1 l rosé wine,2
1 green tea powder,2
1 g arrowroot,2
1 g hazelnut spread,2
1 tablespoon instant espresso,2
1 oz porcini,2
1 bunch lemon thyme,2
1 teaspoon strawberry preserves,2
1 strawberry preserves,2
1 cup fatback,2
1 pint rice,2
1 g goose fat,2
1 can cream of asparagus soup,2
1 drambuie,2
1 baileys irish cream,2
1 cup lap cheong,2
1 quart rice,2
1 lb boerewors,2
1 cup soy sour cream,2
1 oz tuaca,2
1 pack campanelle,2
1 cup pancake batter,2
1 tagliatelle,2
1 tablespoon chinese barbecue sauce,2
1 oz mutton,2
1 tablespoon popcorn,2
1 quart berries,2
1 can raspberry lemonade concentrate,2
1 oz dry milk powder,2
1 box French onion dip,2
1 oz plum jam,2
1 cup sichuan bean sauce,2
1 lb cobia,2
1 cascabel chili,2
1 tablespoon sweet rice flour,2
1 cup nettle,2
1 lb cassava leaves,2
1 slice beef tenderloin,2
1 pack italian salad dressing mix,2
1 pack capellini,2
1 sandwich bun,2
1 oz beaufort cheese,2
1 count asparagus,2
1 pack ciabatta,2
1 cup tempura mix,2
1 Thai chili pepper,2
1 tablespoon dark rum,2
1 g chicken wings,2
1 cup citrus marmalade,2
1 dash seasoning mix,2
1 lb mullet,2
1 pack cashew,2
1 ml sesame seeds,2
1 g fresh yeast,2
1 tablespoon rooibos tea,2
1 leaf mace,2
1 cup black bean broth,2
1 quart beef consomme,2
1 teaspoon chipotle seasoning,2
1 slice colby cheese,2
1 oz munster cheese,2
1 cup seafood broth,2
1 cup bean flour,2
1 lb tagliolini,2
1 teaspoon guilin chili sauce,2
1 g wheat noodles,2
1 pack cream,2
1 g beef brisket,2
1 l egg,2
1 oz adzuki beans,2
1 pack gemelli pasta,2
1 bunch coriander root,2
1 ml yeast,2
1 cup oncom,2
1 salt pork,2
1 oz consomme,2
1 pinch basil,2
1 lb kefalograviera cheese,2
1 oz instant coffee,2
1 snow crab,2
1 can sweet bean paste,2
1 pack eggplant,2
1 g potatoes,2
1 teaspoon black truffle,2
1 box hamburger helper,2
1 teaspoon raspberry preserve,2
1 ml chili pepper,2
1 butter sauce,2
1 teaspoon rooibos tea,2
1 g meatballs,2
1 oz cambozola cheese,2
1 g lancashire cheese,2
1 tablespoon spice rub,2
1 lb hot Italian sausage,2
1 kg broad bean,2
1 pack stir-fry seasoning,2
1 g balsamic vinegar,2
1 lb wild mushroom,2
1 black bean sauce,2
1 g veal shoulder,2
1 ancho chili powder,2
1 chicken fat,2
1 oz pomegranate liqueur,2
1 oz shredded cheese,2
1 pack french onion soup mix,2
1 tablespoon beef demi-glace,2
1 ml pear nectar,2
1 bag almonds,2
1 ml grappa,2
1 palm oil,2
1 oz beef top sirloin,2
1 stalk carrot,2
1 quart soy milk,2
1 rice krispies,2
1 g curry sauce,2
1 teaspoon maple sugar,2
1 cup bel paese cheese,2
1 g tomato chutney,2
1 pack herb and lemon soup mix,2
1 box marinara sauce,2
1 tomato basil soup mix,2
1 great northern bean,2
1 g collard greens,2
1 cup sweet chili garlic sauce,2
1 box pie crust mix,2
1 lb rotelle pasta,2
1 egg wash,2
1 cup lamb drippings,2
1 cup arbol chili,2
1 lb pecorino romano,2
1 savory herb garlic soup mix,2
1 hot red pepper sauce,2
1 tablespoon basil pesto,2
1 piece black pepper,2
1 cup meringue powder,2
1 piece egg yolk,2
1 oz leafy greens,2
1 cup yakisoba sauce,2
1 kg button mushroom,2
1 tablespoon chermoula,2
1 ml half-and-half,2
1 tablespoon pancake syrup,2
1 piece shrimp paste,2
1 lb spinach noodles,2
1 cup plum jelly,2
1 teaspoon tabil,2
1 dried black mushrooms,2
1 bottle syrup,2
1 lb beef neck bones,2
1 oz butterscotch caramel liqueur,2
1 oz passion fruit liqueur,2
1 oz marinade,2
1 teaspoon black bean,2
1 oz pork rinds,2
1 scoop orange sherbet,2
1 count bun,2
1 jar mushroom gravy,2
1 teaspoon red chili sauce,2
1 oz pork ribs,2
1 cup portabella mushrooms,2
1 teaspoon cherry brandy,2
1 ras el hanout,2
1 tablespoon black sesame paste,2
1 cup honey mustard,2
1 tablespoon water chestnut flour,2
1 tablespoon pimento paste,2
1 seaweed,2
1 lb mixed wild mushroom,2
1 ml orange juice concentrate,2
1 g corn oil,2
1 cup hazelnut chocolate spread,2
1 tablespoon ajwain,2
1 oz marjoram,2
1 inch chorizo,2
1 ml tangerine juice,2
1 teaspoon five-spice seasoning,2
1 pack bean sprouts,2
1 handful broccoli,2
1 lb beef top loin steak,2
1 pack stir fry vegetables,2
1 pint mixed berries,2
1 oz cocoa mix,2
1 Vietnamese coriander,2
1 tablespoon peppadew pepper,2
1 teaspoon thousand island dressing,2
1 cup cocoa mix,2
1 teaspoon brandy flavoring,2
1 g swiss chard,2
1 tablespoon beau monde seasoning,2
1 olive tapenade,2
1 lb braunschweiger,2
1 ml strawberry,2
1 oz pastry dough,2
1 ml blueberries,2
1 cup mung bean paste,2
1 stick ginger,2
1 teaspoon splenda,2
1 oz strawberry puree,2
1 lb turkey pepperoni,2
1 oz cane syrup,2
1 pea,2
1 cup canned tomatoes,2
1 g ginseng,2
1 red currant jelly,2
1 oz green chartreuse,2
1 kg quince,2
1 teaspoon clementine peel,2
1 tablespoon ginger wine,2
1 g sage,2
1 oz breadstick dough,2
1 cup whole wheat noodles,2
1 jar hot fudge,2
1 oz mascarpone cheese,2
1 lb chestnut mushroom,2
1 teaspoon frangelico,2
1 leafy greens,2
1 tablespoon red yeast rice,2
1 bunch green beans,2
1 lb glass noodle,2
1 rooibos,2
1 tablespoon grape,2
1 dash pineapple juice,2
1 clotted cream,2
1 shrimp chips,2
1 peri-peri,2
1 piece hot sauce,2
1 teaspoon glutinous rice flour,2
1 ml wine vinegar,2
1 red mullet,2
1 lb teff flour,2
1 ml verjuice,2
1 g cocoa solids,2
1 cup nutmeg,2
1 pork bun,2
1 ml meat stock,2
1 bag peanut,2
1 mung bean vermicelli,2
1 cup brown bean sauce,2
1 pack coconut milk powder,2
1 cup crostini,2
1 ml kirsch,2
1 pack rusk,2
1 l meat stock,2
1 lb barley flour,2
1 cup pumpkin butter,2
1 oz hpnotiq,2
1 tablespoon wood ear mushroom,2
1 quart sparkling water,2
1 teaspoon fermented black beans,2
1 bottom round roast,2
1 g nectarine,2
1 box cornbread stuffing mix,2
1 tablespoon culantro,2
1 pickle juice,2
1 box lemon pudding,2
1 orange sauce,2
1 cup appenzeller cheese,2
1 preserves,2
1 ml rolled oats,2
1 lb breadcrumb,2
1 cup drippings,2
1 spoon garam masala,2
1 cup strawberry spread,2
1 tablespoon puffed rice,2
1 lb fava beans,2
1 pack bialy bun,2
1 cup butter beans,2
1 g snap peas,2
1 lb Oka cheese,2
1 bag pizza dough,2
1 cup beef base,2
1 g mushroom soup,2
1 tin lima bean,2
1 lb glutinous rice flour,2
1 lemon flavor,2
1 kg pork chop,2
1 tablespoon bone broth,2
1 tablespoon bouquet garni,2
1 oz gherkin,2
1 teaspoon black bean garlic sauce,2
1 can diced tomatoes and green chiles,2
1 g lamb loin,2
1 knackwurst,2
1 oz chard,2
1 cup rye crackers,2
1 slice emmentaler cheese,2
1 handful alfalfa sprouts,2
1 tablespoon baking chips,2
1 slice lamb neck,2
1 oz millet,2
1 oz cheddar jack cheese,2
1 cup greek yogurt,2
1 cup mung bean flour,2
1 bottle capers,2
1 g lotus seeds,2
1 count avocado,2
1 rose bud,2
1 teaspoon buffalo ranch dressing,2
1 cup oyster liquor,2
1 jar cannellini beans,2
1 oz chicken wings,2
1 jar peanut,2
1 panko breadcrumbs,2
1 teaspoon campari,2
1 pack turkey pepperoni,2
1 tablespoon fudge sauce,2
1 teaspoon lye water,2
1 pack salad mix,2
1 kg lamb shank,2
1 lb tri-color spiral pasta,2
1 teaspoon rose petal,2
1 jar Italian dressing,2
1 cup vegetarian oyster sauce,2
1 box gemelli pasta,2
1 oz stir-fry seasoning,2
1 dash seasoning,2
1 box half-and-half,2
1 oz smoked cheese,2
1 cup steak seasoning,2
1 g brioche,2
1 cup sauternes wine,2
1 bag chickpea,2
1 pan basil,2
1 cup morel,2
1 bottle seasoning,2
1 teaspoon strawberry essence,2
1 moroccan seasoning,2
1 tablespoon angelica,2
1 teaspoon cinnamon oil,2
1 g pumpkin puree,2
1 tablespoon candied citrus peel,2
1 tablespoon mustard greens,2
1 pack beef gravy mix,2
1 bag vegetable soup mix,2
1 lb ladyfinger,2
1 instant pudding mix,2
1 teaspoon black olive,2
1 lb bean thread noodles,2
1 piece chicken drumsticks,2
1 white cake mix,2
1 oz flageolet beans,2
1 oz orange and grapefruit,2
1 ml liqueur,2
1 peach preserves,2
1 dash lemonade,2
1 shortbread crust,2
1 kahlua,2
1 cup herb salad mix,2
1 oz candy,2
1 g cassava flour,2
1 bottle buffalo wing sauce,2
1 cup mustard powder,2
1 tablespoon apricot brandy,2
1 bottle anise extract,2
1 oz red lentils,2
1 g peppadew pepper,2
1 slice sponge cake,2
1 tablespoon winter savory,2
1 piece cornbread,2
1 g shrimp paste,2
1 lb yellowtail,2
1 tablespoon sambal badjak,2
1 teaspoon pimento paste,2
1 stick imitation crab,2
1 kg chicken liver,2
1 pack broccoli carrots water chestnut mix,2
1 box onion soup mix,2
1 cup chocolate mousse mix,2
1 jar black bean garlic sauce,2
1 bag bean soup mix,2
1 tablespoon chocolate frosting,2
1 teaspoon seven-spice mix,2
1 bag raspberry,2
1 fruit syrup,2
1 cup wasabi,2
1 dash shichimi togarashi,2
1 kg bacon,2
1 pack linguica,2
1 tomato soup mix,2
1 bottle blue cheese dressing,2
1 pack frozen potatoes,2
1 ml vinaigrette,2
1 cup maple butter,2
1 silver dragees,2
1 slice melon,2
1 oz Maria cookies,2
1 cup palm fruit,2
1 lb challah,2
1 tablespoon mixed seeds,2
1 mushroom gravy,2
1 cup cherry tomato,2
1 count black olive,2
1 teaspoon chermoula,2
1 dash powdered sugar,2
1 cup focaccia,2
1 asian greens,2
1 pint mozzarella,2
1 cup cooking wine,2
1 pork neck bones,2
1 tablespoon mushrooms,2
1 can chocolate syrup,2
1 tablespoon fudge,2
1 ml cranberry,2
1 box shortbread cookie,2
1 oz konjac,2
1 lb carnaroli rice,2
1 lb cotechino,2
1 tablespoon babi ketjap seasoning,2
1 tablespoon plum jelly,2
1 tablespoon red currants,2
1 tablespoon cracker crumbs,2
1 bag stir fry vegetables,2
1 box breadsticks,2
1 pack wax bean,2
1 lb roman beans,2
1 beef shoulder,2
1 sheet cake,2
1 cup low sodium chicken broth,2
1 teaspoon blood orange zest,2
1 tablespoon garlic wine vinegar,2
1 g eel,2
1 red chile,2
1 poultry,2
1 teaspoon sriracha hot chili sauce,2
1 teaspoon sugarcane,2
1 pack beef gravy,2
1 tablespoon thai chili,2
1 oz peanut sauce,2
1 l yogurt,2
1 ml semolina,2
1 kg butter,2
1 teaspoon licorice root,2
1 l sour cream,2
1 cup red chili peppers,2
1 slice meat,2
1 muscatel,2
1 cup turkey ham,2
1 seafood seasoning,2
1 quart rice milk,2
1 count jalapeno,2
1 teaspoon barley malt,2
1 currant jelly,2
1 reblochon cheese,2
1 dash dry vermouth,2
1 can vienna sausage,2
1 cheese rind,2
1 navy bean,2
1 kg chanterelle,2
1 teaspoon kaffir lime leaves,2
1 cup ssam sauce,2
1 cup ginger scallion sauce,2
1 cup frisee lettuce,2
1 oz lamb liver,2
1 g romano cheese,2
1 g treacle,2
1 oz spinach noodles,2
1 bottle yogurt,2
1 cup cloudberry jam,2
1 oz gjetost cheese,2
1 brown mushroom,2
1 lb swai,2
1 cup lentil sprouts,2
1 pack Italian salad dressing,2
1 tablespoon mixed fruit,2
1 pack seasoning mix,2
1 shot sweet vermouth,2
1 quart potato,2
1 cup chicken wing sauce,2
1 bottle bourbon,2
1 cup beetroot pickle juice,2
1 oz braunschweiger,2
1 chimichurri sauce,2
1 tablespoon sweet chili paste,2
1 can massaman curry paste,2
1 teaspoon lumpfish caviar,2
1 beef stock cubes,2
1 Hawaiian rolls,2
1 cup cloudberry,2
1 oz chicken gravy,2
1 lb beef eye round roast,2
1 jar squash,2
1 g trofie,2
1 pack bun,2
1 lb abalone,2
1 oz beef stew seasoning,2
1 cilantro cream sauce,2
1 cup cranberry apple chutney,2
1 pack crab,2
1 tablespoon black olive pesto,2
1 spring greens,2
1 ml chives,2
1 ml pine nut,2
1 cup cheddar Monterey Jack cheese blend,2
1 oz caesar dressing,2
1 caesar dressing,2
1 can yellow curry paste,2
1 oz orange syrup,2
1 soft-shell clam,2
1 quart beans,2
1 cup rice crumbs,2
1 box vegetable stock,2
1 tablespoon garlic dressing,2
1 quart coconut milk,2
1 oz herbal liqueur,2
1 pack rice noodle,2
1 bottle bloody mary mix,2
1 bottle basil,2
1 dukkah,2
1 kebab,2
1 oz acini di pepe,2
1 leaf betel leaf,2
1 plaice,2
1 cup blood orange,2
1 cup roasted red pepper,2
1 ml feta cheese,2
1 lb marlin,2
1 cup quinoa flakes,2
1 pack prune,2
1 set egg noodles,2
1 cup Thai tea mix,2
1 stick fish,2
1 cup chocolate pudding mix,2
1 can orange soda,2
1 shot grenadine,2
1 cup raspberry walnut vinaigrette,2
1 New Mexico dried chilies,2
1 teaspoon arrowroot flour,2
1 four cheese pasta sauce,2
1 dash sparkling water,2
1 slice chicken,2
1 cup prunes,2
"1 can tomato, green pepper, celery, onion",2
1 cup savory,2
1 cup pickled mustard greens,2
1 amaretto,2
1 g bocconcini,2
1 ml almond milk,2
1 daikon sprouts,2
1 slice fontina,2
1 Greek dressing,2
1 pheasant breast,2
1 can prune,2
1 tablespoon ginger garlic green chili paste,2
1 g crackers,2
1 cup agar,2
1 bar brie cheese,2
1 g potato flour,2
1 lb pork cheek,2
1 avocado cilantro dressing,2
1 teaspoon mustard powder,2
1 ml demi-glace,2
1 cup bitter leaf,2
1 inch kielbasa,2
1 parsley sauce,2
1 lb morel mushroom,2
1 tablespoon Vietnamese mint,2
1 lb yellow peas,2
1 cup vanilla sauce,2
1 cup massaman curry paste,2
1 roe,2
1 cup barbecue seasoning,2
1 lingonberry preserves,2
1 oz cocktail mix,2
1 kg brussels sprouts,2
1 inch rib-eye steak,2
1 cup soy coffee creamer,2
1 cup Thai pepper,2
1 oz pickle relish,2
1 leaf scent leaf,2
1 gallon buttermilk,2
1 g farmer cheese,2
1 Polish sausage,2
1 g kielbasa,2
1 salted herring fillet,2
1 cup apricot kernel,2
1 can pineapple juice concentrate,2
1 tablespoon butter spread,2
1 lb veal breast,2
1 pepperoncini juice,2
1 mangetout peas,2
1 tablespoon glucose,2
1 cup cherry chips,2
1 bergamot,2
1 oz custard,2
1 jar processed cheese sauce,2
1 cup chipotle puree,2
1 pack baby corn,2
1 slab beef ribs,2
1 cup hot pepper relish,2
1 can tomato concentrate,2
1 pack lemonade mix,2
1 oz Russian dressing,2
1 pack chocolate fudge pudding mix,2
1 jar ranch dressing,2
1 g syrup,2
1 shot pineapple juice,2
1 cup thai chili,2
1 oz glucose,2
1 oz lemonade mix,2
1 lb chitterlings,2
1 lb barley,2
1 pack pork ribs,2
1 tablespoon achar masala,2
1 beef drippings,2
1 lb Polish sausage,2
1 pack vanilla wafer cookies,2
1 cup sorghum molasses,2
1 dried red chile peppers,2
1 g artificial sweetener,2
1 oz spinach fettuccine,2
1 oz lingonberry preserves,2
1 tablespoon farina,2
1 pack beef and onion soup mix,2
1 pork loin chops,2
1 lb rump steak,2
1 bourbon,2
1 pistolette roll,2
1 bunch radish greens,2
1 tablespoon banana liqueur,2
1 piece anchovies,2
1 cup apple grape cherry juice,2
1 broccolini,2
1 inch rock sugar,2
1 piece baby corn,2
1 bottle white beer,2
1 pack angel food cake mix,2
1 oz lumpfish caviar,2
1 shot cranberry juice,2
1 can bacon bits,2
1 tablespoon cranberry juice concentrate,2
1 g pork rinds,2
1 seasoning mixture,2
1 garlic sausage,2
1 roquefort cheese,2
1 cup gingerbread,2
1 meatloaf seasoning mix,2
1 g lamb's lettuce,2
1 cup champagne dressing,2
1 tablespoon au jus,2
1 bunch bean thread noodles,2
1 cup macadamia nut oil,2
1 lb pork intestine,2
1 box butternut squash,2
1 cup muscovado sugar,2
1 teaspoon cream of mushroom soup,2
1 goose leg,2
1 glaze,2
1 ml pumpkin seeds,2
1 oz orange curacao,2
1 g black bean sauce,2
1 piece apricot,2
1 can green curry paste,2
1 lb butterfish,2
1 oz elderberry,2
1 teaspoon macadamia nut,2
1 ml whole wheat flour,2
1 lb rotini pasta,2
1 ml sunflower seed,2
1 g tortiglioni,2
1 can four-bean mix,2
1 piece rosemary,2
1 bag mango,2
1 cup garbanzo beans,2
1 tablespoon pancake mix,2
1 lb shoulder roast,2
1 pint grain alcohol,2
1 blueberry,2
1 jar artichoke hearts,2
1 king prawns,2
1 cup olive juice,2
1 cup bologna,2
1 pack breadsticks,2
1 crab cake,2
1 cloudberry,2
1 tablespoon beef extract,2
1 oz rock candy syrup,2
1 tablespoon baby corn,2
1 cup amarula liqueur,2
1 jar mustard,2
1 pack nuts,2
1 box whole wheat pasta,2
1 cup whole wheat pasta shells,2
1 bagel chips,2
1 tablespoon creme de cassis,2
1 kg spaghetti,2
1 quart rhubarb,2
1 oz rice wine,2
1 mortadella,2
1 teaspoon goat cheese,2
1 slab pork spareribs,2
1 pint coconut milk,2
1 inch beef,2
1 set hamburger bun,2
1 tablespoon herb seasoning,2
1 set enchilada sauce,2
1 bag rotini,2
1 cup mexican blend cheese,2
1 reblochón cheese,2
1 oz prunes,2
1 teaspoon tartaric acid,2
1 chicken burger,2
1 cup lasagna noodles,2
1 oz soy cheese,2
1 kg beef liver,2
1 onion skin,2
1 ml sauternes,2
1 anise extract,2
1 cup apricot preserve,2
1 gallon vinegar,2
1 oz sweet potato noodles,2
1 oz molokhia,2
"1 can tomato, green pepper, onion",2
1 cup split chickpeas,2
1 g mizithra cheese,2
1 silken tofu,2
1 vanilla syrup,2
"1 cabbage, chickpeas",2
1 teaspoon black lentils,2
1 pack coriander,2
1 tablespoon kefalotyri,2
1 lentils,2
1 slice asiago cheese,2
1 cup biscoff spread,2
1 ml raspberry jam,2
1 box mushrooms,2
1 sweet italian sausage,2
1 tablespoon pear liqueur,2
1 cup mustard mayonnaise,2
1 cup applewood chips,2
1 nonpareils,2
1 mesquite wood chips,2
1 teaspoon green chutney,2
1 cup pepperoncini juice,2
1 jar marmalade,2
1 tube crescent rolls,2
1 box stock,2
1 lb frog legs,2
1 g pizza dough,2
1 teaspoon ginger and green chilli paste,2
1 cup shimeji mushroom,2
1 tablespoon blue curaçao,2
1 cup amaranth flour,2
1 dash sweet and sour mix,2
1 slice pickled ginger,2
1 oz fennel seed,2
1 tablespoon spice,2
1 sea urchin roe,2
1 bag cheese blend,2
1 pack lean sausage,2
1 oz king prawn,2
1 lb stilton cheese,2
1 tablespoon pinot grigio wine,2
1 cup sweet bean sauce,2
1 l goat milk,2
1 tablespoon black olives,2
1 piece ginseng,2
1 kasseri cheese,2
1 teaspoon self-raising flour,2
1 cherry preserves,2
1 slice Italian bread,2
1 g peppers,2
1 ml pecan,2
1 tablespoon vegan chicken seasoning,2
1 cup Greek salad dressing,2
1 tablespoon sichuan seasoning,2
1 tablespoon cumin coriander powder,2
1 seeds,2
1 oz roman beans,2
1 Anaheim pepper,2
1 oz oyster sauce,2
1 jar three cheese pasta sauce,2
1 l whipped topping,2
1 cup hops,2
1 honey mustard dressing,2
1 kg couscous,2
1 dash flour,2
1 lb wonton wrappers,2
1 bag licorice,2
1 ml coffee creamer,2
1 dash herbs,2
1 pinch fusilli,2
1 cup italian salad dressing,2
1 tablespoon chickpea miso,2
1 cup chocolate drink mix,2
1 cup banana chips,2
1 lb chicken wing drummettes,2
1 box lemon pudding mix,2
1 pack imitation crabmeat,2
1 flask eggplant,2
1 oz artichoke hearts,2
1 tablespoon mizithra cheese,2
1 pack Morningstar Farms Grillers crumbles,2
1 tablespoon egg nog,2
1 cup glass noodle,2
1 oz elbow macaroni,2
1 oz black tea,2
1 pack tofu shirataki noodles,2
1 g sea bream,2
1 teaspoon vegetarian seasoning,2
1 lb basil,2
1 lb cherry pepper,2
1 cup okara,2
1 cup barbecue glaze,2
1 tub goat cheese,2
1 pack sprinkles,2
1 tablespoon tandoori masala paste,2
1 g kefalograviera cheese,2
1 oz ranch seasoning,2
1 kg pork tenderloin,2
1 can fava beans,2
1 oz soy sausage,2
1 garlic dill pickles,2
1 jar vegetables,2
1 cup chocolate pastry cream,2
1 pad thai sauce,2
1 cup artichoke hearts,2
1 oz kefalotyri,2
1 slice turnip,2
1 strip red pepper,2
1 oz mizithra cheese,2
1 teaspoon breadcrumbs,2
1 oz cold cuts,2
1 teaspoon sweet bean paste,2
1 teaspoon agar agar,2
1 cup sweetcorn,2
1 g sugar substitute,2
1 inch pineapple,2
1 tablespoon squid ink,2
1 tablespoon pepperoncini juice,2
1 tablespoon blood orange zest,2
1 tablespoon thai pepper garlic sauce,2
1 oz galangal,2
1 tablespoon liquid sweetener,2
1 jar bolognese sauce,2
1 lb chicken broth,2
1 tablespoon mushroom stock,2
1 can apple pie filling,2
1 oz Gouda cheese,2
1 tablespoon white balsamic vinegar,2
1 cup uziza leaf,2
1 kg prune,2
1 tablespoon pudding,2
1 oz anisette,2
1 tablespoon pimento sauce,2
1 oz Thai seasoning,2
1 lb antelope,2
1 teaspoon flaxseed,2
1 tablespoon thai chili garlic sauce,2
1 wonton,2
1 ml mozzarella cheese,2
1 tablespoon blackberry syrup,2
1 can white sauce,2
1 cup Asian-style dressing,2
1 cloud ear mushroom,2
1 teaspoon green pepper flakes,2
1 tablespoon pickled garlic,2
1 cube pork broth,2
1 teaspoon lemonade mix,2
1 lb winter melon,2
1 g rum,2
1 g chicory,2
1 teaspoon pudding,2
1 kg sardine,2
1 pint vegetable broth,2
1 steamed bun,2
1 bag navy bean,2
1 teaspoon pennyroyal,2
1 teaspoon tapenade,2
1 g kefalotyri,2
1 cup quahog,2
1 slice vegetarian ham,2
1 quart ham stock,2
1 vienna sausage,2
1 onion gravy mix,2
1 submarine bun,2
1 lb chicken drumstick,2
1 g sweet chili sauce,2
1 jar coconut,2
1 oz cherry pie filling,2
1 cup butter pecan ice cream,2
1 tablespoon kalamansi juice,2
1 g pickled vegetables,2
1 cup lemon drink mix,2
1 lb mung bean,2
1 kg walnut,2
1 oz roux,2
1 onion and mushroom soup mix,2
1 ml mushroom,2
1 box bread crumbs,2
1 oz coconut syrup,2
1 oz sherry vinegar,2
1 tablespoon curry sauce,2
1 cup brownie mix,2
1 hard sauce,2
1 tablespoon pudding mix,2
1 Southern Comfort,2
1 tablespoon duqqa,2
1 teaspoon ranch dressing mix,2
1 pint whipped topping,2
1 pint vodka,2
1 oz pita chips,2
1 pack risotto,2
1 oz pastina,2
1 cup clover sprouts,2
1 jar black bean and corn salsa,2
1 g beef rump steak,2
1 bar bologna,2
1 dash garlic pepper seasoning,2
1 lb pita,2
1 pack halloumi cheese,2
1 oz anise extract,2
1 anisette,2
1 ouzo,2
1 tablespoon grana padano,2
1 leaf curry leaves,2
1 cup graviera cheese,2
1 oz spring greens,2
1 Crystal Light Lemonade,2
1 pack steak,2
1 oz star anise,2
1 oz vegan cheese,2
1 cup falafel mix,2
1 box tostada,2
1 dash chili pepper,2
1 ml ouzo,2
1 oz poblano pepper,2
1 oz quorn,2
1 sheet lasagna noodles,2
1 cup garlic vinaigrette,2
1 oz coconut water,2
1 lb beef knuckle,2
1 tablespoon carne asada seasoning,2
1 sandwich thins,2
1 lb fish and shellfish,2
1 tartlet shell,2
1 teaspoon jalapeno juice,2
1 tablespoon mexican spice blend,2
1 pack milk chocolate,2
1 jar mushroom sauce,2
1 quart hominy,2
1 cm carrot,2
1 tablespoon sesame chili oil,2
1 oz Chinese broccoli,2
1 jar piquillo peppers,2
1 jar corn and black bean salsa,2
1 jar gravy,2
1 cup shochu,2
1 crème de cassis,2
1 chocolate buttercream,2
1 cup awamori,2
1 tablespoon peppermint,2
1 cup morel mushroom,2
1 lb pine nut,2
1 oz brown rice flour,2
1 cup jerk sauce,2
1 malted milk balls,2
1 can navy beans,2
1 red bean paste,2
1 tablespoon umeboshi,2
1 tablespoon banyuls vinegar,2
1 lb masa dough,2
1 blood orange juice,2
1 tablespoon cream cheese frosting,2
1 dash chipotle powder,2
1 tablespoon pate,2
1 handful shallot,2
1 cup kelp,2
1 cup marionberry,2
1 g sweet bean paste,2
1 oz mizuna,2
1 yakisoba sauce,2
1 teaspoon semisweet chocolate,2
1 bar candy,2
1 oz chocolate wafer cookie,2
1 can tomatillo salsa,2
1 cup kamaboko,2
1 jaggery,2
1 tablespoon adzuki beans,2
1 catalina dressing,2
1 umeboshi,2
1 pint salsa,2
1 pack four cheese,2
1 tablespoon jalapeno pepper jelly,2
1 teaspoon creme de menthe,2
1 cup jackfruit seed,2
1 cube shrimp,2
1 blackberry sauce,2
1 cup yam leaf,2
1 cup ume vinegar,2
1 teaspoon porcini mushrooms,2
1 teaspoon wasabi mustard,2
1 cup arame,2
1 ml green chili,2
1 can curry sauce,2
1 sweet Italian sausage,2
1 serrano chile,2
1 cup meat sauce,2
1 roll polenta,2
1 almond liqueur,2
1 handful snow peas,2
1 dash chives,2
1 box penne rigate,2
1 cup caper berries,2
1 bones,2
1 piece kaffir lime leaves,2
1 spring onions,2
1 g rosemary,2
1 roll dinner roll,2
1 handful rice noodles,2
1 lb rib steak,2
1 cup dry mustard,2
1 teaspoon herb seasoning,2
1 count olive oil,2
1 g bresaola,2
1 choy sum,2
1 tablespoon pancetta drippings,2
1 g sponge biscuit,2
1 box pizza dough,2
1 cup beef chuck roast,2
1 tablespoon Swiss cheese,2
1 cup diced tomatoes with green chilies,2
1 count snails,2
1 teaspoon Truvia,2
1 oz enchilada seasoning mix,2
1 cup whitefish,2
1 tablespoon pandan,2
1 bag okra,2
1 teaspoon aniseed,2
1 g ricotta cheese,2
1 oz taro,2
1 slice kombu,2
1 lb whiting,2
1 cup udon noodles,2
1 tablespoon porcini mushroom,2
1 tablespoon chicken base,2
1 baharat,2
1 pack bean soup mix,2
1 set pastry dough,2
1 wheel brie,2
1 pack vegetarian chicken,2
1 cup tatsoi,2
1 teaspoon pomegranate juice,2
1 tablespoon umeboshi vinegar,2
1 oz cheese tortellini,2
1 teaspoon hot chili sauce,2
1 piece parmigiano reggiano,2
1 pack Alfredo sauce,2
1 cup cilantro pesto,2
1 grapefruit juice,2
1 cup chicory,2
1 cup mortadella,2
1 l port wine,2
1 pack harusame noodles,2
1 bottle enchilada sauce,2
1 jar chili powder,2
1 cup tempura flour,2
1 lb beef roast,2
1 tablespoon key lime juice,2
1 cup whey powder,2
1 bunch chrysanthemum,2
1 tablespoon cajeta,2
1 clove cinnamon,2
1 cup horseradish cream,2
1 tablespoon pinto bean seasoning,2
1 cup preserved radish,2
1 mint jelly,2
1 piece gravy,2
1 ginger juice,2
1 lb acorn squash,2
1 chicken wing sauce,2
1 inch vegetable shortening,2
1 quart purslane,2
1 can canned tomatoes,2
1 tablespoon green chilli,2
1 teaspoon active dry yeast,2
1 bottle wild mushroom sauce,2
1 morel mushroom,2
1 piece whole-wheat lavash,2
1 jar parmesan cheese sauce,2
1 lb yardlong bean,2
1 teaspoon yellow split peas,2
1 cup cockles,2
1 oz huckleberry,2
1 pack meatballs,2
1 dash lemon-lime soda,2
1 lb cotija cheese,2
1 teaspoon sweet paprika,2
1 Parmesan cheese,2
1 oz shimeji mushrooms,2
1 pack breadstick,2
1 piece oyster crackers,2
1 piece daikon radish,2
1 tablespoon rice syrup,2
1 pint cockles,2
1 dash red chili pepper flakes,2
1 bottle tomatillo salsa,2
1 sweet rolls,2
1 tonkatsu sauce,2
1 tablespoon kimchi juice,2
1 cup coriander root,2
1 soppressata,2
1 cup pork crackling,2
1 radish sprouts,2
1 can jalapeno bean dip,2
1 bottle green taco sauce,2
1 cup dried sour cherries,2
1 spice,2
1 lb beef chuck eye roast,2
1 oz pink beans,2
1 g soybean sprouts,2
1 teaspoon poblano pepper,2
1 piece chicken tenderloin,2
1 cup portobello mushrooms,2
1 tablespoon anise liqueur,2
1 hazelnut vinaigrette,2
1 g cake,2
1 tablespoon psyllium husk,2
1 soybean,2
1 teaspoon sichuan peppercorn,2
1 oz chilean sea bass,2
1 can poblano pepper,2
1 cup blackberries,2
1 g edamame,2
1 tablespoon green chile,2
1 lemon lime,2
1 ancho chile powder,2
1 piece corn tortilla,2
1 teaspoon chole masala,2
1 leaf napa cabbage,2
1 cup roasted pepper pesto,2
1 oz falernum,2
1 tablespoon wheat gluten,2
1 teaspoon lemon curd,2
1 oz fruit preserves,2
1 tablespoon microgreens,2
1 shot liqueur,2
1 teaspoon egg replacer,2
1 sweet and sour mix,2
1 pack herbs,2
1 cup yakisoba noodles,2
1 soy flour,2
1 oz gourd,2
1 oz vanilla schnapps,2
1 lb paccheri,2
1 bar neufchatel cheese,2
1 cup olive brine,2
1 gallon ice,2
1 tablespoon tempura batter,2
1 cup dark rum,2
1 lb pork offal,2
1 piece cassia,2
1 oz sheep milk cheese,2
1 tablespoon red food coloring,2
1 head Romanesco,2
1 cup hickory chips,2
1 cup Oaxaca cheese,2
1 teaspoon lovage,2
1 sheet bread,2
1 handful cheese,2
1 arbol pepper,2
1 teaspoon vanilla syrup,2
1 sweet chili,2
1 dash maraschino juice,2
1 striped bass,2
1 cup burrata,2
1 oz serrano chili,2
1 tablespoon sushi seasoning,2
1 teaspoon Thai chili garlic sauce,2
1 teaspoon pork bone broth,2
1 g matcha,2
1 oz rockfish,2
1 oz ground meat,2
1 lb pomelo,2
1 teaspoon recaito,2
1 g tamarind pulp,2
1 jar jalapeno jelly,2
1 roll hoagie roll,2
1 fudge sauce,2
1 pack hot italian sausage,2
1 bag four cheese Mexican blend cheese,2
1 cup vegetable soup mix,2
1 lb fish paste,2
1 cup cream soda,2
1 lb wonton wrapper,2
1 count egg white,2
1 cup hazelnut oil,2
1 cup pumpkin seed oil,2
1 tablespoon black salt,2
1 bunch green bean,2
1 inch horseradish,2
1 cup pumpernickel bread,2
1 thai red chili,2
1 pack jasmine rice,2
1 cup garlic shoots,2
1 cup chile de árbol,2
1 jar citrus,2
1 peppadew,2
1 cup veal jus,2
1 kg rhubarb,2
1 tablespoon bouillon powder,2
1 g napa cabbage,2
1 soybeans,2
1 lb shirataki noodles,2
1 teaspoon crayfish,2
1 pack mexican rice mix,2
1 cup lemon glaze,2
1 g quinoa,2
1 lb tofu skin,2
1 oz beet greens,2
1 g red snapper,2
1 oz queso blanco,2
1 l champagne,2
1 slice turkey ham,2
1 kg milk,2
1 cup red chile enchilada sauce,2
1 quart huckleberry,2
1 tablespoon mushroom sauce,2
1 teaspoon scotch bonnet hot sauce,2
1 cup lo mein,2
1 l ghee,2
1 g ajwain,2
1 kg chickpea flour,2
1 tablespoon zucchini,2
1 tablespoon cherry syrup,2
1 bottle fish sauce,2
1 bunch corn husk,2
1 bag masa harina,2
1 gizzard,2
1 handful cheddar cheese,2
1 ml curry sauce,2
1 teaspoon grape seed oil,2
1 tomato avocado salsa,2
1 quart romaine lettuce,2
1 lb rib-eye roast,2
1 ml strawberry juice,2
1 bunch yu choy,2
1 teaspoon shaoxing rice wine,2
1 cup arugula pesto,2
1 g oxtail,2
1 corn starch,2
1 cup lardon,2
1 cup chicken drippings,2
1 pint strawberry sorbet,2
1 bar konjac,2
1 oz cream of potato soup,2
1 bag hibiscus tea,2
1 quart strawberry ice cream,2
1 cup strawberries,2
1 porcini bacon sauce,2
1 cup strawberry coulis,2
1 tablespoon herbs de provence,2
1 oz red bell pepper,2
1 scoop strawberry ice cream,2
1 pack waffle cone,2
1 oz strawberry jam,2
1 pear chutney,2
1 cup animal fat,2
1 teaspoon split peas,2
1 cup roast beef,2
1 cup butter sauce,2
1 tablespoon pecorino toscano,2
1 oz glutinous rice flour,2
1 lb garlic chives,2
1 lb chives,2
1 tablespoon shrimp powder,2
1 cup flank steak,2
1 kg brown sugar,2
1 tablespoon kewra essence,2
1 lb hokkien noodles,2
1 cognac,2
1 cup korma paste,2
1 tablespoon dough,2
1 tablespoon crescenza cheese,2
1 bag pasta,2
1 cup masago,2
1 lb mincemeat,2
1 oz jerk sauce,2
1 tablespoon alcohol,2
1 oz kabocha squash,2
1 pack bok choy,2
1 tablespoon sacha sauce,2
1 cup sea urchin,2
1 foie gras,2
1 slice oatmeal bread,2
1 tablespoon soumbala,2
1 oz tomatillo sauce,2
1 tablespoon shiso,2
1 g appenzeller cheese,2
1 dash kirsch,2
1 rice wine,2
1 teaspoon ajowan,2
1 cup finger millet,2
1 cup sun-dried tomatoes,2
1 oz Dubliner cheese,2
1 tablespoon Italian dressing mix,2
1 cup smoked gouda,2
1 g flageolet beans,2
1 lb baby greens,2
1 handful okra,2
1 handful pecan,2
1 oz gochujang,2
1 cup three cheese blend,2
1 teaspoon masago,2
1 cup parmesan vinaigrette,2
1 snickers,2
1 cup snickers,2
1 teaspoon chia seed,2
1 oz fajita seasoning,2
1 shredded coconut,2
1 tablespoon sugar water,2
1 cup chipotle maple barbecue sauce,2
1 pack konjac,2
1 teaspoon instant yeast,2
1 red pepper paste,2
1 cup locust beans,2
1 tablespoon chipotle lime rub,2
1 tablespoon ragi flour,2
1 g corn smut,2
1 jar sesame seeds,2
1 lb beef marrow bones,2
1 corn tomato salsa,2
1 bottle bbq sauce,2
1 bunch cabbage,2
1 cup green onions,2
1 oz cherry preserves,2
"1 cup monterey jack cheese, jalapeno peppers",2
1 lb cooked ham,2
1 bag chocolate,2
1 beef base,2
1 cup soy nuts,2
1 lb kimchi,2
1 can turkey gravy,2
1 pasilla chilies,2
1 tablespoon chipotle peppers,2
1 oz whitefish,2
1 Asian pear,2
1 cup chipotle mayo,2
1 cup walnut halves,2
1 kimchi,2
1 bunch baby bok choy,2
1 cup Montasio cheese,2
1 honey rum glaze,2
1 hickory wood chips,2
1 oz salmon roe,2
1 oz smoked salmon,2
1 lb speck,2
1 rainbow trout,2
1 cup trout,2
1 oz pepper jelly,2
1 brownie,2
1 dash Italian seasoning,2
1 pack potato pancake mix,2
1 tablespoon greek yogurt,2
1 can diet coke,2
1 lb fiddlehead fern,2
1 cup anise liqueur,2
1 cup tangerine,2
1 tablespoon tikka masala,2
1 cup seafood sauce,2
1 jar cheddar cheese,2
1 cornbread mix,2
1 cup taleggio,2
1 piece hilsa,2
1 cube tomato broth,2
1 tablespoon Aleppo pepper,2
1 stick sugarcane,2
1 piece pumpkin,2
1 pack Swiss cheese,2
1 black bean burger,2
1 bao,2
1 teaspoon absinthe,2
1 oz filet mignon,2
1 tube buttermilk biscuits,2
1 quart chili sauce,2
1 langoustine,2
1 pack guacamole seasoning,2
1 teaspoon chicken masala,2
1 seafood,2
1 oz olive brine,2
1 piquin chile,2
1 bottle lager,2
1 cup daylily,2
1 teaspoon meat masala,2
1 g black cardamom,2
1 slice pork tenderloin,2
1 bag stuffing,2
1 tablespoon sesame salt,2
1 slice lettuce,2
1 g tikka masala paste,2
1 can mixed fruit,2
1 teaspoon guacamole,2
1 pasilla chili pepper,2
1 tablespoon vermicelli,2
1 quart fava bean greens,2
1 whole wheat flatbread,2
1 nigella seeds,2
1 g flattened rice,2
1 can sardines,2
1 cup legumes,2
1 cup pomegranate paste,2
1 taro leaves,2
1 pan thyme,2
1 spices,2
1 slice beetroot,2
1 teaspoon anaheim chili,2
1 oz beef brisket,2
1 cup hard cheese,2
1 handful ice,2
1 lb whole wheat spaghetti,2
1 cup cocoyam leaves,2
1 hot Italian sausage,2
1 rendang seasoning,2
1 tablespoon anise water,2
1 cup giblets,2
1 cup banana blossom,2
1 cup Quorn,2
1 tablespoon mexican seasoning blend,2
1 g honeycomb candy,2
1 pack rice pilaf mix,2
1 cup palm wine,2
1 cup palm nut,2
1 lemon sole,2
1 piece spring roll wrappers,2
1 cup pomegranate orange dressing,2
1 cup buffalo milk,2
1 g passion fruit,2
1 pack chicken gravy mix,2
1 piece snapper,2
1 ml curaçao liqueur,2
1 pack hollandaise sauce mix,2
1 piece tilapia,2
1 cup rusk,2
1 tablespoon coriander powder,2
1 chili con queso,2
1 tablespoon wheat germ oil,2
1 tablespoon watermelon seeds,2
1 papad,2
1 cube maggi seasoning,2
1 lamb chop,2
1 cup shellfish stock,2
1 piece tartar sauce,2
1 oz alfalfa sprouts,2
1 oz boursin cheese,2
1 oz orange,2
1 cookie dough,2
1 cup four cheese Mexican blend,2
1 can cooking spray,2
1 oz grapefruit soda,2
1 dumpling wrapper,2
1 oz juice,2
1 oz piña colada mix,2
1 pack vegetables,2
1 ml peanut butter,2
1 cream of chicken soup mix,2
1 m&ms,2
1 quart vanilla bean ice cream,2
1 cup m&ms,2
1 cup rose syrup,2
1 tablespoon sweet potato starch,2
1 oz tasso ham,2
1 g vegetable soup mix,2
1 cup hard candy,2
1 tablespoon garlic basil spread,2
1 cup whole wheat crackers,2
1 tablespoon masago,2
1 piece bird's eye chili,2
1 oz shirataki,2
1 oz monkfish,2
1 mussel,2
1 cup flatbread,2
1 l custard,2
1 can papaya,2
1 oz pear brandy,2
1 cup bean leaves,2
1 cup nectar,2
1 tablespoon jalapeño,2
1 teaspoon habanero hot sauce,2
1 cup peach spread,2
1 tablespoon preserved vegetables,2
1 rib-eye roast,2
1 piece toffee,2
1 g egg white,2
1 nacho chips,2
1 g chocolate cookie,2
1 tablespoon mustard pickle,2
1 cup pear liqueur,2
1 cup brisket,2
1 bag greens,2
1 bag spring greens,2
1 tablespoon milk chocolate,2
1 tablespoon blackberry liqueur,2
1 cup vanilla pudding,2
1 g char siu pork,2
1 piece milk chocolate,2
1 tablespoon date and tamarind chutney,2
1 lb urad dal,2
1 ml egg nog,2
1 tin condensed milk,2
1 tablespoon edam cheese,2
1 pint peach sorbet,2
1 tablespoon peach syrup,2
1 cup light rum,2
1 lb anaheim chile,2
1 g stock,2
1 cherry tomato,2
1 lb egg,2
1 sour mix,2
1 lb cornish game hen,2
1 g redfish,2
1 lemon jelly,2
1 g ice cream,2
1 kg veal shank,2
1 tablespoon blackberry,2
1 oz passion fruit,2
1 cup poultry stock,2
1 g shortbread cookie,2
1 g chana dal,2
1 g moong dal,2
1 handful pine nut,2
1 count pasta,2
1 pack cheddar monterey jack cheese,2
1 avocado relish,2
1 can breadsticks,2
1 padron pepper,2
1 cup rice flakes,2
1 creamed corn,2
1 tablespoon soy paste,2
1 can green chile peppers,2
1 cup cranberry jam,2
1 pack textured vegetable protein,2
1 cup cucumber juice,2
1 bag peppers and onions,2
1 cup mochi flour,2
1 cup creole seasoning,2
1 l lemonade,2
1 g honeydew melon,2
1 g frankfurter,2
1 cup passionfruit syrup,2
1 cup pomegranate balsamic vinegar,2
1 lb eye of round steak,2
1 ramen noodle seasoning,2
1 tablespoon baked beans,2
1 cup mixed berry juice,2
1 teaspoon kalonji,2
1 tablespoon Nam Prik Pao,2
1 pigeon,2
1 cup pecan halves,2
1 pouch taco seasoning,2
1 tablespoon queso cheese sauce,2
1 oz hibiscus syrup,2
1 oz sea urchin,2
1 cup fruit jelly,2
1 cup delicata squash,2
1 can adzuki beans,2
1 tablespoon fruit sauce,2
1 cup berry syrup,2
1 tablespoon chocolate fudge,2
1 bag shirataki noodles,2
1 g waffle,2
1 cup pastry dough,2
1 oz cranberry juice concentrate,2
1 crepe batter,2
1 raspberry jelly,2
1 jar pickle relish,2
1 oz morbier cheese,2
1 teaspoon rue,2
1 g fontina cheese,2
1 piece hot pepper,2
1 can canola oil,2
1 g hoisin sauce,2
1 ml lime cordial,2
1 pack coleslaw,2
1 g quince paste,2
1 teaspoon almond milk,2
1 piece provolone cheese,2
1 bunch shimeji mushrooms,2
1 piece sugar,2
1 tablespoon basmati rice,2
1 cup lemon puree,2
1 can red chili sauce,2
1 cup black gram flour,2
1 g truffle,2
1 cup vegemite,2
1 piece brioche,2
1 sprig lovage,2
1 g sprinkles,2
1 slice challah,2
1 tablespoon lemon myrtle,2
1 bay leaves,2
1 cup butter spread,2
1 bottle green tea,2
1 crab boil seasoning,2
1 pack graham cracker crust,2
1 teaspoon spice paste,2
1 teaspoon dukkah,2
1 tablespoon pomegranate balsamic vinegar,2
1 cup pearled barley,2
1 ml red pepper,2
1 Mexican cheese blend,2
1 inch strip steak,2
1 tablespoon sorghum syrup,2
1 tablespoon grits,2
1 g pasilla chili,2
1 pack sloppy joe seasoning mix,2
1 cup sweet mini bell pepper,2
1 inch baguette,2
1 tablespoon tuna,2
1 g cream of chicken soup mix,2
1 tablespoon goat meat,2
1 lb radiatori,2
1 g cream of chicken soup,2
1 inch pastry shell,2
1 piece olive,2
1 tablespoon pasta,2
1 cup tomato and pomegranate sauce,2
1 pack baking mix,2
1 kg crawfish,2
1 ml plum sauce,2
1 chocolate sandwich cookies,2
1 ml cinnamon syrup,2
1 oz yellowtail,2
1 pack mincemeat,2
1 cup mint chocolate,2
1 cup salad,2
1 pulp,2
1 amchur,2
1 cup lemon basil,2
1 nasturtium,2
1 oz stracchino cheese,2
1 pack natto,2
1 tin black beans,2
1 oz honey syrup,2
1 teaspoon black olive paste,2
1 piece wakame,2
1 g swordfish,2
1 tablespoon food colouring,2
1 cup crumb topping,2
1 gallon stock,2
1 tub cream cheese,2
1 pack roll,2
1 cup garlic alfredo sauce,2
1 pumpkin spice,2
1 g fava bean,2
1 pack barley,2
1 whole wheat dinner rolls,2
1 beef frankfurters,2
1 bunch chive,2
1 turkey wing,2
1 lb riblets,2
1 tablespoon paprika paste,2
1 cup palm nut juice,2
1 cup sauternes,2
1 cup lemon yogurt,2
1 can lime juice,2
1 g breadcrumbs,2
1 vanilla wafer crust,2
1 cup violet,2
1 g fingerroot,2
1 shot agave nectar,2
1 lb turtle,2
1 tablespoon cherry brandy,2
1 tablespoon lemon liqueur,2
1 feijoa,2
1 can seltzer water,2
1 pack tart shells,2
1 lb horse meat,2
1 gallon sheep milk,2
1 cup chimichurri sauce,2
1 lb malanga,2
1 tablespoon sugarcane juice,2
1 tablespoon dijon mustard,2
1 box shrimp,2
1 box mixed vegetables,2
1 lb four cheese blend,2
1 handful cabbage,2
1 pack karaage coating mix,2
1 masago,2
1 cup pork tenderloin,2
1 cup white cooking wine,2
1 garlic herb dressing,2
1 handful nettle,2
1 teaspoon ammonium chloride,2
1 cup cowpea leaves,2
1 g durum wheat flour,2
1 pack trout,2
1 inch salt,2
1 g biryani masala,2
1 oz confectioner's glaze,2
1 lb hash brown,2
1 teaspoon tangerine juice,2
1 tablespoon scallions,2
1 lb graham cracker crumbs,2
1 handful herb,2
1 lb pork trotters,2
1 tablespoon mincemeat,2
1 lb potato chips,2
1 cup mackerel,2
1 japanese chili,2
1 g mung bean noodles,2
1 oz comte cheese,2
1 lb clementine,2
1 ball dough,2
1 dash marsala,2
1 cup olive oil and vinegar dressing,2
1 jar okra,2
1 bottle sauce,2
1 sweet pastry dough,2
1 oz cocoa butter,2
1 kg ground meat,2
1 g chanterelle,2
1 pack custard,2
1 lb silken tofu,2
1 cube tofu,2
1 oz chili peppers,2
1 lb taleggio cheese,2
1 g yellow pepper,2
1 g anise,2
1 bunch komatsuna,2
1 g yardlong beans,2
1 cup pasilla pepper,2
1 shot campari,2
1 oz emmental cheese,2
1 lb purslane,2
1 can grapefruit juice,2
1 tablespoon edible flowers,2
1 cup tangelo juice,2
1 can fruit,2
1 stick mozzarella,2
1 cup Boursin cheese,2
1 cup black olive tapenade,2
1 asadero cheese,2
1 quart pinto beans,2
1 cup mugwort,2
1 g pork skin,2
1 blueberry sauce,2
1 vegetable juice,2
1 tube biscuit,2
1 shot white wine,2
1 cup taro leaves,2
1 cup nuts and seeds,2
1 oz papaya nectar,2
1 duck thigh,2
1 jalapeno cheddar cheese dip,2
1 tongue,2
1 cup sweet potato leaves,2
1 cup citrus fruit,2
1 cup mung bean starch,2
1 tablespoon violet,2
1 tablespoon coleslaw,2
1 piece orange,2
1 oz ginger garlic paste,2
1 pack oyster crackers,2
1 cup sobrasada,2
1 cup puff pastry,2
1 sprig lemongrass,2
1 cane sugar,2
1 flattened rice,2
1 bottle seltzer water,2
1 kg masa harina,2
1 count cashew,2
1 teaspoon raspberry vinegar,2
1 teaspoon italian herbs,2
1 lb shoulder meat,2
1 teaspoon madras curry paste,2
1 cup flageolet beans,2
1 cream sauce,2
1 cup herring,2
1 count jalapeno pepper,2
1 lb curly endive,2
1 orange soda,2
1 kg parsnip,2
1 mars bar,2
1 bottle thousand island dressing,2
1 piece vegetables,2
1 lb beef marrow,2
1 tablespoon candied orange peel,2
1 pint olive,2
1 g strawberry jelly,2
1 cup quince,2
1 tablespoon mezcal,2
1 cup pimento cheese,2
1 leaf collard greens,2
1 dash peychaud's bitters,2
1 oz pineapple schnapps,2
1 cup Asian dressing,2
1 piece candlenut,2
1 ml sweet and sour mix,2
1 cake batter,2
1 pack chow mein noodles,2
1 cup ume plum vinegar,2
1 pack cheese ravioli,2
1 cup banana ketchup,2
1 lb guajillo chili,2
1 set pasta dough,2
1 cup calamansi juice,2
1 tablespoon banana ketchup,2
1 teaspoon mushroom powder,2
1 oz cardamom,2
1 cup speck,2
1 urad dal,2
1 g licorice,2
1 vanilla sauce,2
1 cup egg white powder,2
1 strip kelp,2
1 bottle artichoke,2
1 cup Dubliner cheese,2
1 g chocolate cake mix,2
1 cup hot fudge sauce,2
1 teaspoon rice bran oil,2
1 oz peppermint,2
1 hash brown,2
1 cup tamarind water,2
1 lb sausage roll,2
1 cup kudzu starch,2
1 handful flour,2
1 teaspoon citrus juice,2
1 tablespoon Thai chili garlic sauce,2
1 chamomile,2
1 pint portobello mushroom,2
1 can red beans,2
1 ml banana syrup,2
1 tablespoon egg yolk,2
1 cup verjuice,2
1 cup durum wheat flour,2
1 oz bitters,2
1 ml lychee juice,2
1 cup doenjang,2
1 cup cluster bean,2
1 bag butternut squash,2
1 bar snickers,2
1 oz mulato chili,2
1 cup honey mustard sauce,2
1 lb pompano,2
1 pint chocolate chip ice cream,2
1 cup sweet potato flour,2
1 tube pizza dough,2
1 melon seeds,2
1 teaspoon long pepper,2
1 cup date molasses,2
1 oz whole wheat pastry flour,2
1 cup pickled peppers,2
1 jar mole,2
1 oz asiago,2
1 pack pita chips,2
1 oz chicken nuggets,2
1 piece caul fat,2
1 poblano chile,2
1 lap cheong,2
1 kg raisin,2
1 cranberry chutney,2
1 teaspoon peppercorns,2
1 cup sriracha sauce,2
1 cup ogbono,2
1 redfish,2
1 tablespoon processed cheese,2
1 pack seafood boil,2
1 roll white bread,2
1 pack garlic cheese spread,2
1 tablespoon elderflower liqueur,2
1 teaspoon chive,2
1 cup pistachio flour,2
1 tablespoon pistachio oil,2
1 cup samphire,2
1 cup whole wheat elbow macaroni,2
1 ml cola,2
1 tablespoon sodium hydroxide,2
1 g boysenberry,2
1 teaspoon paprika paste,2
1 g chicken sausage,2
1 lb corn husk,2
1 ml sauce,2
1 bar Weetabix,2
1 g cabanossi,2
1 cup pulled pork,2
1 lb stockfish,2
1 teaspoon raspberry,2
1 ml blueberry wine,2
1 g instant noodles,2
1 ml apricot nectar,2
1 green goddess dressing,2
1 g pita bread,2
1 quart frozen yogurt,2
1 lb horse mackerel,2
1 quart mustard greens,2
1 cup poultry seasoning,2
1 roll kaiser roll,2
1 slice jalapeno jack cheese,2
1 oz apple liqueur,2
1 tablespoon white cheese,2
1 lb ground pork and chorizo,2
1 jar blue cheese dressing,2
1 tin tuna,2
1 cup white currant,2
1 teaspoon green chili sauce,2
1 cup black millet flour,2
1 stalk Japanese parsley,2
1 g pumpkin seed,2
1 count tomatillo,2
1 tablespoon beeswax,2
1 cup corn tortilla chips,2
1 béarnaise sauce,2
1 sirloin roast,2
1 cup guajillo chile,2
1 cup beef tallow,2
1 cup black bean dip,2
1 teaspoon sichuan chili paste,2
1 oz blackberry syrup,2
1 piece jackfruit,2
1 g split yellow peas,2
1 oz rum cream liqueur,2
1 lb maitake mushroom,2
1 jar jalapeno pepper,2
1 tablespoon red thai curry paste,2
1 cup quinoa pasta,2
1 pack burger crumbles,2
1 pack lamb's lettuce,2
1 pack potato chips,2
1 New York strip steak,2
1 stick peppermint,2
1 oz green curry paste,2
1 cup nasturtium,2
1 inch tamarind pulp,2
1 inch potato,2
1 lb brie,2
1 poblano,2
1 count poblano pepper,2
1 oz taco cheese blend,2
1 cup peach sorbet,2
1 jar dulce de leche,2
1 l heavy cream,2
1 bottle olive oil and vinegar dressing,2
1 jar white beans,2
1 g chanterelles,2
1 cup coconut sorbet,2
1 teaspoon lentil,2
1 tablespoon yuzu,2
1 teaspoon fermented bean paste,2
1 g baby greens,2
1 handful mixed greens,2
1 teaspoon ginger chili paste,2
1 chipotle sauce,2
1 lb jaggery,2
1 teaspoon cranberry,2
1 tablespoon cherry preserves,2
1 cup bagel chips,2
1 cayenne pepper sauce,2
1 piece gluten,2
1 shot sour mix,2
1 pint tequila,2
1 pack candy,2
1 quart tomatillo,2
1 g black cumin,2
1 tablespoon habanero pepper,2
1 tablespoon cashew nut paste,2
1 oz belgian endive,2
1 cup fruity pebbles,2
1 tablespoon bread,2
1 cup surimi,2
1 cup pork cracklings,2
1 cup mesclun,2
1 pack chocolate wafer,2
1 lb cheese blend,2
1 caramel candy,2
1 tepin chili,2
1 lb corn masa harina,2
1 shot pisco,2
1 cup rice bran,2
1 tablespoon lemon dressing,2
1 dash crushed red pepper,2
1 lb pork ears,2
1 tablespoon hung curd,2
1 tablespoon olive paste,2
1 cup acorn,2
1 cup steak rub,2
1 pack shortbread cookie,2
1 g rump steak,2
1 lb focaccia,2
1 long beans,2
1 lb arctic char,2
1 kg semolina,2
1 tablespoon thai curry paste,2
1 box avocado,2
1 whole wheat sandwich roll,2
1 piece haddock,2
"1 coconut cream, kecap manis, sriracha",2
1 cup pork belly,2
1 cup callaloo,2
1 piece kaffir lime leaf,2
1 kg mackerel,2
1 g milk solids,2
1 tablespoon thai roasted chili paste,2
1 teaspoon curry seasoning,2
1 g coconut powder,2
1 g sprouts,2
1 mustard oil,2
1 teaspoon pickle juice,2
1 pork picnic roast,2
1 tarragon vinegar,2
1 piece watercress,2
1 cup meat broth,2
1 piece gherkin,2
1 ml calvados,2
1 lb hanger steak,2
1 buttermilk biscuit,2
1 tablespoon orange sauce,2
1 jar green chili sauce,2
1 tablespoon fish roe,2
1 bunch frisee,2
"1 can corn, bell pepper",2
1 tablespoon khoya,2
1 cup vinaigrette dressing,2
1 inch flour tortillas,2
1 cup broccoli florets,2
1 oz pasta sheets,2
1 tablespoon graham flour,2
1 tablespoon cayenne pepper hot sauce,2
1 cup sour mix,2
1 can canned tomatoes and green chilies,2
1 lb frisee,2
1 oz burrito seasoning,2
1 kg paneer,2
1 teaspoon Thai chili sauce,2
1 dash hot red pepper sauce,2
1 tablespoon laksa paste,2
1 cup laksa paste,2
1 g alfalfa sprouts,2
1 piece turkey,2
1 cup sea cucumber,2
1 cup browning sauce,2
1 oz black trumpet mushroom,2
1 oz duck breast,2
1 teaspoon coconut aminos,2
1 asian pear,2
1 kg chickpea,2
1 oz jasmine rice,2
1 teaspoon chipotle chili,2
1 slice pork shoulder,2
1 teaspoon soy,2
1 pack portobello mushrooms,2
1 cup peanut powder,2
1 cup curaçao liqueur,2
1 tablespoon rose essence,2
1 cup fish fillet,2
1 cup mexican crema,2
1 lb ghee,2
1 oz Monterey Jack cheese with jalapeno peppers,2
1 pint coconut,2
1 slice paneer,2
1 sprig spearmint,2
1 tablespoon holy basil,2
1 tablespoon tamarind sauce,2
1 tablespoon chipotle chile puree,2
1 lb beef jerky,2
1 cup macaroni and cheese,2
1 cup lemon dressing,2
1 piece polenta,2
1 buns,2
1 piece mango pickle,2
1 caper,2
1 slice sweet onion,2
1 tablespoon saccharin,2
"1 cup pistachios, almonds",2
1 pack artichoke hearts,2
1 mexican seasoning,2
1 cup sorrel leaves,2
1 count green beans,2
1 pack vanilla,2
1 pineapple syrup,2
1 corn muffin mix,2
1 piece crab,2
1 handful mozzarella cheese,2
1 sheet egg noodles,2
1 pack little smokies,2
1 cup citrus,2
1 kg sirloin,2
1 bottle oyster sauce,2
1 tablespoon red pepper sauce,2
1 cup liquid seasoning,2
1 tablespoon nasi goreng seasoning,2
1 cup guajillo chili,2
1 tablespoon beetroot,2
1 cup red pepper paste,2
1 lb pheasant,2
1 oz four cheese Mexican blend cheese,2
1 teaspoon pumpkin seeds,2
1 pack ranch dip,2
1 pork blade steak,2
1 teaspoon graham cracker crumbs,2
1 tablespoon dry white wine,2
1 oz whole milk,2
1 pack popcorn chicken,2
1 pearl onion,2
1 dash tarragon,2
1 jack cheese,2
1 piece watermelon,2
1 tablespoon anaheim pepper,2
1 quart watermelon,2
1 cup hot pepper jelly,2
1 oz toor dal,2
1 lb jackfruit,2
1 set devils food cake batter,2
1 leaf belgian endive,2
1 shot sparkling wine,2
1 jar green chilies,2
1 tablespoon bechamel sauce,2
1 kg green chili,2
1 scoop whey protein,2
1 coffee creamer,2
1 cup mung bean vermicelli,2
1 kg cornstarch,2
1 inch mace,2
1 teaspoon chipotle puree,2
1 tablespoon clotted cream,2
1 bottle cachaça,2
1 berry,2
1 pickled peppers,2
1 pack fish fillet,2
1 wheat noodles,2
1 piece green beans,2
1 g jicama,2
1 bottle mole,2
1 tablespoon balti masala,2
1 hoja santa,2
1 sheet pastry,2
1 g kingfish,2
1 cup runner beans,2
1 head onion,2
1 tablespoon Fresno chile,2
1 pack spring mix,2
1 cup brown jasmine rice,2
1 speculaas,2
1 slice lotus root,2
1 g tangzhong,2
1 box plantain,2
1 teaspoon soybean paste,2
1 g chipotle pepper,2
1 cup brown rice pasta,2
1 can jalapeño,2
1 pack tilapia,2
1 cup orange sauce,2
1 cup jujube,2
1 butter cooking spray,2
1 betel leaf,2
1 creme anglaise,2
1 oz saltine crackers,2
1 lb tri tip roast,2
1 lb lamb rib,2
1 cup cranberry relish,2
1 lb oaxaca cheese,2
1 kg turnip,2
1 lb sweet peas,2
1 tablespoon coriander paste,2
1 pineapple essence,2
1 box tortellini,2
1 cup sundried tomato and oregano dressing,2
1 kg chili pepper,2
1 g sugarcane,2
1 oz tofu skin,2
1 cup purple yam,2
1 jar green salsa,2
1 oz diced tomatoes with green chilies,2
1 cup canned tomatoes with green chilies,2
1 tablespoon Madeira wine,2
1 lb bream,2
1 piece black cardamom,2
1 lb green bell pepper,2
1 ml coconut oil,2
1 wheel camembert,2
1 kg beef steak,2
1 quart baby greens,2
1 cup aspic,2
1 teaspoon paneer,2
1 g buckwheat flour,2
1 quart radish greens and arugula,2
1 lb potatoes,2
1 jar tuna,2
1 ml ice cream,2
1 beef back ribs,2
1 sheet graham cracker,2
1 pack turkey hot dog,2
1 lb seaweed,2
1 pack sausage casing,2
1 pint tomato juice,2
1 Maria cookies,2
1 can guava,2
1 oz turkey tenderloin,2
1 teaspoon pickled jalapeno,2
1 cup glucose,2
1 can pizza crust dough,2
1 colby cheese,2
1 lb quail,2
1 stalk dill,2
1 lb guavaberry,2
1 stick carrot,2
1 lb kefalotyri,2
1 teaspoon herb blend,2
1 pack vegetable mix,2
1 oz basa,2
1 pack penne rigate,2
1 pack vegetable recipe mix,2
1 pack vegetarian crumbles,2
1 piece ramen noodles,2
1 coffee beans,2
1 teaspoon pomegranate,2
1 cup lime curd,2
1 teaspoon annatto oil,2
1 ml mango nectar,2
1 tablespoon vin santo,2
1 tablespoon habanero sauce,2
1 veal sausage,2
1 cheese spread,2
1 g bologna,2
1 box winter squash,2
1 pudding mix,2
1 teaspoon poppy seed paste,2
1 dash orange extract,2
1 drumstick,2
1 pack curry powder,2
1 parmesan cheese and flat leaf parsley,2
1 oz tomato and green chili,2
1 lily,2
1 cup pizza crust,2
1 tablespoon spirulina,2
1 ml curd,2
1 piece paneer,2
1 cup soy protein,2
1 g buckwheat noodles,2
1 teaspoon porcini powder,2
1 soy yogurt,2
1 tablespoon rose wine,2
1 oz black mushroom,2
1 tomatillo sauce,2
1 oz whole wheat spaghettini,2
1 cup root vegetables,2
1 oz rotel,2
1 cup pork rinds,2
1 bag tortilla,2
1 tablespoon malt syrup,2
1 lb cellophane noodles,2
1 cup baguette,2
1 g panko,2
1 dash calvados,2
1 foot pork casing,2
1 teaspoon chai tea mix,2
1 can lemon lime soda,2
1 piece konjac,2
1 oz buffalo,2
1 lb kelp noodles,2
1 bouillon,2
1 lb whale meat,2
1 cup borlotti bean,2
1 teaspoon vegan butter spread,2
1 cup honey dijon dressing,2
1 lb lamb spareribs,2
1 tablespoon menudo spice mix,2
1 cup yellow mustard,2
1 roll puff pastry,2
1 g catfish,2
1 cup halloumi,2
1 tablespoon ice cream,2
1 lb camembert,2
1 teaspoon four spice,2
1 bag jasmine tea,2
1 bag Mexican cheese blend,2
1 aji amarillo pepper,2
1 fish sticks,2
1 Parmesan cheese rind,2
1 chipotle cream,2
1 cup sun-dried tomato vinaigrette,2
1 oz blackberry brandy,2
1 cup genoise,2
1 cup maitake mushroom,2
1 teaspoon walnut,2
1 iceberg lettuce,2
1 oz cuttlefish,2
1 can red chile sauce,2
1 kg white fish,2
1 piece pickles,2
1 oz whole wheat noodles,2
1 tablespoon wasabi mayonnaise,2
1 tablespoon cassia,2
1 quart beef bone broth,2
1 g sumac,2
1 oz elderflower cordial,2
1 oz passion fruit nectar,2
1 kg beef bones,2
1 kg beef shank,2
1 oz tikka masala,2
1 g star anise,2
1 tamarind paste,2
1 chipotle chili powder,2
1 cup russian dressing,2
1 tablespoon pepper paste,2
1 pack pulled pork,2
1 chocolate biscuits,2
1 pint broth,2
1 lb seal meat,1
1 banana chips,1
1 can almond filling,1
1 tablespoon pimento stuffed olives,1
1 tablespoon hazelnut meal,1
1 teaspoon garlic and onion,1
1 tablespoon blueberry jam,1
1 kg artichoke,1
1 cup chex cereal,1
1 ml pear juice concentrate,1
1 grouse breast,1
1 tablespoon hot peppers,1
1 g emu ham,1
1 cup rose extract,1
1 g fruit chutney,1
1 teaspoon jerk chili paste,1
1 ml lemon,1
1 kg kabocha,1
1 pack bacon bits,1
1 ml chocolate chips,1
1 oz bean,1
1 cup cucamelon,1
1 ml vanilla schnapps,1
1 tablespoon hash browns,1
1 jar cajeta,1
1 cup pectin,1
1 oz egg noodle,1
1 teaspoon guarana,1
1 lb coffee,1
1 dash Grand Marnier,1
1 teaspoon condensed milk,1
1 poppy seed dressing,1
1 raspberry leaf,1
1 ml passion fruit juice,1
1 cup sea bass,1
1 potato flakes,1
1 kg cheddar cheese,1
1 tablespoon jerk chili paste,1
1 lb water chestnut,1
1 teaspoon jalapeno pepper juice,1
1 g black currant jelly,1
1 can smoked oyster,1
1 tablespoon currant jam,1
1 slice colby pepper jack cheese,1
1 g dukkah,1
1 count tart shell,1
1 lb chili peppers,1
1 teaspoon piri-piri chili,1
1 g yellow squash,1
1 pinch spinach,1
1 cup cacao,1
1 lb adzuki beans,1
1 can diet soda,1
1 tablespoon black currant jam,1
1 oz rye meal,1
1 lb pork prime rib,1
1 avocado crema,1
1 yellow hot pepper,1
1 mulato chile,1
1 hamburger seasoning,1
1 l white wine vinegar,1
1 g beef neck,1
1 box taco,1
1 piece red bell pepper,1
1 cup possum stock,1
1 pint coffee creamer,1
1 piece unsweetened chocolate,1
1 cup perch,1
1 possum,1
1 teaspoon aji chili,1
1 ml mixed beans,1
1 scoop raspberry sherbet,1
1 kg lamb liver,1
1 lb cascabel chili,1
1 teaspoon eucalyptus oil,1
"1 sesame seed, poppy seed",1
1 tablespoon guava nectar,1
1 slice cream cheese,1
1 cup vegetarian burger,1
1 g chocolate candy bar,1
1 bottle chipotle salsa,1
1 cup cooking fat,1
1 ml drambuie,1
1 g burrito seasoning,1
1 pack fried onions,1
1 oz diced tomatoes,1
1 ml butterscotch syrup,1
1 vanilla icing,1
1 cup melon seed pasta,1
1 chipolata,1
1 pack plant-based ground meat,1
1 teaspoon cubeb pepper,1
1 bottle white zinfandel,1
1 lb bacon bits,1
1 cup schnapps,1
1 teaspoon unsalted butter,1
1 pint chili sauce,1
1 vidalia onion,1
1 chili sausage,1
1 oz green enchilada sauce,1
1 lb tomato paste,1
1 teaspoon peach juice,1
1 gill cream,1
1 can broccoli cheese soup,1
1 oz doritos,1
1 l miracle whip,1
1 gill milk,1
1 leg of lamb,1
1 ml pumpkin seed oil,1
1 ml passion fruit and strawberry dressing,1
1 teaspoon bouquet garni,1
1 quart bean stock,1
1 ml licor 43,1
1 g stevia,1
1 aji amarillo,1
1 ml nuts,1
1 dash tomato sauce,1
1 ml white chocolate syrup,1
1 canned diced tomatoes with green chilies,1
1 cup beef soup mix,1
1 cup curaçao,1
1 lb smoked beef sausage,1
1 cup cranberry walnut bread,1
1 wedge grapefruit,1
1 oz honeydew melon,1
1 teaspoon smoked salt,1
1 can tomato and chilies,1
1 oz New Mexico red chilies,1
1 can tomatillo sauce,1
1 inch sirloin steak,1
1 cup herb salad dressing,1
1 oz diet soda,1
1 whole wheat tortillas,1
1 can lemon juice,1
1 whole wheat biscuit,1
1 cup ranch seasoning,1
1 jar tandoori paste,1
1 lb piloncillo,1
1 teaspoon barbecue spice,1
1 kg celeriac,1
1 rye,1
1 cup rolled wheat flakes,1
1 kg vanilla ice cream,1
1 lb lemon juice,1
1 g enchilada sauce,1
1 g chocolate pudding mix,1
1 ml lentil,1
1 can mandarin,1
1 chimichurri,1
1 cup prime rib,1
1 can smoked herring,1
1 g halva,1
1 count tamale,1
1 quart ranchera salsa,1
1 g biscuit crumbs,1
1 g grapeseed oil,1
1 inch green beans,1
1 can caramel,1
1 lb corn chips,1
1 can pie filling,1
1 tablespoon sweet potato,1
1 tablespoon pandan paste,1
1 pack matzo,1
1 dash whiskey,1
1 pack chocolate candy coating,1
1 cup soy crumbles,1
1 tablespoon butterscotch chips,1
1 turkey broth,1
1 can diet cola,1
1 garlic ginger seasoning,1
1 teaspoon pickled cabbage,1
1 oz kidney bean,1
1 tablespoon orange preserve,1
1 dash mexican seasoning,1
1 g peppermint extract,1
1 count frankfurter,1
1 malted milk powder,1
1 beef blade roast,1
1 g strawberry jam,1
1 pack refried beans,1
1 bag oolong tea,1
1 ml self raising flour,1
1 oz chocolate chip cookie mix,1
1 pack marie biscuits,1
1 oz chocolate frosting,1
1 fruit jam,1
1 cube ham broth,1
1 can beef and bean chili,1
1 teaspoon mountain pepper,1
1 ml cannellini beans,1
1 cup red leicester cheese,1
1 dark chocolate chips,1
1 lb warrigal greens,1
1 roast beef,1
1 cup bunya nuts,1
1 can green chili salsa,1
1 brown gravy,1
1 apricot syrup,1
1 tablespoon jalapeno relish,1
1 cup pork gravy,1
1 bottle clamato juice,1
1 teaspoon syrup,1
1 ml all-purpose flour,1
1 can cheddar cheese sauce,1
1 g whitebait,1
1 cup milk chocolate candy,1
1 tablespoon muscatel,1
1 cup salal berries,1
1 vegetable crackers,1
1 box yellow cake mix,1
1 soft cheese,1
1 lb brown rice,1
1 surf clam,1
1 g beet greens,1
1 ml whipped topping,1
1 can jalapeno cheese sauce,1
1 shot mango nectar,1
1 pack instant white chocolate pudding mix,1
1 ml curaçao,1
1 cup whole wheat cereal,1
1 teaspoon pina colada concentrate,1
1 oz sumac,1
1 ml white beans,1
1 g horse meat,1
1 cup friulano cheese,1
1 tablespoon butternut squash,1
1 ml hummus,1
1 oz jelly beans,1
1 oz veal shank,1
1 g corn masa harina,1
1 ml muesli,1
1 pint okra,1
1 lb tortilla chip,1
1 handful cauliflower,1
1 piece quorn,1
1 g tomato soup,1
1 tablespoon wasabi mustard,1
1 scoop banana ice cream,1
1 g popcorn,1
1 jar foie gras pâté,1
1 handful hibiscus,1
1 lb peas and corn,1
1 cup ranchera sauce,1
1 teaspoon beef bouillon cube,1
1 teaspoon Montreal steak seasoning,1
1 rolls,1
1 cube chipotle powder,1
1 cube chipotle bouillon,1
1 tablespoon peri-peri sauce,1
1 cube chili seasoning,1
1 can buttercream,1
1 orange juice concentrate,1
1 oz caramel sauce,1
1 chiltepin pepper,1
1 ml horseradish,1
1 oz shark,1
1 oz biltong,1
1 kg flank steak,1
1 oz tartaric acid,1
1 cup sun-dried tomato alfredo sauce,1
1 oz sweet and sour margarita mix,1
1 pack vol-au-vent pastry,1
1 dash bourbon,1
1 cup Moroccan spice blend,1
1 frankincense oil,1
1 chili pepper seeds,1
1 bunch peppermint,1
1 teaspoon pizza crust,1
1 cup date sugar,1
1 cup hickory jerky cure,1
1 chocolate hazelnut spread,1
1 oz mint liqueur,1
1 cup spelt bran,1
1 xylitol,1
1 oz strawberry banana nectar,1
1 butterfinger,1
1 oz tomato soup mix,1
1 tablespoon chile powder,1
1 tablespoon meat,1
1 count scallops,1
1 oz dates,1
1 can tomato and green chili sauce,1
1 g rice pudding,1
1 lb soy crumbles,1
1 cup Weetabix,1
1 jar gherkin relish,1
1 oz potato soup mix,1
1 oz mushroom soup mix,1
1 ml pear puree,1
1 cup whitebait,1
1 ml beetroot,1
1 rice noodle sheets,1
1 stick pie crust,1
1 teaspoon chiltepin pepper,1
1 kg lard,1
1 piece mutton neck,1
1 tablespoon French onion dip,1
1 ml sugar beans,1
1 ml samp,1
1 pack four cheese Mexican blend cheese,1
1 cheese curds,1
1 spring vegetable soup mix,1
1 cup smoked cheese,1
1 pack italian seasoning,1
1 piece pastrami,1
1 ml green pepper,1
1 cocoa mix,1
1 oz corn tortilla strips,1
1 ml pizza sauce,1
1 cup ground meat substitute,1
1 pack seaweed,1
1 jar lumpfish caviar,1
1 cup peri-peri,1
1 ml sucralose,1
1 g muesli,1
1 chipotle chile juice,1
1 bag frozen Chinese vegetables,1
1 can turnip greens,1
1 peanut butter chips,1
1 cup dry wine,1
1 quart shellfish veloute,1
1 g rib eye steak,1
1 pack sweet potato vermicelli,1
1 croaker,1
1 cup blueberry wine,1
1 cup saeujeot,1
1 inch shortcrust pastry,1
1 cup red chili flakes,1
1 ginger biscuits,1
1 M&M's,1
1 cup chocolate biscuit,1
1 green chile sauce,1
1 oz lobster shell,1
1 gochugaru,1
1 pint white sauce,1
"1 cup sultanas, currants",1
1 tablespoon honey mustard mayonnaise,1
1 snow pea sprouts,1
1 bottle Greek seasoning,1
1 lb ground buffalo meat,1
1 ml white chocolate liqueur,1
1 tablespoon barley malt,1
1 quart potato water,1
1 box black bean and rice mix,1
1 oz nacho cheese,1
1 jar fresh cheese,1
1 ml pomegranate juice,1
1 tablespoon tomatoes,1
1 runner beans,1
1 teaspoon bacon seasoning,1
1 lb pita bread,1
1 cup queso sauce,1
1 bottle cheese,1
1 quart chili powder,1
1 pack hominy,1
1 oz grapefruit schnapps,1
1 corn muffin,1
1 cilantro cream,1
1 can chipotle hot sauce,1
1 teaspoon maggi liquid seasoning,1
1 tablespoon fermented shrimp,1
1 tablespoon cucumber dill salad dressing,1
1 dash chili pepper flakes,1
1 habanero chilies,1
1 dash tia maria,1
1 buffalo shank,1
1 dash coffee,1
1 tablespoon saeujeot,1
1 can cheese dip,1
1 rouille,1
1 pack pinto bean,1
1 vanilla instant pudding mix,1
1 slice raisin bread,1
1 piece oreo cookie,1
1 tablespoon yellow chili pepper,1
1 oz milk chocolate frosting,1
1 lb filet mignon,1
1 vanilla caramel,1
1 mesclun,1
1 malt biscuit,1
1 l white grape vinegar,1
1 g peach yogurt,1
1 lb moose rump roast,1
1 jar dried beef,1
1 four cheese,1
1 g abalone,1
1 dash cornstarch,1
1 oz yellow beans,1
1 g lamb eye of short loin,1
1 teaspoon soy oil,1
1 chipotle mayonnaise,1
1 mustard pickle,1
1 tablespoon instant cappuccino mix,1
1 kg lamb backstrap,1
1 oz apple butter,1
1 cup curry vinaigrette,1
1 cup goat cheese dressing,1
1 pack banana cream pie filling,1
1 cube salt pork,1
1 tablespoon apricot conserve,1
1 oz chia seeds,1
1 pint coca-cola,1
1 lb dry milk powder,1
1 all purpose seasoning,1
1 piece angelica,1
1 cup apricot water,1
1 can canned fruit,1
1 cup tepin chili,1
1 cup creole blackening seasoning,1
1 teaspoon fruit essence,1
1 tablespoon sardine,1
1 tablespoon burrito seasoning,1
1 oz palm oil,1
1 oz orange habanero pepper,1
1 bar peppermint,1
1 lb corn dough,1
1 gallon jalapeno,1
1 slice Port du Salut cheese,1
1 oz cream of broccoli soup,1
1 bag pot roast seasoning,1
1 g cream of wheat,1
1 g royal icing,1
1 rose oil,1
1 tablespoon honey vinegar,1
1 piece rye,1
1 oz minced meat,1
1 chickpea flour,1
1 slice fruit,1
1 can beef ravioli,1
1 oz jalapeno cheese dip,1
1 mutton bones,1
1 ml caramel syrup,1
1 ml eucalyptus oil,1
1 New Mexican green chilies,1
1 cup sultana,1
1 lb crouton,1
1 g rice cream,1
1 can vinegar,1
1 cup orange blossom,1
1 cube vegetarian beef stock,1
"1 coriander, salt",1
1 can lotus seed paste,1
1 oz almond syrup,1
1 vinegar and oil dressing,1
1 prickly pear syrup,1
1 gallon grape,1
1 hash browns,1
1 menudo spice mix,1
1 oz saffron rice,1
1 lb rose petal,1
1 jar pineapple peach salsa,1
1 oz satay barbecue sauce,1
1 ml raisins,1
1 can jalapeno sauce,1
1 sheet egg roll wrapper,1
1 curry gravy mix,1
1 tablespoon mixed pepper seasoning,1
1 box banana pudding mix,1
1 cup pickled jalapeno pepper,1
1 g harissa,1
1 kg snail,1
1 cup green chile salsa,1
1 g peppermint crisp,1
1 guajillo chilies,1
1 cube curry roux,1
1 cup fajita seasoning,1
1 oz soda cracker,1
1 teaspoon raspberry extract,1
1 mango jelly crystals,1
1 cup tortiglioni,1
1 can liver pate,1
1 green goddess sauce,1
1 cup coconut liqueur,1
1 jar butter,1
1 ml apple juice concentrate,1
1 lb cheese spread,1
1 tablespoon capelin roe,1
1 pack shiitake mushrooms,1
1 sachet chicken broth,1
1 box lentil,1
1 teaspoon sweet red pepper,1
1 pint tzatziki,1
1 teaspoon orange blossom,1
1 tablespoon hickory bacon salt,1
1 oz beef rib,1
1 ml argan oil,1
1 tablespoon mushroom powder,1
1 lb kangaroo tail,1
1 ml anise seed,1
1 can soybean,1
1 pansy flowers,1
1 queso blanco cheese dip,1
1 strawberry kiwi drink mix,1
1 oz green tea,1
1 bottle chili powder,1
1 lb rattlesnake,1
1 poultry carcass,1
1 teaspoon nigari,1
1 bag pita,1
1 g pipi,1
1 bottle pepper,1
1 chicken seasoning,1
1 naruto,1
1 cup wafer,1
1 ml Tabasco sauce,1
1 flathead,1
1 cup bean stock,1
1 g beef broth,1
1 onion mushroom dressing,1
1 teaspoon pepperoncini brine,1
1 beef neck,1
1 cm pizza crust,1
1 cup peppadew pepper,1
1 cup red pepper dip,1
1 g nutritional yeast,1
1 coleslaw mix,1
"1 pack peas, carrot",1
1 slice vegetarian deli meat,1
1 tablespoon tajin,1
1 shallots,1
1 g mock beef,1
1 cup dark chocolate chipotle hazelnuts,1
1 oz purslane,1
1 cup arbol chile,1
1 cup sapodilla,1
1 lb boysenberry,1
1 oz pumpkin seed,1
1 oz mirepoix,1
1 marshmallows,1
1 pack yam noodles,1
1 ml coconut liqueur,1
1 pack red chile enchilada sauce,1
1 set pie crust,1
1 oz dashi,1
1 kg red snapper,1
1 pack chili pepper,1
1 pint pickled vegetables,1
1 slice yuzu peel,1
1 pack whole wheat pasta,1
"1 lb beef, venison",1
1 teaspoon menudo spice mix,1
1 cube mushroom stock,1
1 pack fruit,1
1 cup gumdrop,1
1 ml pastis,1
1 g flour tortilla,1
1 tablespoon peach,1
1 southwest sauce,1
1 oz murray cod,1
1 chocolate bar,1
1 tablespoon seafood sauce,1
1 gallon bacon,1
1 kg ribs,1
1 skim yogurt,1
1 gallon bell pepper,1
1 tablespoon melon liqueur,1
1 gallon kidney bean,1
1 cup chili seasoning mix,1
1 whole wheat couscous,1
1 lb satsuma plum,1
1 cup tomato vinaigrette,1
1 piece pickled ginger,1
"1 teaspoon ancho chili powder, chipotle pepper, black pepper",1
1 ml lemon squash,1
1 oz peppadew pepper,1
1 bottle jalapeno sauce,1
1 cup chermoula,1
1 merguez,1
1 quart currants,1
1 quart eggnog,1
1 cup chipotle pepper spread,1
1 beef franks,1
1 cup rolled barley,1
1 feta,1
1 oz turkey chorizo,1
1 bar cocoa,1
1 can saury,1
1 slice pawpaw,1
1 cm licorice,1
1 lb israeli couscous,1
1 g chicken leg,1
1 chipotle chilies,1
1 red drum,1
1 g spinach ravioli,1
1 g moroccan seasoning,1
1 g passionfruit,1
1 sachet oats,1
1 box basmati rice,1
1 lb beef sirloin tip steak,1
1 pack stew seasoning,1
1 tablespoon Moroccan spice blend,1
1 tablespoon raspberry schnapps,1
1 g cracker,1
1 oz baker's chocolate,1
1 pack chocolate-covered caramel candy,1
1 cup soy chorizo sausage,1
1 g barramundi,1
1 wedge preserved lemon,1
1 l mushroom soup,1
"1 cinnamon, nutmeg",1
1 cup baking ammonia,1
1 New Mexico chile,1
1 prunes,1
1 oz mashed potato flakes,1
1 kg mandarin orange,1
1 teaspoon seed oil,1
1 ml italian seasoning,1
1 kg beef ribeye,1
1 can diced tomatoes with chilies,1
1 g plum jam,1
1 kg beef rib,1
1 buffalo wing seasoning,1
1 tablespoon millet,1
1 tablespoon seasoning salt,1
1 peach schnapps,1
1 tablespoon kombu,1
1 cup chicken chili,1
1 cascabel chili pepper,1
1 kishke,1
1 lemon frosting,1
1 tablespoon chipotle chilies in adobo,1
1 cube cream cheese,1
1 tablespoon chicken consomme,1
1 tablespoon spice essence,1
1 cup cranberry beans,1
1 dash gravy,1
1 chermoula,1
1 slice pork chop,1
1 slice fish paste,1
1 tablespoon sun-dried tomato tapenade,1
1 ml caesar dressing,1
1 cup wattleseed,1
1 dash sake,1
1 teaspoon dried chilies,1
1 oz tomatoes and green chilies,1
1 paraffin wax,1
1 cup soy ginger salad dressing,1
1 tablespoon Mrs. Dash Original,1
1 ml chicken,1
1 vegetable peel,1
1 cup sweet white wine,1
1 cup cherry preserve,1
1 pack white chili seasoning mix,1
1 tablespoon oyster liquid,1
1 ml enchilada sauce,1
1 tablespoon cajun blackened spice mix,1
1 kg vegetables,1
1 piece imitation crab,1
1 g chocolate biscuits,1
1 ml chipotle powder,1
1 g beef sirloin steak,1
1 slice candied lemon peel,1
1 pack colby jack cheese,1
1 vegetable stuffing,1
1 teaspoon hazelnut spread,1
1 agar,1
1 cup chipotle garlic sauce,1
1 oz grand marnier,1
1 tablespoon gherkin relish,1
1 cup roasted red pepper and garlic dressing,1
1 lb walleye,1
1 oz amarula cream,1
1 lb cookie,1
1 cup peppercorn sauce,1
1 cup egg noodle,1
"1 can tomato, bell pepper",1
1 cup marie biscuits,1
1 tablespoon guar gum,1
1 kg pierogi,1
1 oz adobo sauce,1
1 cup confectioners' sugar,1
1 sprig fennel leaf,1
1 ml guava juice,1
1 chicken tamales,1
1 oz lychee juice,1
1 can cream of wild mushroom soup,1
1 black pepper seasoning,1
1 cup raspberry chipotle barbecue sauce,1
1 cup chex,1
1 cup apple blossom,1
1 piece flathead,1
1 g yogurt starter,1
1 rockling,1
1 chocolate ripple biscuits,1
1 pack butterscotch pudding,1
1 cup bones,1
1 can rutabaga,1
1 bunch baby greens,1
1 mushroom gravy mix,1
1 ml poppy seed dressing,1
1 ml coconut rum,1
1 whole-wheat pizza crust,1
1 bunch cardoon,1
1 cup nuts and raisins,1
1 teaspoon cream liqueur,1
1 tablespoon tauco,1
1 cup multigrain cereal,1
1 fresh fruit,1
1 pint peanut oil,1
1 pack chicken tinga seasoning,1
1 g egusi,1
1 can pilchards,1
1 cup buttercream icing,1
1 sachet cream of mushroom soup mix,1
1 cup mangosteen,1
1 g peppermint nougat,1
1 teaspoon chipotle chili flakes,1
1 extract,1
1 cup olallie berry,1
1 dried fish,1
1 teaspoon chipotle chili pepper flakes,1
1 baker's chocolate,1
1 g apricot glaze,1
"1 pack peas, pearl onions",1
1 lb white sausage,1
1 venison sausage,1
1 oz fish fillets,1
1 cup lime cordial,1
1 sliver ginger,1
1 ml ginger garlic paste,1
1 dash agave syrup,1
1 g honey yogurt,1
1 g crayfish tails,1
1 cup dijon mustard,1
1 lb palm oil,1
1 cup quorn chicken cutlet,1
1 tablespoon cachaça,1
1 gallon juice,1
1 quart raspberry sherbet,1
1 cup rotini pasta,1
1 cup quattro formaggi cheese,1
1 pint corn,1
1 stalk ginger,1
1 cup chili lime salsa,1
1 teaspoon bee pollen,1
1 bottle orange juice,1
1 piece dried chilies,1
1 teaspoon beef powder,1
1 ml apple syrup,1
1 oz beef base,1
1 hare,1
1 cup hemp seeds,1
1 bag collard greens,1
1 ml lemon-lime liqueur,1
1 oz Mexican blend cheese,1
1 l coca cola,1
1 tablespoon chai tea mix,1
1 ml fruit chutney,1
1 teaspoon psyllium,1
1 teaspoon french dressing,1
1 tablespoon anchovy puree,1
1 stew spice mix,1
1 teaspoon chocolate spread,1
1 bottle pina colada mix,1
1 stick ice cream,1
1 cup sprouted wheat,1
1 decorating gel,1
1 fruit nectar,1
1 oz beef and onion soup mix,1
1 oz pink lemonade concentrate,1
1 piece bittersweet chocolate,1
1 teaspoon red masala,1
1 oz coleslaw dressing,1
1 wedge cucumber,1
1 can caramel sauce,1
1 oz strawberry lemonade,1
1 oz cherry syrup,1
1 bag pea,1
1 coca-cola,1
1 grape jelly,1
1 veal knuckle,1
1 cup tomatillo chile salsa,1
1 sweet bean paste,1
1 pack chipotle meatball sauce,1
1 inch pastry,1
1 bottle caesar dressing,1
1 cup vanilla yogurt,1
1 ml tarragon vinegar,1
1 oz tostada,1
1 can corn biscuits,1
1 oz cream cheese frosting,1
1 cup goat milk yogurt,1
1 ml stir-fry sauce,1
1 quart whipped topping,1
1 can tomato bisque soup,1
1 ml guacamole,1
1 pack strawberry glaze,1
1 g meatball,1
1 oz lemon soda,1
1 cup yellow wax bean,1
1 oz maple syrup flavored vodka,1
1 tablespoon white cooking wine,1
1 cube vegetarian chicken bouillon,1
1 cup dill dressing,1
1 g flat fish,1
1 ml cranberry apple juice,1
1 spoon salt,1
1 fudge topping,1
1 oz condensed French onion soup,1
1 cup peri-peri sauce,1
1 g piri-piri chilies,1
1 yellow chile pepper,1
1 bag mint,1
1 g dark chocolate with peppermint chips,1
1 g chicken soup powder,1
1 teaspoon dulce de leche syrup,1
1 slice liver sausage,1
1 tablespoon ancho chili paste,1
1 l vegetable juice,1
1 oz butterscotch pudding mix,1
1 g habanero,1
1 g scotch bonnet chili,1
1 tablespoon chipotle ranch dressing,1
1 pack cream of spinach soup mix,1
1 pack taco cheese blend,1
1 bunch banana,1
"1 cup parsley, mint, chives, basil",1
1 l mint chocolate chip ice cream,1
1 tablespoon marigold petals,1
1 handful sugar,1
"1 cinnamon, sugar",1
1 ml palm oil,1
1 tablespoon guava jam,1
1 lb corn tortilla,1
1 kg chicken drumstick,1
1 oz hibiscus,1
1 tablespoon bulgur wheat,1
1 quart pork broth,1
1 cup sweet corn relish,1
1 ml egg whites,1
1 cup dandelion flowers,1
1 cup dandelion syrup,1
1 ml baked beans,1
1 pack marinated meat,1
1 cup hickory nut,1
1 oz watermelon liqueur,1
1 pack greens,1
1 pack pumpernickel bread,1
1 teaspoon apricot preserves,1
"1 pepper, green olives (stuffed)",1
1 l lemon,1
1 cup irish cream,1
1 oz water chestnuts,1
1 pint ketchup,1
1 can deviled ham spread,1
1 manoushi bread dough,1
1 cup candied cherries,1
1 lb smoked mozzarella,1
1 pack lentils,1
1 spaghettini,1
1 jar korma sauce,1
1 pack vegan cheese,1
1 ml kidney beans,1
1 cup lime syrup,1
1 oz cheddar sauce,1
1 lemonade concentrate,1
1 cup peach syrup,1
1 shredded chicken,1
1 g yeast extract,1
1 cup onion dip,1
1 pack mashed potato flakes,1
1 oz grapefruit liqueur,1
1 teaspoon candied fruit,1
1 teaspoon brown gravy mix,1
1 cup elderberry juice,1
1 bag mushroom,1
1 oz ginger simple syrup,1
1 ml prawn,1
1 sopressata,1
1 pack cheddar cheese jalapeno dip,1
1 oz piri-piri chilies,1
1 bag doritos,1
1 teaspoon cotija cheese,1
1 teaspoon blue curaçao,1
1 cup balti curry paste,1
1 bottle cava,1
1 oz sweet and sour sauce,1
1 tablespoon beef gravy mix,1
1 pack pie dough,1
1 sarsaparilla,1
1 oz bottle gourd,1
1 oz whiskey sour mix,1
1 lb venison sausage,1
1 black truffle salt,1
1 rub,1
1 tablespoon cornbread mix,1
1 pack au jus gravy mix,1
1 pack sesame sticks,1
1 pack Marie biscuit,1
1 pack goldfish crackers,1
1 caribou fat,1
1 cup nacho cheese soup,1
1 oz hot pepper,1
1 bunch tomatillo,1
1 piece cheddar cheese,1
1 teaspoon garlic herb dip mix,1
1 tablespoon pear puree,1
1 g guacamole,1
1 scallions,1
1 box vermicelli,1
1 gallon raspberry ice cream,1
1 sheet matzah,1
1 veggie bacon,1
1 g carob chips,1
1 cup salmonberry,1
1 gallon coffee ice cream,1
1 tablespoon white chocolate coffee mix,1
1 lb moose meat,1
1 lb hot sausage,1
1 teaspoon southwest chipotle seasoning,1
1 cup pomegranate cranberry juice,1
1 slice sprouted grain bread,1
1 chili verde sauce,1
1 bottle salt,1
1 red beans and rice,1
1 tablespoon vegetable flakes,1
1 l mango syrup,1
1 cup vanilla custard powder,1
1 tablespoon kudzu,1
1 cup matzo ball mix,1
1 bag sugar,1
1 pack gingersnap cookie,1
1 gallon dill pickle,1
1 ml refried beans,1
1 caper sauce,1
1 tablespoon sweetened shredded coconut,1
1 cup goji berries,1
1 teaspoon hickory seasoning,1
1 oz Mexican cheese,1
1 teaspoon lemonade concentrate,1
1 cup sun-dried tomato chipotle pesto sauce,1
1 piece vegetarian chicken,1
1 ml goat cheese,1
1 lb pimento cheese,1
1 lb mesquite wood chips,1
1 cup sweet and sour cocktail mix,1
1 pack water,1
1 turkey heart,1
1 pint celery,1
1 pack pine nut,1
1 oz lemon-lime spritzer,1
1 spiny lobster,1
1 count gyoza skins,1
1 can yam,1
1 jar blackberry jam,1
1 moose heart,1
1 cup snack mix,1
1 tablespoon crab and shrimp boil seasoning,1
1 sprig salad burnet,1
1 teaspoon fruit,1
1 cup mixed seeds,1
1 jar molasses,1
1 tablespoon ranch dip,1
1 pack green onion,1
1 can rotel tomatoes and chilies,1
1 tablespoon chicken broth seasoning,1
1 jar tomatillo,1
1 cup chipotle hot sauce,1
1 hibiscus,1
1 cup curtido,1
1 lb yellow chili pepper,1
1 lb serrano chili,1
1 dash seltzer water,1
1 bottle liqueur,1
1 oz tapenade,1
1 cup pina colada mix,1
1 cup cream of celery soup,1
1 tablespoon panquehue cheese,1
1 g masa harina,1
1 dash cotija cheese,1
1 can sweet roll dough,1
1 slice pickled peppers,1
1 tablespoon lemon-lime,1
1 lb cornichon,1
1 tablespoon piquin chili,1
1 oz cilantro syrup,1
1 strip mandarin orange zest,1
1 bag milk chocolate,1
1 pack pot roast seasoning,1
1 teaspoon salsa seasoning,1
1 shot apple schnapps,1
1 pasilla peppers,1
1 oz jalapeno sauce,1
1 pack smoked meat,1
1 pack sour cream and onion dip,1
1 teaspoon liqueur flavoring,1
1 mulato bell pepper,1
1 tablespoon raw sugar,1
1 teaspoon madeira wine,1
1 cup bay leaf,1
1 teaspoon cajun pepper,1
1 tablespoon ponzu,1
1 stalk cactus,1
1 jar pickled jalapenos,1
1 cup sun-dried tomato and oregano salad dressing,1
1 marshmallow frosting,1
1 cup squash seeds,1
1 tomato basil pasta sauce,1
1 oz mango puree,1
1 dash ginger beer,1
1 cup seafood rub,1
1 pack beef extract,1
1 cup pork brisket,1
1 can cornbread dough,1
1 lb pork sirloin tip roast,1
1 can mixed nuts,1
1 cup pomegranate margarita mix,1
1 bag cauliflower rice,1
1 box cheerios,1
1 avocado vinaigrette,1
1 tablespoon vegetarian broth,1
1 set ranch sauce,1
1 pack ground meat substitute,1
1 box shredded wheat,1
1 avocado pesto,1
1 oz Jägermeister,1
1 dried red chile,1
1 oz black cherry schnapps,1
1 teaspoon mesquite smoke flavoring,1
1 pack burrito seasoning mix,1
1 bag strawberries,1
1 box cheese,1
1 pack hash brown,1
1 tablespoon jerk paste,1
1 teaspoon jerk paste,1
1 cup Miracle Whip,1
1 teaspoon salt-free seasoning blend,1
1 can chicken enchilada soup,1
1 can fire-roasted diced tomatoes with green chilies,1
1 jar apple preserve,1
1 dried chili pods,1
1 shot key lime juice,1
1 cup mesquite chips,1
1 oz tartar sauce,1
1 pack pico de gallo,1
1 bunch radish leaves,1
1 tablespoon lemon soda,1
1 antelope,1
1 oz kiwi syrup,1
1 pack beef flavored rice mix,1
1 jar honey garlic sauce,1
1 cup vegetarian sausage crumbles,1
1 jar crema,1
1 cup pecan wood,1
1 cup strawberry margarita mix,1
1 tablespoon vanilla meal replacement powder,1
1 lamb ribs,1
1 lb heavy cream,1
1 bottle coca-cola,1
1 oz jalapeno adobo sauce,1
1 lb lamb neck bones,1
1 g clamato juice,1
1 salsa seasoning,1
1 dried pequin chile,1
1 green chile ranchero sauce,1
1 mango nectar,1
1 basket guava,1
1 slice summer sausage,1
1 tablespoon mulling spice,1
1 teaspoon bell's seasoning,1
1 teaspoon blackened seasoning,1
1 almond bread crumbs,1
1 g chipolata,1
1 cup dry rub seasoning,1
1 cup chili puree,1
1 head corn,1
1 quart pomegranate juice,1
1 piece pepper jack cheese,1
1 pack achiote paste,1
1 box ladyfinger,1
1 pack black beans and rice,1
1 teaspoon milk thistle,1
1 teaspoon complete seasoning,1
1 dash maraschino cherry juice,1
1 jar pineapple salsa,1
1 tablespoon instant mashed potatoes,1
1 teaspoon marshmallow creme,1
1 shot Southern Comfort,1
1 cheese soup mix,1
1 white cheese,1
1 oz hot pepper sauce,1
1 oz Coca-Cola Zero,1
1 herbs and spices,1
1 dash habanero hot sauce,1
1 shallot gravy,1
1 l rice milk,1
1 quart lime juice,1
1 lb vegetarian chicken strips,1
1 tablespoon sausage,1
1 tablespoon chicken cracklings,1
1 cup cranberry trail mix,1
1 cup garlic oil,1
1 bean dip,1
1 inch jalapeno,1
1 cup strawberry concentrate,1
"1 tomato, jalapeno pepper, cilantro",1
1 piece ancho chile,1
1 bag radish,1
1 cruller,1
1 teaspoon oat flour,1
1 jar miracle whip,1
1 ml black beans,1
1 cup green enchilada sauce,1
1 teaspoon jalapeno salt,1
1 bag vegetable blend,1
1 box beef taquitos,1
1 box gingerbread mix,1
1 pack creamed chipped beef,1
1 lb parrotfish,1
"1 oz tomato, chili pepper",1
1 dash pumpkin seed,1
1 box pickling spice,1
1 cup smoked chile vinaigrette,1
1 cup dried red chili pepper,1
1 greek seasoning,1
1 tablespoon pineapple sage,1
1 tablespoon cherry juice concentrate,1
1 tablespoon red pepper seasoning,1
1 oz chipotle hot sauce,1
1 jar navy bean,1
1 can yellow beans,1
1 tablespoon green habanero sauce,1
1 oz white cooking wine,1
1 matzo cracker,1
1 slice multigrain bread,1
1 turkey drippings,1
1 lb banana pepper,1
1 cheerios,1
1 jar black bean dip,1
1 shreddies,1
1 tablespoon biscuit baking mix,1
1 teaspoon piri piri chili pepper,1
1 leaf turmeric,1
1 cup ground cherry,1
1 cup celery salt,1
1 southwest seasoning,1
1 non-dairy creamer,1
1 blackening spice,1
1 pack mixed frozen vegetables,1
1 g pork knuckle,1
1 cup instant chocolate drink mix,1
1 fudge brownie mix,1
1 cremini mushrooms,1
1 oz ginger syrup,1
1 raspberry gelatin,1
1 oz patron citronge liqueur,1
1 lb beef blade roast,1
1 instant grits,1
1 chipotle seasoning,1
1 shot Jägermeister,1
1 shot raspberry liqueur,1
1 quart grapefruit juice,1
1 shot coconut rum,1
1 strip cinnamon,1
1 cup calabacita squash,1
1 shot apricot brandy,1
1 jar green olives,1
1 round flour tortilla,1
1 quart white vinegar,1
1 cup self-rising cornmeal mix,1
1 lb mint,1
1 shot sweet and sour mix,1
1 bottle water,1
1 cup sausage gravy,1
1 shot tea,1
1 oz martini mix,1
"1 cup milk, mozzarella cheese",1
1 teaspoon pinto bean seasoning,1
1 oz razor clam,1
1 pumpkin salsa,1
1 pack oreo cookie,1
1 oz red rice,1
1 oz vegetarian burger,1
1 oz beef onion soup mix,1
1 matzo ball,1
1 teaspoon cajun pepper seasoning,1
1 hydrated lime,1
1 butter beans,1
1 teaspoon seafood boil seasoning,1
1 lb panela cheese,1
1 can onion soup mix,1
1 ml melon liqueur,1
1 tablespoon cajun blackening seasoning,1
1 oz pork tail,1
1 lb oyster crackers,1
1 bag seasoning blend,1
1 tablespoon chipotle aioli,1
1 pack mustard greens,1
1 tenderloin,1
1 sweetbreads,1
1 lb veal brisket,1
1 tablespoon chili seeds,1
1 tablespoon garlic basil seasoning,1
1 cup fresno chile,1
1 oz peach daiquiri mix,1
1 set taco seasoning,1
1 cup Chianti,1
1 pack oreo cookie crust,1
1 chocolate truffle,1
1 pack giblets and neck,1
1 lb cactus,1
1 tablespoon instant chocolate drink mix,1
1 plantain chips,1
1 tri-color slaw,1
1 cup onion salt,1
1 can butter,1
1 pack dried peach,1
1 oz pollock,1
1 oz mont saint benoit cheese,1
1 oz chocolate candy coating,1
1 teaspoon cajun blackened seasoning,1
1 oz matzo meal,1
1 pack matzo crackers,1
1 mandarin orange peel,1
1 tablespoon shrimp broth,1
1 cup iced tea,1
1 pack romano cheese,1
1 quart crushed tomatoes,1
1 tablespoon midori,1
1 oz Mexican fiesta seasoning,1
1 spice injection mixture,1
1 bunch culantro,1
1 achiote paste,1
1 vegetarian smoked sausage,1
1 can turkey broth,1
1 oz raspberry juice,1
1 can sour cream,1
1 kg chorizo,1
1 cup crenshaw melon,1
1 lb beef t-bone steak,1
1 lb taro leaves,1
1 tablespoon wahoo,1
1 slice phyllo dough,1
1 tablespoon pepper jelly,1
1 can sloppy joe mix,1
1 pack bread rolls,1
1 cup soy granules,1
1 slice smoked turkey,1
1 cup black sauce,1
1 cup blackberry juice,1
1 cup boysenberry,1
"1 g carrot, french beans",1
1 geoduck,1
1 oz cassava,1
1 lb annatto,1
1 tablespoon hollandaise sauce,1
1 tablespoon cajun brown gravy mix,1
1 tablespoon red chile salsa,1
1 honey graham crackers,1
1 tube pizza crust,1
1 kg beef sirloin tip,1
1 quart green chili pepper,1
1 oz cajeta,1
1 cup casaba melon,1
1 oz tamale,1
1 bag orange pekoe,1
1 oz camembert cheese,1
1 cup mulberries,1
1 pint lime juice,1
1 tablespoon Mexican cheese blend,1
1 g tea biscuits,1
1 cup frozen potatoes,1
1 jar shellfish,1
1 cup teriyaki glaze,1
1 lemongrass and chili spice mix,1
1 gallon orange sherbet,1
1 quart salsa,1
1 bottle guava nectar,1
1 teaspoon dulse,1
1 cup queso ranchero,1
1 tablespoon chorizo,1
1 pack sweet rolls,1
1 cup papaya seeds,1
1 oz curacao liqueur,1
1 cup refried red beans,1
1 pack cavatappi,1
1 oz papaya,1
1 can Rotel Mexican Lime and Cilantro,1
1 can beef and barley soup,1
1 can sherry,1
1 strawberry pineapple salsa,1
1 quart margarita mix,1
1 oz cocktail onion,1
1 l soft drink,1
1 pack anchovy paste,1
1 oz dried chilies,1
"1 parsley, black olive",1
1 pack liverwurst,1
1 jar great northern bean,1
1 pack steak and cheese taquitos,1
1 cajun ranch sauce,1
1 pack cinnamon,1
1 dash jalapeno,1
1 tablespoon turkey,1
1 slice mexican cheese,1
1 tablespoon sodium nitrate,1
1 teaspoon enchilada sauce,1
1 tablespoon jalapeno jam,1
1 butter frosting,1
1 box soft taco,1
1 jerk spice,1
1 lb mulato chile,1
1 cup pasilla chile powder,1
1 cobbler topping,1
1 l beans,1
1 oz beef chorizo sausage,1
1 pack nixtamal,1
1 lb shrimp shells,1
1 coconut frosting,1
1 oz white cheese dip,1
1 lake trout,1
1 cup hoisin barbecue sauce,1
1 cup menudo spice mix,1
1 tablespoon chili seasoning blend,1
1 pumpkin parmesan pasta sauce,1
1 babka dough,1
1 oz grasshopper,1
1 cup vegetarian chorizo,1
1 tapatio salsa,1
1 mashed potato,1
1 jackfish,1
1 oz cream of shrimp soup,1
1 can chicken bouillon,1
1 oz mexican rice,1
1 pack old el paso chili and roasted garlic mexican cooking sauce,1
1 potato flour buns,1
1 pumpkin parmesan sauce,1
1 lb beef skirt steak,1
1 oz cactus juice,1
1 teaspoon green chilies,1
1 bag fat free cheese,1
1 chia seeds,1
1 cup chiapas cheese,1
1 lb eye of round,1
1 soft roll,1
1 can pasilla chili sauce,1
1 can jalapeno pepper,1
1 teaspoon rolled oats,1
1 beef eye of round steak,1
1 oz walnuts,1
1 lb steelhead trout,1
1 menudo seasoning,1
1 tablespoon silver dragees,1
1 tablespoon red pepper tapenade,1
1 oz jalapeno juice,1
1 cup doughnut,1
1 box oatmeal raisin cereal,1
1 tablespoon cocoa chile blend,1
1 oz chipotle chili,1
1 can strawberry daiquiri concentrate,1
1 can pina colada mix,1
1 g rump roast,1
1 lb t-bone steak,1
1 tablespoon black bean corn salsa,1
1 g fruit cocktail,1
1 teaspoon pigeon peas,1
1 gallon grapefruit juice,1
1 lb salsa,1
1 pack beef lunch meat,1
1 can diced tomatoes with mild green chilies,1
1 gallon tequila,1
1 jar banana ketchup,1
1 teaspoon jalapeno pickling liquid,1
1 lb red chili pepper,1
1 oz raspberry puree,1
1 g yellow cheese,1
1 hog casing,1
1 pack lumpia wrapper,1
1 oz shortcake,1
1 dash maggi seasoning,1
1 pack spaghetti sauce mix,1
1 tablespoon cumin oregano rub,1
1 mango yogurt,1
1 teaspoon ginger oil,1
1 tablespoon yakisoba sauce,1
1 pack peas and carrots,1
1 oz ginger liqueur,1
1 turnip greens,1
1 bottle green chili sauce,1
1 teaspoon red currant jam,1
1 bunch amaranth greens,1
1 cucumber raita,1
1 kg lamb loin,1
1 g pepper jack cheese,1
1 oz lime juice concentrate,1
1 cup spruce beer,1
1 oz seafood sauce,1
1 dash smokehouse maple seasoning,1
1 tablespoon marshmallow,1
1 cup venison stock,1
1 pint barbecue sauce,1
1 tablespoon strawberry gelatin,1
1 oz roasted red pepper tomato soup,1
1 venison bones,1
1 lamb meatballs,1
1 oz blueberry schnapps,1
1 tablespoon hypnotiq liqueur,1
1 cup scallop,1
1 lb pork heart,1
1 lb corn masa flour,1
1 lb pork lung,1
1 cocktail mix,1
1 tablespoon shredded coconut,1
1 maraschino cherries,1
1 teaspoon lemon-lime soda,1
1 oz chipotle,1
1 cup dry beans,1
1 branch epazote,1
1 bottle seafood sauce,1
1 dash sriracha sauce,1
1 dash red pepper seasoning,1
1 l margarita mix,1
1 inch filet mignon,1
1 slice red bell pepper,1
1 kabsa spice mix,1
1 can fig,1
1 tablespoon chocolate protein powder,1
1 mole,1
1 cup tortilla chip,1
1 lb goat shoulder,1
1 lb chihuahua cheese,1
1 instant mashed potatoes,1
1 cup ritz crackers,1
1 tablespoon buckwheat,1
1 white cheese dip,1
1 cup passion fruit juice concentrate,1
1 bag cornbread stuffing mix,1
1 piece pasilla pepper,1
1 ml mole,1
1 lb cocktail sausage,1
1 teaspoon chipotle salsa,1
1 pack pork spareribs,1
1 tablespoon chia,1
1 lb bear,1
1 can palm seed,1
1 pint salt,1
1 woodcock,1
1 yam powder,1
1 g tomato broth,1
1 oz tomato and green chile,1
1 teaspoon coffee flavoring,1
1 jalapeno cheese,1
1 mexican mixed spice,1
1 latik,1
1 grouse,1
1 slice garlic sausage,1
1 jar macapuno,1
1 teaspoon bhut jolokia powder,1
1 dried chile pequin,1
1 box chocolate wafer,1
1 oz jalapeno syrup,1
1 cup dried tomatoes,1
1 quart clamato juice,1
1 cup green pepper flakes,1
1 bottle mesquite marinade,1
1 pack custard mix,1
1 teaspoon achar masala,1
1 pipi,1
1 lb sweet potato vermicelli,1
1 banana flavoring,1
1 ssamjang,1
1 g Ritz crackers,1
1 cube blue cheese,1
1 lb crabapple,1
1 cup pipi,1
1 tablespoon compote,1
1 oz Parfait Amour,1
1 tablespoon chocolate spread,1
1 dash truffle oil,1
1 set lemon,1
1 set spice blend,1
1 lb molokhia,1
1 green capsicum,1
1 handful pepper,1
1 vanilla wafer crumbs,1
1 ml chamomile tea,1
1 cup boysenberry jam,1
1 cup maple vinaigrette,1
1 teaspoon green olives,1
1 tablespoon boysenberry jam,1
1 ml jasmine tea,1
1 cup jalapeno pepper juice,1
1 teaspoon sassafras,1
1 lb sunflower seed,1
1 pack dried apricot,1
1 Egyptian spice blend,1
1 piece coriander root,1
1 cheddar cheese sauce,1
1 piece candy corn,1
1 crocodile,1
1 lb kingklip,1
1 pack vegetarian chorizo,1
1 pack garlic and herb soup mix,1
1 count taco shell,1
1 box banana cake mix,1
1 lb soy,1
1 ml spring onion,1
1 g blue stilton cheese,1
1 ground meat,1
1 lb sugarcane,1
1 kg banana,1
1 kg puff pastry,1
1 gallon amaretto,1
1 oz feta,1
1 oz spelt flour,1
1 tablespoon orange essence,1
1 set salt,1
1 set garlic,1
1 tablespoon potato chips,1
1 teaspoon peach liqueur,1
1 pack egg noodle,1
1 g dried peach,1
1 cup chicken gizzard,1
1 turmeric paste,1
1 oz cheddar cheese soup,1
1 tablespoon pork bouillon granules,1
1 g oreo cookie,1
1 oz beef loin,1
1 kg beef cheek,1
1 pack pork chop,1
1 cup vegan butter spread,1
1 tablespoon fruit cocktail juice,1
1 pack molokhia,1
1 beef short ribs,1
1 lb peanut butter chips,1
1 oz sago,1
1 stick beef jerky,1
1 teaspoon tajin,1
1 g yellow chili,1
1 tablespoon apricot chili sauce,1
1 l sweet and sour mix,1
1 whole wheat pastry flour,1
1 pack hot chocolate mix,1
1 cup chile de arbol,1
1 box ladyfingers,1
1 lb pork knuckle,1
1 tablespoon soy nuts,1
1 deli meat,1
1 teaspoon Crystal Light lemonade drink mix,1
1 red pepper jelly,1
1 slice rye crackers,1
1 g grape nuts cereal,1
1 beef mushroom soup mix,1
1 g asadero cheese,1
1 slice green chili,1
1 oz jalapeno pepper juice,1
1 lb vegetarian ground round,1
1 g onion soup mix,1
1 lb red leicester cheese,1
1 cup soursop,1
1 beef and onion soup mix,1
1 tablespoon molokhia,1
1 cocktail franks,1
1 oz mojito mix,1
1 kg prawns,1
1 lb tater tots,1
1 cup guajillo chili sauce,1
1 caraway seeds,1
1 dash seven spice,1
1 jar chili garlic sauce,1
1 teaspoon kiwi,1
1 piece brown rice,1
1 oz kashkaval cheese,1
1 lb cream of wheat,1
1 jar eggplant,1
1 kg veal rib,1
1 tablespoon ginger ale,1
1 box vol-au-vent,1
1 thai dipping sauce,1
1 cup Thai basil,1
1 pack tapioca pearls,1
1 shrimp broth,1
1 tablespoon olive oil vinaigrette,1
1 cup kibbeh,1
1 dandelion root,1
1 can processed cheese spread,1
1 cup chanco cheese,1
1 berbere,1
1 oz bird's eye chili,1
1 lb creamed corn,1
1 chicory,1
1 deer heart,1
1 tablespoon beef stock concentrate,1
1 stove top stuffing mix,1
1 quart butternut squash,1
1 pack rice a roni,1
1 cup croissant,1
1 can clam chowder,1
1 quart melon,1
1 box egg whites,1
1 cup apple wood chips,1
1 quart apple brandy,1
1 head pork,1
1 slice chili pepper,1
1 cup gingersnap cookie crumbs,1
1 lb lamb breast chops,1
1 tablespoon butter flavor extract,1
1 oz cabbage and carrots,1
1 tomato beef soup mix,1
1 piece injera,1
1 bag sprinkles,1
1 chocolate pudding,1
1 cup cilantro cream,1
1 tablespoon canned tomatoes,1
1 teaspoon cocoa chili powder,1
1 preserved duck egg,1
1 g jalapeno,1
1 tablespoon sour milk,1
1 cup granola cereal,1
1 g dinner roll,1
1 oz mexican rice mix,1
1 oz American cheese,1
1 lb mahi mahi,1
1 bottle pomegranate syrup,1
1 teaspoon poultry mixed spice,1
1 pint coleslaw,1
1 jar red pepper sauce,1
1 cup mixed spice,1
1 teaspoon sweet bean sauce,1
1 cup vanilla wafer cookie,1
1 teaspoon umeboshi,1
1 oz gum syrup,1
1 oz ancho pepper,1
1 tablespoon meatloaf sauce,1
1 teaspoon sichuan peppercorn oil,1
1 pork tongue,1
1 moroccan spice mix,1
1 bag chili pepper,1
1 cup black soybeans,1
1 pint kumquat,1
1 g oreo cookies,1
1 teaspoon pepper blend,1
1 lb cilantro,1
1 slice basil,1
1 pickled hot peppers,1
1 scoop vanilla bean ice cream,1
1 oz milk chocolate covered raisins,1
1 pack sweet peas,1
1 cup salsa ranchera,1
1 cup strawberry daiquiri mix,1
1 jar chocolate fudge,1
1 gallon popcorn,1
1 mullet,1
1 can rotel tomatoes and chili,1
1 tablespoon rye whiskey,1
1 bottle root beer,1
1 oz prague powder #1,1
1 cellulose,1
1 scoop lemonade mix,1
1 tin pinto beans,1
1 cup winter vegetables,1
1 lb garlic scape,1
1 lb wax beans,1
1 cup cheese mix,1
1 spoon salsa,1
1 New Mexico red chilies,1
1 oz mole,1
1 oz white zinfandel,1
1 spice mixture,1
1 tablespoon creamer,1
1 cup 5-grain cereal,1
1 g fruit,1
1 cup chipotle marinade,1
1 tablespoon korean sweet chili sauce,1
1 mango coulis,1
1 cup ancho chili,1
1 cup scotch bonnet pepper,1
1 peach sorbet,1
1 cup garlic herb butter,1
1 oz tomatillo salsa,1
1 bag butterscotch chips,1
1 lb cracker,1
1 nectarine juice,1
1 herb mix,1
1 cup pineapple apricot preserves,1
1 lb hatch chile,1
1 dash tangerine juice,1
1 teaspoon chipotle mayo,1
1 bottle maple syrup,1
1 can buttermilk biscuit roll dough,1
1 oz cinnamon agave syrup,1
1 beef marinade,1
1 tapioca,1
1 teaspoon powdered milk,1
1 teaspoon strawberry,1
1 g poblano pepper,1
1 box quinoa,1
1 pack Oaxaca cheese,1
1 cheddar jack cheese,1
1 chipotle chili sauce,1
1 can lemon concentrate,1
1 saskatoon berry chutney,1
1 l egg nog,1
1 wax pepper,1
1 bottle vegetable oil,1
1 oz canned tomatoes,1
1 bottle Tabasco sauce,1
1 vanilla sponge cake,1
1 sprig cabbage,1
1 stalk chinese broccoli,1
1 tablespoon garlic chili paste,1
1 tablespoon oaxaca cheese,1
1 cup mustard cabbage,1
1 teaspoon kosher salt,1
1 teaspoon arbol chile sauce,1
1 pickled serrano pepper,1
1 cup soy cream,1
1 oz white mushroom,1
1 teaspoon Sichuan pepper oil,1
1 bunch garlic scapes,1
1 oz ancho chile powder,1
1 green chartreuse,1
1 oz peanut butter chips,1
1 sweetbread,1
1 oz anaheim chilies,1
1 dash maple syrup,1
1 quart gherkin,1
1 lb beef flank steak,1
1 tablespoon agar-agar,1
1 quart black tea,1
1 cup glutinous black rice,1
1 count lemon juice,1
1 inch cheese,1
1 oz garlic and herb cheese,1
1 pack avocado,1
1 tablespoon red chili sauce,1
1 jar peanut sauce,1
1 beef tri tip,1
1 g nopal,1
1 count orange,1
1 oz soy vermicelli,1
1 teaspoon daikon,1
1 pack fried rice,1
1 quart maraschino cherry,1
1 carolina reaper pepper,1
1 lb nopales,1
1 curry,1
1 beef liver,1
1 jar black bean corn salsa,1
1 tablespoon tomatillo salsa,1
1 hatch chili,1
1 scoop chocolate sorbet,1
1 cup king oyster mushroom,1
1 cup wax gourd,1
1 bag hibiscus,1
1 g ancho chile,1
1 pack vegetarian chicken substitute,1
1 adzuki beans,1
1 oz sweetener,1
1 g baking chocolate,1
1 lb yeast,1
1 tablespoon ginger sesame dressing,1
1 cup sundried tomato,1
1 can tortilla soup,1
1 potsticker,1
1 cup star anise,1
1 teaspoon carne asada seasoning,1
1 oz prickly pear,1
1 teaspoon cottage cheese,1
1 bunch Chinese broccoli,1
1 oz kaffir lime leaf,1
1 bottle black bean sauce,1
1 bottle catalina salad dressing,1
1 oz beef seasoning,1
1 marinade,1
1 bar ice,1
1 oz currant juice,1
1 tablespoon papaya leaves,1
1 pack pasta sauce,1
1 cup beef fat,1
1 cup all bran cereal,1
1 moo shu pancakes,1
1 cup salsa bandera,1
1 tablespoon garlic sausage,1
1 cup chocolate soy milk,1
1 tablespoon tomato bouillon,1
1 cup roast pork,1
1 pint citrus sorbet,1
1 tablespoon black bean puree,1
1 green anaheim chili,1
1 lime yogurt,1
1 can cider,1
1 tablespoon kiwi,1
1 pack microgreens,1
1 g masa dough,1
1 tablespoon red chili peppers,1
1 manzanilla olives,1
1 cup Chinese barbecue sauce,1
1 pack hollandaise sauce,1
1 quart lime,1
1 cup lime sherbet,1
1 teaspoon goji berry,1
1 tablespoon pork stock,1
1 teaspoon chili pepper sauce,1
1 g red kidney beans,1
1 tablespoon snow peas,1
1 cup pine needle,1
1 tablespoon yam,1
1 pack stock cubes,1
1 pint basmati rice,1
1 g amchur,1
1 jar soy sauce,1
1 g garlic greens,1
1 teaspoon chickpeas,1
1 ml pandan,1
1 pack mustard pickle,1
1 teaspoon assam tea,1
1 mung bean,1
1 tablespoon seed oil,1
1 gram flour,1
1 cup icing sugar,1
1 oz grapes,1
1 g soybean paste,1
1 brazil nut,1
1 teaspoon red wine,1
1 g strawberry ice cream,1
1 teaspoon coconut milk powder,1
1 lb aji panca,1
"1 cilantro, red onion",1
1 hazelnut syrup,1
1 l corn oil,1
1 ginger garlic paste,1
1 lb king mackerel,1
1 tablespoon soda water,1
1 cup idli batter,1
1 lb yak meat,1
1 candle nut,1
1 mandarin orange essence,1
1 coffee extract,1
"1 coriander, turmeric, salt, red chili, garam masala, mango, cumin",1
1 spoon lemon,1
1 edible silver leaf,1
1 tablespoon aji limo,1
1 oz dark rum,1
1 piece jaggery,1
1 tablespoon mustard relish,1
1 cup mulling spice,1
1 g nigella seeds,1
1 tablespoon habanero peach butter,1
1 lb quinoa,1
1 can coconut nectar,1
1 stalk lemon leaf,1
1 Huancaina sauce,1
1 cup jamun,1
1 g pork chops,1
1 cup split mung bean,1
1 stalk cauliflower,1
1 teaspoon fish paste,1
1 tablespoon aji panca,1
1 teaspoon sausage,1
1 cm herbs,1
1 slice turmeric,1
1 piece seasoning,1
1 stalk bay leaf,1
1 lb red chili,1
1 kulfi ice cream,1
1 tablespoon green masala,1
1 g chicken powder,1
"1 teaspoon nigella seeds, mustard, fenugreek seeds",1
1 cup Thai chili,1
1 kg fiddleheads,1
1 tablespoon lemon concentrate,1
1 lb coconut milk,1
1 pickapeppa sauce,1
1 teaspoon falooda,1
1 ml coconut water,1
1 tablespoon almonds pistachios,1
1 teaspoon khameer,1
1 teaspoon coconut cream,1
1 cm shrimp paste,1
1 cup puffed corn cereal,1
1 cup lentil paste,1
1 can Jerusalem artichoke,1
1 pack roasted garlic herb dressing mix,1
1 cup white lentils,1
1 tablespoon yellow mustard,1
1 count spring onion,1
1 teaspoon thai curry sauce,1
1 dried red chili peppers,1
1 pack beet,1
1 slice fish fillet,1
1 tablespoon capsicum,1
1 g pimento,1
1 mojo criollo,1
1 pollock,1
1 teaspoon radhuni,1
1 cup cocktail mix,1
1 g fruit jelly,1
1 can papaya nectar,1
1 bar butter,1
1 bottle cherry brandy,1
1 tamales,1
1 dragees,1
1 tablespoon fennel seeds,1
1 oz alcohol,1
1 kg fish head,1
1 ml coriander root,1
1 jar apricot pineapple preserves,1
1 g tomato jam,1
1 teaspoon mint cilantro chutney,1
1 jar sweet chili sauce,1
1 wafer biscuit,1
1 teaspoon tamarind date chutney,1
1 tablespoon curds,1
1 tablespoon sugarcane,1
1 tablespoon lime cordial,1
1 ml rambutan,1
1 tablespoon thai seasoning,1
1 can guava nectar,1
1 bowl tortilla,1
1 teaspoon pineapple essence,1
1 lb bison flank steak,1
1 tablespoon date tamarind chutney,1
1 cup black lentil flour,1
1 tablespoon pickle powder,1
1 g apple juice,1
1 kg pastry dough,1
1 lychee essence,1
1 lb split pea flour,1
1 candied citron peel,1
1 cassia,1
1 cup golden raisin,1
1 g yucca,1
1 ml plum puree,1
1 dried chili pepper,1
1 sheet papadum,1
1 oz peanut vinaigrette,1
1 puri,1
1 g greens,1
1 cup pistachios,1
1 cup white pepper,1
1 teaspoon yellow bean sauce,1
1 potato sticks,1
1 cup amino acids,1
1 cup colby pepper jack cheese,1
1 tablespoon mint chutney,1
1 oz peanut satay sauce,1
1 tablespoon cheddar monterey jack cheese,1
1 cup red vinegar,1
1 oz orange drink,1
1 cup alfalfa,1
1 g condensed mushroom soup,1
1 passion fruit juice,1
1 lb banana blossom,1
1 teaspoon sambal luek,1
1 sprig spinach,1
1 tablespoon tom kha paste,1
1 cup mustard cress,1
1 tablespoon khmeli-suneli,1
1 cup fruit salad,1
1 oz ivy gourd,1
1 cup vegan chicken,1
1 l vegetable bouillon,1
"1 cup green beans, asparagus",1
1 tablespoon aji panca paste,1
1 slice strawberry,1
1 tablespoon barberries,1
1 teaspoon grape juice concentrate,1
1 handful kaffir lime leaf,1
1 l banana milk,1
1 kg guava,1
1 lb cherimoya,1
1 round naan,1
1 cup green soybeans,1
1 cup chickpea noodles,1
1 teaspoon potato,1
1 oz jaggery,1
1 oz tomato basil blend,1
1 cup rose jam,1
1 kg lentil,1
1 pan water,1
1 tablespoon aji amarillo chili paste,1
1 tablespoon yellow chili paste,1
1 ml chickpea,1
1 bag red tea,1
1 oz ranch cheese,1
1 ml red pepper flakes,1
1 fava bean,1
1 slice angelica,1
1 lb prune butter,1
1 mango juice,1
1 pack bulgur wheat,1
1 kg black gram flour,1
1 g cashew nut paste,1
1 cup aguardiente,1
1 tablespoon chipotle chili flakes,1
1 kg pomfret,1
1 jerk sauce,1
1 g Paraguayan cheese,1
"1 basil, coriander",1
1 pack bulgur,1
1 cup clear spirit,1
1 lb bulgur,1
1 tablespoon meat masala,1
1 mirasol chili,1
1 mint chutney,1
1 tablespoon mountain dew,1
1 cup ladyfingers,1
1 g dill pickle,1
1 quinoa,1
1 quart lima bean,1
1 oak wood chips,1
1 Mrs. Dash Original seasoning mix,1
1 lb akkawi cheese,1
1 cup carob chips,1
1 handful plantain,1
1 cup puffed rice cereal,1
1 fruit leather,1
1 kg rump roast,1
1 vindaloo seasoning,1
1 cup banana orange juice,1
1 cup mango yogurt,1
1 rogan josh seasoning,1
1 teaspoon black walnut flavor,1
1 pack walnut,1
1 garlic chutney,1
1 teaspoon dabeli masala,1
1 l half and half,1
1 sultanas,1
1 cup garlic sprouts,1
1 teaspoon cayenne garlic paste,1
"1 cup cabbage, onion",1
1 g dry milk powder,1
1 teaspoon white lentils,1
1 tablespoon yellow lentils,1
1 tablespoon strawberry jelly,1
1 kg gourd,1
1 pack gorgonzola cheese,1
1 pint custard,1
1 tablespoon black seed,1
1 tablespoon pizza crust,1
1 teaspoon dried fruit,1
1 ghost chili,1
1 cup tutti-frutti,1
1 tablespoon jamaican jerk seasoning,1
1 cup digestive biscuit,1
1 tablespoon pawpaw,1
1 ml cherimoya essence,1
1 tablespoon bottle gourd,1
1 piece sponge cake,1
1 kingfish,1
1 kg cuttlefish,1
1 tablespoon yogurt cheese,1
1 aji limo pepper,1
1 oz tahini,1
1 kg liver,1
1 dash coconut,1
1 tablespoon strawberry nectar,1
1 clam juice,1
1 tablespoon almond cashew poppy seed paste,1
1 cup queso dip,1
1 teaspoon green masala,1
1 oz vanilla yogurt,1
1 piece banana stem,1
1 box currants,1
1 count rose,1
1 teaspoon fruit jelly,1
1 can jalapeño salsa,1
1 mango peach chutney,1
1 teaspoon huacatay,1
1 cream crackers,1
1 cup yogurt starter,1
1 lb toor dal,1
1 tablespoon aquafaba,1
1 teaspoon dal masala,1
1 mango powder,1
1 g graham flour,1
1 cup mandarin juice,1
1 teaspoon Maldive fish,1
1 oz jerk spice,1
1 flaxseed oil,1
1 lb gourd,1
1 kg grape leaves,1
1 pack soybean,1
1 jar vindaloo sauce,1
1 g mirasol chili,1
1 cup kefir cheese,1
1 teaspoon mung bean,1
1 teaspoon hawaij,1
1 g split yellow lentils,1
1 ridge gourd,1
1 can yellow pepper,1
1 oz chicken fat,1
1 ml pomegranate molasses,1
1 kg ghee,1
1 oz brinza cheese,1
1 kg molasses,1
1 l lentil,1
1 oz green seasoning,1
1 saltwort,1
"1 tortilla, naan",1
1 sprig huacatay,1
1 oz lamb bone,1
1 chili lime dipping sauce,1
1 tub guacamole,1
1 bottle red pepper sauce,1
1 teaspoon sesame soy bean oil blend,1
1 mandarin orange zest,1
1 tablespoon palm vinegar,1
1 bergamot oil,1
1 lb jasmine rice,1
1 kimchi juice,1
1 oz spicy queso dip,1
1 green peppercorn,1
1 inch bell pepper,1
1 cup mango syrup,1
1 sheet jelly,1
1 chuck roast,1
1 g balloon flower,1
1 cup soju,1
1 cup crowder peas,1
1 gallon lard,1
1 can cheddar cheese condensed soup,1
1 cup sugar water,1
1 sirloin tip steak,1
1 tablespoon hot chili sauce,1
1 cm daikon radish,1
1 dash pico pepper sauce,1
1 cm radish,1
"1 chili pepper, cilantro",1
1 tablespoon cilantro root,1
1 pack salsa seasoning mix,1
1 slab fish cake,1
1 piece Swiss cheese,1
1 kg beef sirloin,1
1 ginseng,1
1 cup 7-up,1
1 bottle peanut satay sauce,1
1 jar pad thai sauce,1
1 kg beef short rib,1
1 teaspoon red chile,1
1 cup thai chili garlic sauce,1
1 oz chipotle adobo sauce,1
1 cup chipotle mojo sauce,1
1 oz pad thai noodles,1
1 bottle peanut sauce,1
1 cup bbq dry rub seasoning,1
1 cup thai lime dipping sauce,1
1 mung bean sprouts,1
1 lb soybean sprouts,1
1 bowl salad greens,1
1 cup honey chili vinegar,1
1 sesame salt,1
1 cup bulgogi marinade,1
1 cup fig jelly,1
"1 piece pear, laver",1
1 oz yellow rice,1
1 pack rice cake,1
1 teaspoon rice seasoning,1
1 leaf sesame,1
1 jar cassareep,1
1 cup white peas,1
1 oz five-spice powder,1
1 sopes,1
1 bottle mirin,1
1 bunch mung bean noodles,1
1 count kaiser roll,1
1 tablespoon preserved radish,1
1 oz béarnaise sauce,1
1 pig tail,1
"1 cashews, red pepper flakes",1
1 teaspoon tsuyu,1
1 szechuan sauce,1
1 bag pearl barley,1
1 bag buckwheat noodle,1
1 teaspoon thai roasted chili paste,1
1 g chrysanthemum greens,1
1 tablespoon seafood rub,1
1 kefir,1
1 teaspoon massaman curry paste,1
1 inch turmeric ginger,1
1 teaspoon belacan chili paste,1
1 bottle tamarind,1
1 pack palm sugar,1
1 teaspoon seasoning sauce,1
1 can barbecue beans,1
1 tablespoon Thai chilies,1
1 cup mushroom soup,1
1 tablespoon seafood chili paste,1
1 cup coconut palm sugar,1
1 kg stingray,1
1 stalk long beans,1
1 g winged beans,1
1 g astragalus root,1
1 glass noodles,1
1 g kohlrabi,1
1 slice shrimp paste,1
1 piece threadfin fish,1
1 pack peanut dressing,1
1 slice tangerine zest,1
1 teaspoon vanillin,1
1 sachet mediterranean seasoning,1
1 cup shallots,1
1 cup sriracha chili sauce,1
1 lime paste,1
1 cup thai roasted chili paste,1
1 lb gemelli,1
1 tablespoon sweet soybean paste,1
1 cup kaffir lime leaf,1
1 stalk choy sum,1
1 lb beef filet,1
1 g laksa paste,1
1 piece fermented bean curd,1
1 lb barley malt,1
1 dash citric acid,1
1 pack fish cake,1
1 cup soy ginger broth,1
1 teaspoon ponzu sauce,1
1 dash soda,1
1 slice rice cake,1
1 oz sweet potato vermicelli,1
1 vegan chicken patty,1
1 g oxtail soup mix,1
1 g minestrone soup mix,1
1 red chili powder,1
1 tablespoon olive juice,1
1 teaspoon beef stew seasoning,1
1 tablespoon bulgogi sauce,1
1 lemon basil,1
1 cup white fish,1
1 pack buckwheat noodles,1
1 teaspoon au jus,1
1 cup shrimp sauce,1
1 box button mushroom,1
1 cup ginseng,1
1 bannock,1
1 lb crown daisy greens,1
1 pack mung bean noodles,1
1 oz rice cakes,1
1 slice sweet potato,1
1 Thai chilies,1
1 teaspoon Thai sweet chili sauce,1
1 g rice cake,1
1 inch heart of palm,1
1 tablespoon soy grits,1
1 oz brown rice fettuccine,1
1 slice shiso,1
1 dash emeril's original essence,1
1 piece mussels,1
1 cup tamari teriyaki sauce,1
1 oz flat iron steak,1
1 tablespoon hot and sour paste,1
1 gallon ranch dressing,1
1 tablespoon almond flavor,1
1 tablespoon custard,1
1 mint extract,1
1 pilaf mix,1
1 teaspoon butter flavor extract,1
1 teaspoon kashmiri masala paste,1
1 dash poppy seed,1
1 bunch snake bean,1
1 dash onion seed,1
1 oz black vinegar,1
1 beef strips,1
1 sprig garlic chives,1
1 dash dill seed,1
1 coconut sugar,1
1 piece galia melon,1
1 pack portabella mushrooms,1
1 box rice noodles,1
1 cup cheddar and american cheese,1
1 lb fox nut,1
1 can beef vegetable barley soup,1
1 teaspoon butterscotch pudding mix,1
1 tablespoon beef bouillon paste,1
1 tablespoon moong and urad dal paste,1
1 oz animal fat,1
1 brewer's yeast,1
1 lb vegetarian chicken substitute,1
1 pack beef-flavored noodles,1
1 pint white wine vinegar,1
1 pandan paste,1
1 quart pineapple,1
1 lb Thai pepper,1
1 g chaat masala,1
1 g mango powder,1
1 oz tofu shirataki noodles,1
1 pack beef bone marrow,1
1 sweet rice flour,1
1 cup kiwi juice,1
1 g tikka paste,1
1 muskmelon,1
1 cup rogan josh curry paste,1
1 lb whole wheat noodles,1
1 cup shichimi togarashi,1
1 cup ground chicken,1
1 tablespoon prune,1
"1 sea salt, cracked pepper",1
1 teaspoon punsch,1
1 sweet chili paste,1
1 cup soybean nuggets,1
1 cup pickled daikon,1
1 teaspoon pineapple preserves,1
1 pint lemon sherbet,1
1 beef soup mix,1
1 mint cilantro chutney,1
1 cup jowar flour,1
1 l molasses,1
1 dash chicken stock,1
1 ml orange soda,1
1 g vegetarian minced meat,1
1 pack tostada shells,1
1 g cream of tomato soup,1
1 teaspoon dried hot pepper,1
1 tablespoon apple liqueur,1
1 cheese culture,1
1 pack cheddar Monterey jack cheese blend,1
1 g chironji,1
1 oz whole wheat biscuit,1
1 cup cilantro lime vinaigrette,1
1 oz mung beans,1
1 teaspoon kaffir lime peel,1
1 can mushroom spaghetti sauce,1
1 tablespoon Thai chili jam,1
1 oz jamaican browning sauce,1
1 g mace,1
1 cup dried red chilies,1
1 pack chickpeas,1
1 tablespoon green curry sauce,1
1 tablespoon horseradish sauce,1
1 lb beef ravioli,1
1 strawberry sauce,1
1 g mint chutney,1
1 g tamarind chutney,1
1 tablespoon pickle masala,1
1 oz New Mexico chile,1
1 tablespoon cornichon,1
1 bottle marinade,1
1 g bay leaf,1
1 tablespoon Dijon mustard,1
1 g asafoetida,1
1 teaspoon enchilada seasoning mix,1
1 teaspoon rock salt,1
1 pizza,1
1 clove basil,1
1 jerky seasoning,1
1 pack spam,1
1 teaspoon jasmine rice,1
1 teaspoon pepper paste,1
1 teaspoon sesame salt,1
1 sunflower seeds,1
1 teaspoon sweet chili paste,1
1 cup ssamjang,1
1 cellophane noodles,1
1 tablespoon lemon-lime soda,1
1 lb chinese chives,1
1 lb sweet potato noodles,1
1 teaspoon green peppercorns,1
1 ribeye roast,1
1 guava juice,1
1 cup perilla seeds,1
1 yellow wax chili pepper,1
1 bag jasmine rice,1
1 teaspoon pico de gallo,1
1 oz kulfi,1
1 grill seasoning,1
1 teaspoon wheat flour,1
1 kg jaggery,1
1 g tamarind paste,1
1 kg bulgur,1
1 red curry paste,1
1 gallon seafood stock,1
1 lb Mexican cheese blend,1
1 oz mangetout peas,1
1 oz cassia,1
1 winged beans,1
1 tablespoon mesquite powder,1
1 cup sweet soy glaze,1
1 pack lo mein noodles,1
1 teaspoon ginger paste,1
1 whole wheat roti,1
1 dash onion soup mix,1
1 tablespoon ramen,1
1 tablespoon Madras curry paste,1
1 tablespoon enchilada seasoning mix,1
1 g balti curry paste,1
1 kg hamour,1
1 oz lotus seeds,1
1 lb spring roll sheets,1
"1 cup red bell pepper, carrot, mushroom, green onion, snow pea",1
1 tub yogurt,1
1 g rose petals,1
1 cup wonton noodles,1
1 g pattypan squash,1
1 cube pineapple,1
1 dash creole seasoning,1
1 pack reese's pieces,1
1 pack kelp noodles,1
1 oz dried pear,1
1 tablespoon guava juice,1
1 hen,1
1 inch salmon,1
1 tablespoon crab,1
1 pint raspberry sherbet,1
1 tablespoon seven spice,1
"1 onion, papaya, garlic",1
1 pack plantain,1
1 g vegetable stock,1
1 tablespoon mango juice,1
1 lamb head,1
1 teaspoon vanilla liqueur,1
1 oz lamb stock,1
1 pistachios,1
1 kg date,1
1 lb lamb tongue,1
1 teaspoon cantonese sauce,1
1 teaspoon chipotle chili seasoning mix,1
"1 cup onion, papaya, garlic",1
1 g nuoc cham,1
"1 clove onion, papaya, garlic",1
1 sugar cane,1
1 French roll,1
1 g Vietnamese mint,1
1 oz mojo criollo sauce,1
1 mixed seafood,1
1 teaspoon cacao,1
1 plum preserves,1
1 piece kabocha squash,1
1 ml mango,1
1 cup tangerine juice concentrate,1
1 tablespoon shrimp sauce,1
1 cup pink lentils,1
1 teaspoon tamarind syrup,1
1 lb guava paste,1
1 handful curry leaf,1
1 dash bay leaf,1
1 teaspoon gum arabic,1
1 bunch vietnamese mint,1
1 piece chicken sausage,1
1 cup quorn,1
1 piece charcoal,1
1 oz tabbouleh,1
1 cm papaya,1
1 piece mastic,1
1 can ackee,1
1 cup cottonseed oil,1
1 teaspoon basmati rice,1
1 scoop butter,1
1 tablespoon goat milk yogurt,1
1 aji dulce,1
1 cup snake gourd,1
1 teaspoon pine nuts,1
1 tablespoon hot pepper jelly,1
1 dash habanero pepper sauce,1
1 lb cornbread,1
1 bunch anise,1
1 pack sourdough starter,1
1 teaspoon piquin pepper,1
1 kg fava bean,1
1 white rum,1
1 lb baby spinach,1
1 piece date,1
1 cup wood ash,1
1 piece marie biscuits,1
1 tablespoon kelp powder,1
1 lamb offal,1
1 macadamia nuts,1
1 cup mango jam,1
"1 curry leaves, neem leaves",1
"1 tablespoon black pepper, paprika, clove, ginger, nutmeg",1
1 jar pine nut,1
1 teaspoon mutton masala,1
1 oz yellow rice mix,1
1 tablespoon nuoc cham,1
1 g giant beans,1
1 kg butterfish,1
1 cup Maldive fish,1
1 tablespoon fig,1
1 inch nutmeg,1
1 cup sprouted mung bean,1
1 pork pate,1
1 lb angel food cake mix,1
1 spare rib,1
1 olive juice,1
1 egg roll,1
1 teaspoon yellow bean paste,1
1 teaspoon tikka paste,1
1 butterfish,1
1 bunch rice noodle,1
1 pack paneer,1
1 rice bran oil,1
1 tablespoon alder wood chips,1
1 cup papri,1
1 tablespoon yucca,1
1 bottle sriracha,1
1 piece kitchen twine,1
1 piece tofu skin,1
1 tablespoon caramel barbecue sauce,1
1 cup caramel barbecue sauce,1
1 bottle chicken chili sauce,1
1 cube seafood stock,1
1 rum raisins,1
1 bottle tamarind chutney,1
1 pack cilantro,1
1 oz tatsoi,1
1 pack chaat masala,1
1 bottle coriander chutney,1
1 teaspoon fish dry rub seasoning,1
1 bottle mint chutney,1
1 bottle dulce de leche,1
1 scallion oil,1
1 piece arbol chili,1
1 lb pork rib,1
1 cup biryani masala,1
1 teaspoon coriander seeds,1
1 oz rump roast,1
1 box pilaf mix,1
1 lb pineapple jam,1
1 g black chickpea,1
1 lb liverwurst,1
1 vegan chicken,1
1 bag vermicelli,1
1 cup asian herbs,1
1 oz chicken apple sausage,1
1 quart soy sauce,1
1 cup vietnamese mint,1
1 g gianduja,1
1 piece serrano pepper,1
1 teaspoon green peas,1
1 tablespoon cashew oil,1
1 inch sugarcane,1
1 kg milk powder,1
1 maggi seasoning cube,1
1 lb pork rib roast,1
1 Bombay duck,1
1 teaspoon almond flour,1
1 butter chicken paste,1
1 tablespoon chili jelly,1
1 teaspoon gluten flour,1
1 teaspoon vindaloo curry paste,1
1 bag crawfish,1
1 cup fruit jam,1
1 oz swai,1
1 can coconut soda,1
1 goat feet,1
1 jar dill pickles,1
1 slice cilantro,1
1 tablespoon papaya nectar,1
1 tablespoon lemon rind,1
1 tablespoon sour mix,1
1 tablespoon garlic and onion,1
1 lamb knuckle,1
1 g kaffir lime leaf,1
1 l lemon soda,1
1 piece coconut,1
1 kg cassava,1
1 oz coconut gel,1
1 cup coconut jelly,1
1 piece cassava,1
1 oz Malibu rum,1
1 cup bagoong,1
1 teaspoon apricot liqueur,1
1 coconut juice,1
1 oz tamarind powder,1
1 piece pork hock,1
1 cup chili pepper flakes,1
1 teaspoon ham,1
1 pita bread dough,1
1 cup bitter melon,1
1 pint pineapple juice,1
1 tablespoon bitter orange,1
1 oz vegetarian sausage,1
1 quart sherbet,1
1 carob syrup,1
1 cup fruit cocktail syrup,1
1 piece banana pepper,1
1 piece egg roll wrappers,1
1 tablespoon toasted rice flour,1
1 cup liver spread,1
1 l cherry soda,1
1 lime soda,1
1 tabbouleh,1
1 teaspoon apricot marmalade,1
1 quart palm nut,1
1 kg sea bass,1
1 tablespoon liquid seasoning,1
1 lb callaloo,1
1 handful baby greens,1
1 can diced tomatoes and green peppers,1
1 g liver spread,1
1 ml crab fat,1
1 tablespoon pesto sauce,1
1 kg linguine,1
1 lb pepper leaf,1
1 slice jackfruit,1
1 piece plantain,1
1 cup coconut gel,1
1 mojo sauce,1
1 cup tongue stock,1
1 lb pork tongue,1
1 teaspoon beet powder,1
1 lb sprouts,1
1 kg ginger,1
1 piece durian,1
1 gallon milk powder,1
1 oz banana ketchup,1
1 dash pickapeppa sauce,1
1 cup date paste,1
1 oz jerk seasoning,1
1 tablespoon beet powder,1
1 cup whole milk powder,1
1 teaspoon khaleeji mixed spice,1
1 silver pomfret,1
1 gallon coconut milk,1
"1 lemon, lime",1
1 cube mutton stock,1
1 gallon evaporated milk,1
1 dash lemon peel,1
1 piece gum arabic,1
1 tablespoon kabsa spice mix,1
1 cup candied citron,1
1 cup nasturtium leaves,1
1 goat milk yogurt,1
1 spoon sofrito,1
1 creole sauce,1
1 ml pickling spice,1
1 g peanut powder,1
1 kibbeh,1
1 pork skin,1
1 cup adobo,1
1 pack parsley,1
1 oz pineapple orange juice,1
1 oz caper,1
1 ginger-garlic and green chili paste,1
1 white onion,1
1 oz curry seasoning,1
1 oz soy protein,1
1 meat sauce,1
1 lb pig foot,1
1 oz mango sauce,1
1 bottle jerk seasoning,1
1 slice agar,1
1 lb calf foot,1
1 key lime juice,1
1 cup ash gourd,1
1 pineapple jelly,1
1 stick pineapple,1
1 pack macadamia nut,1
1 ml mustard seeds,1
1 tablespoon raita,1
1 cup white split lentils,1
1 box sazon seasoning,1
1 cup pickapeppa sauce,1
1 tablespoon labneh,1
1 ml kiwi juice,1
1 oz plantain,1
1 teaspoon ground spices,1
1 lb goat leg,1
1 oz urad dal,1
1 can cajeta,1
1 tablespoon habanero powder,1
1 piece Chinese cabbage,1
1 g anise seed,1
1 g chayote,1
1 cup dried black mushrooms,1
1 sinagang soup mix,1
1 lb breadfruit,1
1 teaspoon calamansi juice,1
1 oz pork blood,1
1 cup ham fat,1
1 teaspoon popcorn,1
1 teaspoon mango juice,1
1 tablespoon vegetarian seasoning,1
1 tablespoon bagoong,1
1 cup jerk marinade,1
1 kg beef tendon,1
1 piece dill pickle,1
1 lb pork head,1
1 pack yellow rice,1
1 stick curry leaves,1
1 purslane,1
1 pack achiote,1
1 can guava paste,1
1 oz shoulder steak,1
1 can egg,1
1 fruit chutney,1
1 tablespoon guava paste,1
1 tablespoon alfalfa,1
1 cup guava sauce,1
1 tamarind juice,1
1 lb konafa pastry dough,1
1 pack pudding and pie filling mix,1
1 teaspoon jerk rub,1
1 tablespoon apricot liqueur,1
1 cup marrow,1
1 g puffed rice,1
1 sriracha garlic and red chile paste,1
1 kg lemon,1
1 box hummus,1
1 oz prune jam,1
1 g quince,1
1 dash sweet chili sauce,1
1 cup curacao liqueur,1
1 dash cointreau,1
1 tablespoon eggplant,1
1 piece thyme,1
1 oz split lentils,1
1 teaspoon pilaf masala,1
1 cup black chickpea,1
1 oz herb,1
1 cup date honey,1
1 tablespoon unsweetened dried coconut,1
1 cup dukkah,1
1 teaspoon jamaican jerk seasoning,1
1 whole wheat pita bread,1
1 jar heart of palm,1
1 khaliji mixed spice,1
1 lb red onion,1
1 can curry paste,1
1 oz jerusalem artichoke,1
1 teaspoon cumin coriander powder,1
1 green chile cilantro sauce,1
1 can luncheon meat,1
1 oz banana chips,1
1 pack dried sour cherries,1
1 lb merguez sausage,1
1 teaspoon chili flake,1
1 oz vienna sausage,1
1 cube feta cheese,1
1 box clove,1
1 can chicken chili,1
1 oz rose petals,1
1 oz yellow lentils,1
1 korma curry paste,1
1 cup lemon oil,1
1 lb lamb shoulder blade steak,1
1 oz vegetable burger,1
1 kg taro,1
1 pint pineapple sorbet,1
1 lb lobster shell,1
1 tablespoon soy cream,1
1 lb truffle,1
1 panch phoron,1
1 onion seed,1
1 handful fenugreek leaves,1
1 chocolate cream filling,1
1 saffron water,1
1 self-rising flour,1
1 lime and garlic,1
1 tablespoon curry masala gravy,1
1 oz pork tongue,1
1 pack mint,1
1 cup apricot pineapple preserves,1
1 lamb brain,1
1 oz sparkling white wine,1
"1 kg peas, carrot",1
1 lb bitter melon,1
1 tablespoon amchoor,1
1 tablespoon saffron water,1
1 g piloncillo,1
1 smoked salmon,1
"1 teaspoon turmeric, black pepper",1
1 cup yellow rice mix,1
1 cup coffee ice cubes,1
1 teaspoon hibiscus,1
1 inch coconut,1
1 pack Maria cookies,1
1 g chocolate sprinkles,1
1 slice lavash,1
"1 oz walnut, almond",1
1 kg bitter gourd,1
1 jar fish,1
1 tablespoon flax seed oil,1
1 coconut water,1
1 tablespoon yellow moong dal,1
1 inch pork casing,1
1 cup lulo,1
1 bitter almond,1
1 pineapple sauce,1
1 tablespoon milk solids,1
1 box falafel mix,1
1 cup kulad dal,1
1 bottle tiger sauce,1
1 pint pigeon peas,1
1 sheep tongue,1
1 tablespoon pineapple syrup,1
1 oz grapeseed oil,1
1 can hummus,1
1 guero chile,1
1 teaspoon milk masala,1
1 cup tikka masala,1
1 cup rapadura,1
1 chipotle cream sauce,1
1 g madras curry paste,1
1 tablespoon pistachios,1
1 kg tomato passata,1
1 tablespoon onion almond paste,1
1 box squash,1
1 tablespoon chestnut,1
1 l almond milk,1
1 piece buttermilk biscuits,1
1 garlic and onion seasoning,1
1 ml alcohol,1
1 kg dark chocolate,1
1 oz bulgur wheat,1
1 refined flour,1
1 pack chicken drumette,1
1 teaspoon dhansak masala,1
1 cup spice blend,1
1 teaspoon ginger green chili paste,1
1 kg shark,1
1 cup masarepa,1
1 kashmiri pepper,1
1 dried hot pepper,1
1 pimento pepper,1
1 pint date,1
1 l pomegranate juice,1
1 teaspoon beef bouillon paste,1
1 cup fig chutney,1
1 teaspoon apple curry chutney,1
1 tablespoon arab spice mix,1
1 box portabella mushrooms,1
1 ml curry paste,1
1 oz anaheim chili,1
"1 teaspoon ginger, cumin",1
1 cup sweet chili pepper,1
1 cup beef tongue,1
1 stuffing,1
1 lb green seasoning,1
1 stalk marjoram,1
1 cup mulberry,1
1 cup carp roe,1
1 g ganache,1
1 tablespoon cassava meal,1
1 piece yucca,1
1 kg mixed vegetables,1
1 tamarind syrup,1
1 cup jalfrezi curry paste,1
1 cup pineapple sauce,1
1 cup mutton broth,1
1 cup custard apple,1
1 teaspoon vegetarian chicken bouillon,1
1 pack falafel mix,1
1 lb dried beef,1
1 cup piña colada concentrate,1
1 rasgulla,1
1 tablespoon rice bran,1
1 bag artichoke,1
1 cup pho broth,1
1 teaspoon bijol,1
1 cup piña colada mix,1
1 oz rice wine vinegar,1
1 oz blue schnapps,1
1 kg pork bone,1
1 g lamb fat,1
1 kg pork leg,1
1 set plantain,1
1 scoop coconut sorbet,1
1 ml food coloring,1
1 oz dessert topping,1
1 teaspoon jerk sauce,1
1 can yogurt,1
1 layer cheesecloth,1
1 teaspoon tikka masala powder,1
1 bison tenderloin,1
1 dijon vinaigrette,1
1 lb tamarind paste,1
1 pack mango,1
1 quart corn flakes,1
1 g tapioca jelly,1
1 cup pinole,1
1 g chana masala,1
1 sambal chili sauce,1
1 cup broccoli sprouts,1
1 slice fresh cheese,1
1 oz bouillon,1
1 lb buffalo steak,1
1 sliver cinnamon,1
1 cup palm vinegar,1
1 cup mojo spice,1
1 cup ridge gourd,1
1 pack basmati rice,1
1 banana liqueur,1
1 tablespoon chipotle barbecue sauce,1
1 piece tamarind pulp,1
1 cup maggi seasoning sauce,1
1 cup urad flour,1
1 teaspoon pork fat,1
1 cup cornflour,1
1 can coconut juice,1
1 pack turnover dough,1
1 can coconut water,1
1 tablespoon plum,1
1 lb minced chicken,1
1 g guava paste,1
1 hilsa,1
1 ml club soda,1
1 pinch mint,1
1 bottle pickapeppa sauce,1
1 pint butter pecan ice cream,1
1 teaspoon coriander and cumin seeds,1
1 seer fish,1
1 cup lemon sherbet,1
1 kg urad dal,1
1 cup sev,1
1 kg moong dal,1
1 coconut rum,1
1 stalk yucca,1
1 amchoor,1
1 pack squash,1
1 g pea shoots,1
1 cup guava marmalade,1
1 pack wonton,1
1 cup pork pate,1
1 oz pickled ginger,1
1 kg bilimbi,1
1 cup mung bean jelly,1
1 squash seeds,1
1 oz chow mein noodles,1
1 green tea,1
1 lb red lentils,1
1 teaspoon thai chili garlic sauce,1
1 bag charcoal,1
1 cup graham cracker crust,1
1 pate,1
1 Gruyère,1
1 dash coconut cream,1
1 oz beef cocktail franks,1
1 cup chaat masala,1
1 cup mint and parsley chutney,1
1 tablespoon cashew peanut powder,1
1 teaspoon masala paste,1
1 cup shrimp powder,1
1 box cappelletti,1
1 piece flour tortilla,1
1 oz dried mango,1
1 new potatoes,1
1 ml okra,1
1 oz drumstick,1
1 arrowroot starch,1
1 lb ice cream topping,1
1 oz pineapple syrup,1
1 tablespoon fish powder,1
1 sambar masala,1
1 slice cabbage,1
1 box strawberry gelatin,1
"1 daikon, carrot",1
1 sesame seed kaiser roll,1
1 vetiver,1
1 cup lupini beans,1
1 tablespoon pork pate,1
1 lb panela,1
1 can potatoes,1
1 g jackfruit,1
1 teaspoon cranberry sauce,1
1 g tandoori paste,1
1 lb zucchini blossoms,1
1 teaspoon chicken,1
1 tandoori paste,1
1 oz pork bones,1
1 ml simple syrup,1
1 oz sangrita,1
1 naan bread,1
1 teaspoon shahi jeera,1
1 box white chocolate pudding mix,1
1 tablespoon yellow peas,1
1 slice kelp,1
1 inch jaggery,1
1 ml cashew,1
1 teaspoon sriracha garlic sauce,1
1 oz pork pate,1
1 cup apple liqueur,1
1 piece drumstick,1
1 handful garlic chives,1
1 piece beef shank,1
1 sambal,1
1 quart serviceberry,1
1 teaspoon Urfa pepper,1
1 cup rice ball,1
1 kg mung bean,1
1 cup nutmeg syrup,1
1 g powdered milk,1
1 slice catfish,1
1 piece curry leaves,1
1 oz baby spinach,1
1 oz rice stick noodles,1
1 tablespoon chipotle salsa,1
1 bottle ginger,1
1 cup pork roll,1
1 jar ajvar,1
1 cup tarhana,1
1 box rice-a-roni,1
1 tablespoon mango liqueur,1
1 g rice wine,1
1 ramen,1
1 g hazelnut meal,1
1 count passion fruit,1
"1 black pepper, onion powder",1
1 cup tequila rosé liqueur,1
1 ginger nut biscuit,1
1 g french fries,1
1 g gyoza wrappers,1
1 count egg roll wrappers,1
1 ling cod,1
1 jar pepper jelly,1
1 tablespoon dry mustard,1
1 inch Chinese sausage,1
1 pouch pectin,1
1 g mornay sauce,1
1 g rosella fruit,1
1 cup mexican seasoning,1
1 verjuice,1
1 ml rice flour,1
1 cup preserved ginger,1
1 cup preserved scallion,1
1 leaf holy basil,1
1 oz succotash,1
1 ml vanilla bean paste,1
1 pint red currants,1
1 lb potsticker,1
1 mushroom broth,1
1 chocolate fudge,1
1 kg pork fillet,1
1 strawberry ice cream topping,1
1 can au jus,1
1 l sorbet,1
1 teaspoon olive oil cooking spray,1
1 ml Southern Comfort,1
1 pack nacho cheese soup mix,1
1 cup cashews,1
1 g lotus seed paste,1
1 peppercorn sauce,1
1 can minestrone soup,1
1 teaspoon glucose,1
1 stalk clove,1
1 box chicken nuggets,1
1 g pine mushroom,1
1 kg beef shoulder,1
1 piece brown sugar,1
1 l fruit nectar,1
1 soybean oil,1
1 preserved turnip,1
1 oz cauliflower rice,1
1 ml crème de cassis,1
1 lb chicken stock,1
1 tablespoon shrimp stock,1
1 piece rock sugar,1
1 white fungus,1
1 cup cheese and salsa dip,1
1 teaspoon flavor enhancer,1
1 kg ice cream,1
1 dried scallops,1
1 pack snap peas,1
1 tablespoon Sichuan bean sauce,1
1 cup lime marmalade,1
1 bean curd,1
1 g angelica,1
1 crab stuffing,1
1 oz bamboo shoot,1
1 preserved egg,1
1 cup soy milk powder,1
1 g fox nut,1
1 g coix seed,1
1 g marmalade,1
1 tablespoon gluten-free flour,1
1 lemon icing,1
1 orange jelly powder,1
1 jar black bean sauce,1
1 teaspoon chicken salt,1
1 teaspoon butterscotch chips,1
1 g grapefruit,1
1 g crimini mushrooms,1
1 oz beans and carrots,1
1 jar fruit chutney,1
1 bar halloumi cheese,1
1 pack maggi seasoning,1
1 tablespoon onion gravy mix,1
1 g coconut macaroon,1
1 cup chili garlic dressing,1
1 garlic mayonnaise,1
1 teaspoon spearmint,1
1 teaspoon barberry,1
1 g frog legs,1
1 teaspoon cherry liqueur,1
1 piece threadfin,1
1 jar pickled jalapeno,1
1 ml raspberry cordial,1
1 box fideo noodles,1
1 cup tempura dipping sauce,1
1 bolillos,1
1 g tofu puffs,1
1 kg short ribs,1
1 bunch mustard,1
1 g cranberry sauce,1
1 cup garlic salsa,1
1 g black fungus,1
1 g lily buds,1
1 cup Guinness stout,1
1 count fortune cookie,1
1 cornbread topping,1
1 oz corn and black bean salsa,1
1 English muffins,1
1 sheet egg roll wrappers,1
1 marshmallow biscuit,1
"1 teaspoon linseed, sunflower, almond",1
"1 oz fish stock, bird's nest",1
1 g wild rice,1
1 bottle pico de gallo,1
1 cup plum juice,1
1 lb jellyfish,1
1 oz soybean,1
1 g epazote,1
1 fresno chili pepper,1
1 piece sirloin steak,1
1 roll pork sausage,1
1 g lemon myrtle,1
1 strawberry essence,1
1 duck sausage,1
1 oz rabbit,1
1 cup chinese barbecue sauce,1
1 tablespoon pickled mustard greens,1
1 can kimchi,1
1 teaspoon cashew butter,1
1 cup corn tomato salsa,1
1 bag jasmine green tea,1
1 jasmine flower,1
1 oz jalapeno cheese spread,1
1 cup fennel greens,1
1 eye of round,1
1 can mixed fruit cocktail,1
1 kg fish fillet,1
1 ml apple liqueur,1
1 g sweetcorn,1
1 g almond butter,1
1 cup grumichama,1
1 gallon oil,1
1 oz Mars bar,1
1 pack peanut,1
1 oz spring roll wrapper,1
1 oz sambal oelek,1
1 bunch banana leaf,1
1 can red kidney beans,1
1 teaspoon lime salt,1
1 pack soup base,1
1 cup ham and turkey,1
1 oz light cream,1
1 tablespoon tasmanian pepperberry,1
1 wedge watermelon,1
1 dash cinnamon sugar,1
1 bag mexican cheese blend,1
1 teaspoon khaliji mixed spice,1
1 date syrup,1
1 cup jalapeno pickling liquid,1
1 oz onion and mushroom soup mix,1
1 bottle Guinness beer,1
1 drippings,1
1 ml avocado oil,1
1 cup spaghettini,1
1 kg kumquat,1
1 pack spanish rice mix,1
1 cup pork chop,1
1 tablespoon dried shrimp,1
1 tablespoon cheese jalapeno dip mix,1
1 ml schnapps,1
1 oz fried rice seasoning,1
1 tablespoon praline liqueur,1
1 g vegetable dip,1
1 scoop tortilla chips,1
1 g sweet potato vermicelli,1
1 teaspoon broad bean sauce,1
1 dash chili,1
1 kg jaboticaba,1
1 cup honey garlic sauce,1
1 custard cream,1
1 cup truffle,1
1 frangipane,1
1 box american cheese,1
1 tablespoon ginger sesame paste,1
1 g lotus seed,1
1 wiener,1
1 g skimmed dry milk,1
1 tablespoon chicken masala,1
1 kg cashew,1
1 g red chili pepper,1
1 pack chili sauce,1
1 tablespoon shahi daal spice mix,1
1 oz crescent roll dough,1
1 box dirty rice mix,1
1 tablespoon rose extract,1
1 g pig tail,1
1 pack long grain rice,1
1 teaspoon coconut butter,1
1 haleem masala,1
1 can lime soda,1
1 l sweetened condensed milk,1
1 kg veal bones,1
1 can wild rice,1
1 bag kidney beans,1
1 lime powder,1
1 cup brown rice milk,1
1 kg whole wheat,1
1 candy corn,1
1 tablespoon chai masala,1
1 pack gorgonzola,1
1 piece kale,1
1 tablespoon black cardamom,1
1 barley,1
1 kg purslane,1
1 inch vanilla bean,1
1 bag m&ms,1
1 cup bean water,1
1 tablespoon sweet corn,1
1 ml laksa paste,1
1 g char siu sauce,1
1 g french dressing,1
1 teaspoon macadamia nut oil,1
1 teaspoon szechuan sauce,1
1 oz orange concentrate,1
1 cup lychee juice,1
1 ml macadamia syrup,1
1 gai lan,1
1 cup anise hyssop,1
1 g peanuts,1
1 oz chinese chives,1
1 tablespoon chilli garlic sauce,1
1 teaspoon snow peas,1
1 g tartar sauce,1
1 pack sai fun noodles,1
1 garlic chili paste,1
1 g peppermint,1
1 cream of potato soup,1
1 cup garlic ginger stir-fry sauce,1
1 cup cloud ear mushroom,1
1 cup sesame chili oil,1
1 clove star anise,1
1 g goji berries,1
1 cilantro salsa,1
1 kg sea bream,1
1 tablespoon beurre manie,1
1 cup cheddar cheese dip,1
1 jar cherry preserves,1
1 oz poultry skin,1
1 tablespoon yellow pepper,1
1 luffa,1
1 oz beef round steak,1
1 tablespoon sweet rice vinegar,1
1 teaspoon straw mushroom,1
1 surimi,1
1 dash chili pepper sauce,1
1 cup mascarpone cheese,1
1 g fish ball,1
1 rocket,1
1 ml palm sugar,1
1 lb chicken bone,1
1 ml sambal oelek,1
1 teaspoon port wine,1
1 pack ground round,1
1 tablespoon hot pepper spread,1
1 kg melon,1
1 slab brown sugar,1
1 ml macadamia nut oil,1
1 head spinach,1
1 lemon myrtle,1
1 tablespoon cornflour,1
1 slice pork sausage,1
1 tablespoon walnuts,1
1 g black olives,1
1 g beef steak,1
1 oz macadamia nut syrup,1
1 pack Southwest seasoning,1
1 pico de gallo seasoning,1
1 mango and ginger chutney,1
1 tablespoon mango and ginger chutney,1
1 pack caesar dressing,1
1 stalk garlic chives,1
1 oz bean sticks,1
1 lb bean cake,1
1 oz cornbread,1
1 tablespoon longan,1
1 kg mulberry,1
"1 basil, lime",1
1 box garlic,1
1 tatsoi,1
1 g neufchatel cheese,1
1 lb almond meal,1
1 vegetarian chicken seasoning,1
1 cream of soup,1
1 beef tallow,1
1 angelica leaf,1
1 tablespoon biryani spice blend,1
1 ml macadamia nut syrup,1
1 ml apple,1
1 can flaky biscuits,1
1 teaspoon chipotle chilies,1
1 onion pepper blend,1
1 can whipped topping,1
1 pumpkin seed oil,1
1 pack beef jerky,1
1 ml cucumber,1
1 ml shallot,1
1 ml avocado,1
1 can condensed cream soup,1
1 cup malt extract,1
1 ml broccoli,1
1 count spinach,1
1 l brown vinegar,1
1 lb marshmallow,1
1 g apple pie filling,1
1 pack pork flavored seasoning,1
1 teaspoon mozzarella cheese,1
1 cup citrus liqueur,1
1 macadamia butter,1
1 tablespoon Mrs. Dash hamburger grilling blend,1
1 g wheat biscuit,1
1 tablespoon steak spice,1
1 g char siu,1
1 ml cereal,1
1 maltesers,1
1 g vanilla ice cream,1
1 g sausage casing,1
1 oz amarula,1
1 ml dried fruit,1
1 oz black currant,1
1 ml celery salt,1
1 lb biscotti,1
1 pack banana muffin mix,1
1 ham rind,1
1 l coca-cola,1
1 ml steak sauce,1
1 g capsicum,1
1 tablespoon aloe vera,1
1 tablespoon cape town masala,1
1 espresso beans,1
1 can apricot jam,1
1 g malted milk biscuits,1
1 lime pickle,1
1 oz escargot,1
1 box mexican rice mix,1
1 box baking mix,1
1 oz dried New Mexico chile,1
1 teaspoon durban masala,1
1 g crawfish,1
1 ml plum jam,1
1 g pastry shells,1
1 tablespoon new orleans creole seasoning,1
1 bag chicken thigh,1
1 pork and beans,1
1 pack pizza cheese,1
1 g steakhouse herbs,1
1 g mixed herbs,1
1 ml cherry liqueur,1
1 g smoked oyster,1
1 g lime jelly crystals,1
1 cup onion jam,1
1 ml garlic and herb seasoning,1
1 cup red chile powder,1
1 ml wheat berries,1
1 ml breadcrumbs,1
"1 thyme, tomato, parsley",1
1 cup desiccated coconut,1
1 kg berries,1
1 pack digestive biscuits,1
"1 cup coconut, shredded",1
1 tablespoon Mrs. Dash Southwest seasoning mix,1
1 lb pistachio,1
1 g cereal,1
1 oz preserved lemon,1
1 cup old-fashioned sauce,1
1 g maltesers,1
1 oz vegan chicken,1
1 dash adobo sauce,1
1 cup mole verde,1
1 cup blackberry liqueur,1
1 g passionfruit syrup,1
1 bunch silver beet,1
1 teaspoon marmalade,1
1 ml sparkling water,1
1 cup edible glitter,1
1 lb beef inside round roast,1
1 g corn flour,1
1 can vegetarian chicken substitute,1
1 lb yakisoba noodles,1
1 teaspoon couscous,1
1 warrigal greens,1
1 oz dried cherries,1
1 l brown stock,1
1 tablespoon pickled jalapenos,1
1 cup celery leaves,1
1 kangaroo tail,1
1 pack chicken flavored rice and vermicelli,1
1 jar green chili,1
1 mexican spice blend,1
1 can mushroom gravy,1
1 garlic scape,1
1 teaspoon myoga ginger,1
1 cup tenkasu,1
1 cup black sapote,1
1 mandarin,1
1 ml instant coffee,1
1 teaspoon marinade,1
1 ml blue curaçao,1
1 vegetarian chicken,1
1 blackberry brandy,1
1 cup beef vegetable barley soup,1
1 l canola oil,1
1 g foie gras pâté,1
1 sheet egg roll pastry dough,1
1 teaspoon corn,1
1 cup fruit flavored yogurt,1
1 teaspoon steak rub,1
1 g mixed seeds,1
1 seafood sauce,1
1 ml glycerin,1
1 cup extra virgin olive oil,1
1 herb dressing mix,1
1 g chipotle peppers in adobo,1
1 teaspoon blueberry syrup,1
1 oz bread dough,1
1 kg coriander,1
1 oz bitter lemon soda,1
"1 coriander, lemon wedge",1
1 kg barley,1
1 kg cumin,1
1 kg winter melon,1
1 cup canistel,1
1 cube vegetarian chicken broth,1
1 marrow,1
1 g wasabi cheese,1
1 tablespoon broccoli slaw,1
1 ml bran,1
1 lb taco cheese blend,1
1 kg muesli,1
1 custard apple,1
1 tablespoon dried quince,1
1 ml guava nectar,1
1 cream of mushroom soup mix,1
1 oz pear juice,1
1 cup pickled mixed vegetables,1
1 chicken leg quarter,1
1 g mango jelly crystals,1
1 g orange gelatin,1
1 ml cocktail sauce,1
1 ml capsicum salsa,1
1 g garlic bread,1
1 slice cotija cheese,1
1 oz beef steak,1
1 cube colby jack cheese,1
1 cup salad oil,1
1 oz shredded cheddar cheese,1
1 stalk shallot,1
1 g vanilla instant pudding mix,1
1 cup M&M's Minis,1
1 onion garlic blend,1
1 head frisee lettuce,1
1 cup crushed red pepper flakes,1
1 cup creme de cassis,1
1 g portobello mushrooms,1
1 g tapioca starch,1
"1 g caster sugar, superfine sugar",1
1 red rice wine,1
1 cup mojo,1
1 tablespoon salmon,1
1 oz jujube,1
1 g taco sauce,1
1 duck sauce,1
1 g red dates,1
1 cup cocoa rice cereal,1
1 g mixed salad greens,1
1 g monosodium glutamate,1
1 piece citrus zest,1
1 crocodile tail,1
1 count wonton wrappers,1
1 cup bitter orange,1
1 cup red currant cranberry sauce,1
1 cup four-cheese mexican blend cheese,1
1 kg egg whites,1
1 corn chip,1
1 dill pickle relish,1
1 piece bamboo shoot,1
1 durian,1
1 cup sweet biscuits,1
1 g physalis,1
1 pack dried beef,1
1 garlic and red chile paste,1
1 lb lychee,1
1 dash chocolate syrup,1
1 jar tartar sauce,1
1 kg trout,1
1 tea tree oil,1
1 tablespoon garlic sprouts,1
1 cup elderberry wine vinegar,1
1 chocolate milk powder,1
1 g honeycomb,1
1 quart cheese,1
1 tablespoon onion pepper relish,1
1 pickled pork hocks,1
1 lb glutinous rice,1
1 g malted chocolate powder,1
1 teaspoon malted chocolate powder,1
1 ml taco sauce,1
1 bottle chipotle marinade,1
1 pint jaboticaba,1
1 tablespoon chili lime seasoning,1
1 oz tomatoes with green chili peppers,1
1 pack rich tea biscuits,1
1 g canola oil,1
1 kg corn,1
1 ice cream topping,1
1 piece snow peas,1
1 tablespoon oxtail soup mix,1
1 ml passionfruit vodka,1
1 g ice,1
1 ml prune juice,1
1 cup niter kibbeh,1
1 pack orange spread,1
1 tablespoon niter kibbeh,1
1 tablespoon mitmita,1
1 lb olive oil,1
1 tablespoon extra virgin olive oil,1
1 oz berbere,1
1 teaspoon candied ginger,1
1 green hot pepper,1
1 ml black bean sauce,1
1 tablespoon sweet corn relish,1
1 red currants,1
1 Monterey Jack cheese,1
1 set vegetable oil,1
1 set all-purpose flour,1
1 set egg,1
1 ml pumpkin,1
1 lb peppers and onions,1
1 ml passion fruit puree,1
1 sugar beans,1
1 beau monde seasoning,1
1 cup spirit vinegar,1
1 ml butternut squash,1
1 abiu,1
1 set beef,1
1 g masala,1
1 bottle mixed vegetables,1
1 teaspoon passion fruit,1
1 oz annatto,1
1 cup teff,1
1 cup skirt steak,1
1 ml elderflower syrup,1
1 apricot nectar,1
"1 green onion, jalapeno, cheddar jack cheese, corn chips",1
1 cm flour tortilla,1
1 tablespoon verjuice,1
1 teaspoon tapioca flour,1
1 tablespoon brandy flavoring,1
1 oz mojo criollo,1
1 bottle kombucha,1
1 g pretzel,1
1 cup kombucha,1
1 oz fruit juice,1
1 cup nut milk,1
1 cup gravy mix,1
1 cup lime sauce,1
1 g samphire,1
1 cup chipotle lime sauce,1
1 oz frozen mixed vegetables,1
1 cube tom yum broth,1
1 teaspoon beef demi-glace,1
1 lb colby jack cheese,1
1 cup mint jelly,1
1 can okra,1
1 pack buttermilk salad dressing,1
1 teaspoon crab paste,1
1 pack green chili,1
1 bag nixtamal,1
"1 bay leaf, rosemary",1
1 oz chili oil,1
1 piece tangerine peel,1
1 g starfruit,1
1 teaspoon maraschino juice,1
1 g beef chuck roast,1
1 teaspoon cornflour,1
1 box chicken breast,1
1 g pawpaw,1
1 piece dried red chili pepper,1
1 pack haleem spice mix,1
1 dash Mrs. Dash seasoning mix,1
1 tablespoon horseradish mayonnaise,1
1 oz tofurkey,1
"1 oz snap peas, carrots",1
1 teaspoon thai hot sauce,1
1 teaspoon pepper oil,1
1 teaspoon chili garlic oil,1
1 oz butterfish,1
1 oz potsticker,1
1 stalk watercress,1
1 cup vegetarian chicken substitute,1
1 tablespoon kani miso,1
1 oz kalamansi juice,1
1 oz lily,1
1 g red bean paste,1
1 can baby peas,1
1 cup pineapple syrup,1
1 bag semisweet chocolate,1
1 pack radish sprouts,1
1 cup sweet bean paste,1
1 g dry gluten,1
1 pack jambalaya seasoning mix,1
1 teaspoon oolong tea,1
1 box snow peas,1
1 sprig culantro,1
1 oz shiitake mushrooms,1
1 dash sour mix,1
1 teaspoon salt water,1
1 box croutons,1
1 pack kamaboko,1
1 oz arrowroot starch noodles,1
1 dash pisco,1
1 cup lemon stir-fry sauce,1
1 inch egg roll wrappers,1
1 oz onion soup,1
1 tablespoon edamame,1
1 teaspoon lobster base,1
1 teaspoon satay sauce,1
1 pack curry roux,1
1 cup brown gravy mix,1
1 pig ears,1
"1 green onion, cilantro, chinese hot chili sauce",1
1 roll sausage,1
1 oz jasmine green tea,1
1 teaspoon dashi stock,1
1 grapefruit zest,1
1 dash five-spice powder,1
1 teaspoon red miso,1
1 thai red chili sauce,1
1 tablespoon mauby bark,1
1 pack pepper and onion stir fry mix,1
1 g brown rice flour,1
1 g crabmeat,1
1 teaspoon pineapple flavor,1
1 cup fruit juice concentrate,1
1 cup amerindian seasoning,1
1 cup konnyaku,1
1 cup Szechuan stir-fry sauce,1
1 cup black currant juice,1
1 g octopus,1
1 white miso,1
1 piece kalamansi,1
1 jar pork sauce,1
1 shirataki noodles,1
1 teaspoon wasabi mayonnaise,1
1 g mugwort,1
1 lb pig tail,1
1 oz lychee,1
1 teaspoon Russian dressing,1
1 piece calf liver,1
1 tablespoon crab roe,1
1 oz browning sauce,1
1 g pork luncheon meat,1
1 chili soy sauce,1
1 quart tomato paste,1
1 oz mustard cress,1
1 maggi seasoning sauce,1
1 inch zha cai,1
1 piece plum,1
1 teaspoon szechwan chili sauce,1
1 bottle stir-fry sauce,1
1 bag goldfish crackers,1
1 oz umeshu,1
1 candied chestnuts,1
1 soba noodles,1
1 lb wide chinese noodles,1
1 cube chicken broth,1
1 oz white fungus,1
1 g miso soup mix,1
1 cup preserved vegetables,1
1 lb char siu pork,1
1 tablespoon mandarin orange zest,1
1 caribbean pepper sauce,1
1 oz furikake,1
1 g peanut oil,1
1 lb vegetable,1
1 pretzel bun,1
1 cup ancho chili sauce,1
1 Hawaiian roll,1
1 piece astragalus root,1
1 tablespoon sour plum,1
"1 pineapple, mango, starfruit, kiwi, orange",1
1 tablespoon stir-fry oil,1
1 tofu cheese,1
1 oz panko,1
1 ml Chinese cooking wine,1
1 pack imitation scallops,1
1 box curry sauce,1
1 g rice vinegar,1
1 teaspoon vegetarian bouillon powder,1
1 pack sweet rice flour,1
1 cup thai hot sauce,1
1 cup soup base,1
1 roll whole grain,1
1 tablespoon asian-style dressing,1
1 stir-fry sauce,1
1 ball bean thread noodles,1
1 can beef mushroom soup,1
1 can liverwurst,1
1 jar peach,1
1 oz konnyaku,1
1 cup rice seasoning,1
1 pack liver,1
1 g skirt steak,1
1 cup ginger scallion pesto,1
1 oz turkey skin,1
1 slice bamboo shoots,1
1 chinese roasted chicken seasoning,1
1 tablespoon roast chicken seasoning,1
1 teaspoon mesquite smoke,1
1 dace,1
1 lb rock sugar,1
1 pack sweet corn,1
1 beef and cheddar sausage,1
1 tablespoon chimichurri,1
1 green onion miso vinaigrette,1
1 cup adzuki bean paste,1
1 cup chow mein noodles,1
1 bag bell pepper,1
1 beef eye of round roast,1
1 quart sake,1
1 pack pancake,1
1 myoga ginger,1
1 gallon beef bouillon,1
1 dry rub seasoning,1
"1 cheddar cheese, sour cream",1
1 teaspoon kamaboko,1
1 tablespoon Jamaican jerk seasoning,1
1 cup honey butter,1
1 piece black salt,1
1 pack beef stroganoff sauce mix,1
1 tempura,1
1 pack smoked chipped beef,1
1 malanga,1
1 g rice paper,1
1 slice asadero cheese,1
1 g green tea noodles,1
1 lb flying fish,1
1 g dumplings,1
1 tablespoon miso soup mix,1
1 spoon chickpeas,1
1 teaspoon instant tea,1
1 tulum cheese,1
1 slice sirloin,1
1 pint gravy,1
1 g grape leaves,1
1 lb kombu,1
1 tablespoon greens,1
1 tablespoon kaffir lime leaves,1
1 box elbow macaroni,1
1 oz pad thai sauce,1
1 ml baby corn,1
1 head broccolini,1
1 jar mandarin orange,1
"1 cup green onion, broccoli, carrot, snow pea, cabbage, baby bella",1
1 oz beef round,1
1 oz chutney,1
1 slice kaffir lime zest,1
1 sesame cracker,1
1 oz mixed dried beans,1
1 oz dark ale,1
1 tablespoon vegetarian chicken bouillon,1
1 cup soup mix,1
1 slice daikon radish,1
1 pack wonton strips,1
1 tablespoon lemon salt,1
1 ml plum wine,1
"1 cup nuts, coconut",1
1 lb baby corn,1
1 cm orange peel,1
1 pack pork tenderloin,1
1 tablespoon chipotle chilies in adobo sauce,1
1 tablespoon stock powder,1
1 g coconut cream powder,1
1 pack coconut shrimp,1
1 fish bouillon cube,1
1 oz lemon cordial,1
1 lb pork foot,1
1 cup Catalina dressing,1
1 teaspoon red hot peppers,1
1 tablespoon caribbean seasoning,1
1 pack vegetable chips,1
1 oz sirloin tip steak,1
1 sachet vanilla sugar,1
1 oz israeli couscous,1
1 granulated sugar,1
1 teaspoon turkish red pepper,1
1 cup kashkaval,1
1 tablespoon kashkaval,1
1 handful pomegranate seeds,1
1 teaspoon pomegranate paste,1
1 teaspoon horseradish mustard,1
1 teaspoon coconut broth,1
1 oz Thai red curry paste,1
1 can chipotle chile puree,1
1 buffalo,1
1 cup sesame ginger marinade,1
1 cup dried fig,1
1 thai chili paste,1
1 cup walnut milk,1
1 pea shoots,1
1 cup avocado ranch dressing,1
1 pasilla chile powder,1
1 g okonomiyaki flour,1
1 pack au jus sauce,1
1 piece wheat noodles,1
1 teaspoon fruit and pepper sauce,1
1 count prawn,1
1 tomato chutney,1
1 cup brown button mushrooms,1
1 leaf garlic,1
1 cup thai sauce,1
1 hickory,1
1 g daikon sprouts,1
1 oz curry roux,1
1 pack wasabi,1
1 cup hawaiian punch,1
1 kg rice bran,1
1 oz white miso,1
1 chili relish,1
1 yard beans,1
1 bamboo skewer,1
1 bunch turnip,1
1 oz tobiko,1
1 lb pork brisket,1
1 tablespoon Thai garlic chili paste,1
1 jar garlic lime salsa,1
1 teaspoon thai spice blend,1
1 yakisoba noodles,1
1 can pork,1
1 oz pineapple liqueur,1
1 sesame chili oil,1
1 cup apple cider syrup,1
1 five-spice seasoning,1
1 oz sriracha,1
1 tub sun-dried tomato pesto,1
1 cup chicken consomme,1
1 can chipotle peppers,1
1 gallon tea,1
1 lb baby squash,1
1 cup dried papaya,1
1 tempura flour,1
1 oz leek soup mix,1
1 cup quail egg,1
1 teaspoon black sugar,1
1 jar plum jam,1
1 g white sauce,1
1 turnips,1
1 cup radish greens,1
1 tablespoon plum vinegar,1
1 oz black bean and rice mix,1
1 box curry yellow rice mix,1
1 tablespoon Pickapeppa hot sauce,1
1 teaspoon lime oil,1
1 cup persimmon pulp,1
1 inch beef tenderloin,1
1 jar pickled ginger,1
1 cocoa cream,1
1 oz harusame noodles,1
1 cup broccoli and cauliflower,1
1 leaf lemongrass,1
1 pack eel,1
1 gallon soy sauce,1
1 g pigeon peas,1
1 ml ume vinegar,1
1 g cherry blossom,1
1 tablespoon oreo cookie,1
1 pint coconut cream,1
1 cup thai basil,1
1 sheet wakame,1
1 okonomi sauce,1
1 tablespoon thai hot sauce,1
1 oz mauby bark,1
1 oz kefalotyri cheese,1
1 g clam,1
1 tablespoon dry rub seasoning,1
1 bag white rice,1
1 tablespoon chipotle mayonnaise,1
1 piece pickled plum,1
1 kg chinese broccoli,1
1 oz pale ale,1
1 piece fish cake,1
1 lb soybean sticks,1
1 cup wasabi mayonnaise,1
1 cup sesame cracker,1
1 cup blackberry puree,1
1 cup chili bean sauce,1
1 oz zha cai,1
1 cup sushi rice seasoning,1
1 bean thread noodles,1
1 tablespoon togarashi,1
1 g king oyster mushroom,1
1 peach yogurt,1
1 cup lapsang souchong tea,1
1 bunch leafy greens,1
1 piece myoga ginger,1
1 tablespoon chili lime dressing,1
1 tablespoon smelt roe,1
1 oz quince,1
1 slice eel,1
1 cup tallow,1
1 lb wasabi peas,1
1 cup fried rice,1
1 salmon skin,1
1 ground chili,1
1 Japanese parsley,1
1 leaf buckwheat,1
1 cup water chestnuts,1
1 cup choy sum,1
"1 can tomato, green pepper, garlic",1
1 tablespoon water chestnut starch,1
1 tablespoon coconut juice,1
1 piece shiso,1
1 pack dashi,1
1 demiglace,1
1 g five-spice powder,1
1 pack beef tortellini,1
"1 lb peas, carrot",1
1 cup ginger broth,1
1 stick dashi,1
1 teaspoon cuban seasoning,1
1 mixed nuts,1
1 dash chili bean sauce,1
1 cup pumpkin blossoms,1
1 lotus seeds,1
1 teaspoon black garlic oil,1
1 pack taco shell,1
"1 can pineapple, mandarin orange",1
1 tablespoon bonito soup base,1
1 tablespoon fermented black soybeans,1
1 oz melon,1
1 piece fermented tofu,1
1 lb lean ground beef,1
1 oz strawberry concentrate,1
1 ml rapeseed oil,1
1 teaspoon ginger and shallot sauce,1
1 pinch peanuts,1
1 ml five-spice powder,1
1 g pound cake,1
1 tablespoon red chile,1
1 g sweet peas,1
1 eel sauce,1
1 tablespoon pickled radish,1
1 tablespoon kamaboko,1
1 box curry,1
1 cup chickpea miso,1
1 ml millet wine,1
1 ml sweet rice,1
1 lb egg vermicelli,1
1 cup ginger sauce,1
1 jasmine flowers,1
1 vegetarian chicken patty,1
1 pint fish,1
1 g lamb tenderloin,1
1 cube lamb stock,1
1 pack marshmallow peeps,1
1 oz wasabi,1
1 oz turkey wing,1
1 pack panko,1
1 tablespoon herb seasoning mix,1
1 cm mustard,1
1 kg broccoli,1
1 konnyaku,1
1 box rice cereal,1
1 bottle sake,1
1 ml teriyaki sauce,1
1 oz rice krispies,1
1 g bream,1
1 sesame paste,1
1 fermented bean curd,1
1 g chicken stock,1
1 green pea,1
1 jar tamale,1
1 bottle champagne vinaigrette,1
1 pack smoked oyster,1
1 cup white flour,1
1 g lotus root,1
1 kg bottle gourd,1
1 cup tasso,1
1 cup cocoa krispies,1
1 box noodle soup mix,1
1 g vegetable burger,1
1 pack biryani spice mix,1
1 teaspoon fish masala,1
1 guacamole seasoning,1
1 teaspoon basil oil,1
1 pack jambalaya mix,1
1 pack peanut butter chips,1
1 piece cornmeal,1
1 lb crimini mushroom,1
1 oz beef tri-tip,1
1 teaspoon scallops,1
1 piece konbu,1
1 soup flavoring,1
1 lb corn tortilla strips,1
1 pack shallot,1
1 tablespoon chile,1
1 teaspoon tofu,1
1 black sesame seeds,1
1 cup bouillon cube,1
1 lb dory,1
1 g harusame noodles,1
1 g broccoli sprouts,1
1 oz dumpling wrappers,1
1 box Mexican rice seasoning,1
1 oz goji berry,1
1 quart cactus,1
1 noodle soup mix,1
1 box rice chex,1
1 crabapple,1
1 slice pork fatback,1
1 gallon vegetable,1
1 sweet potato starch,1
1 cup dashi stock,1
1 lb pork butt shank steak,1
1 can white corn,1
1 cream of celery soup,1
1 ml shiitake stock,1
1 pack roux mix,1
1 oz sweet rice flour,1
1 pack saffron rice pilaf mix,1
1 oz milk chocolate chips,1
1 g chicken broth,1
1 unagi glaze,1
1 set jerk sauce,1
1 tray beef,1
1 g licorice root,1
1 lb beef sirloin roast,1
1 cup red chili pepper flakes,1
1 flatfish,1
1 bottle cooking wine,1
1 cup soy ham,1
1 g konnyaku,1
1 piece radish,1
1 oz ginger marmalade,1
1 g satay sauce,1
1 liver sausage,1
1 lb lamb kidney,1
1 pack konnyaku powder,1
1 can bonito flakes,1
1 snow pea,1
1 g angelica root,1
1 duck liver sausage,1
1 cup mixed fruit juice,1
1 teaspoon sweet and sour sauce,1
1 teaspoon red pepper seeds,1
1 pint kimchi,1
1 dash chicken bouillon,1
1 dash pear,1
1 dash sansho,1
"1 cup clams, dashi, chicken broth",1
1 oz spiced rum,1
1 pack chow fun,1
1 teaspoon shiitake mushroom,1
1 pack shimeji mushroom,1
1 lb beef arm roast,1
1 Szechuan pepper stir-fry sauce,1
1 cup bacon horseradish dip,1
1 pack rice cracker,1
1 teaspoon soybean,1
1 g chuan xiong,1
1 box brown rice,1
1 lb ground elk,1
1 pint rum,1
1 pickled mustard greens,1
1 bottle pickled ginger,1
1 bag broccoli coleslaw mix,1
1 g kelp,1
1 ball bean noodles,1
1 lb beef strip sirloin,1
1 teaspoon beet,1
1 teaspoon butter beans,1
1 teaspoon chai latte mix,1
1 g king prawns,1
1 radish flour,1
1 lb vegetarian beef strips,1
1 inch leek,1
1 cup zha cai,1
1 cup rice syrup,1
1 tablespoon fig preserves,1
1 oz sushi rice seasoning,1
1 oz kaiser roll,1
1 sand ginger,1
1 oz agar,1
1 lb curry roux,1
1 bag tostada,1
1 tablespoon reduced sodium soy sauce,1
1 ml sweet and sour sauce,1
1 dash salt substitute,1
1 jar green chile salsa,1
1 white chocolate brandy sauce,1
1 oz dashi stock,1
1 tablespoon konbu dashi,1
1 l rice vinegar,1
1 cup furikake,1
1 g curry roux,1
1 slice licorice,1
1 piece grouper,1
1 bottle hoisin sauce,1
1 teaspoon self raising flour,1
1 tablespoon sichuan stir-fry sauce,1
1 bag potatoes,1
1 tablespoon barley miso,1
1 can cashew,1
1 brown pepper,1
1 teaspoon mesquite sauce,1
1 piece black cloud ear mushroom,1
1 pack shimeji mushrooms,1
1 inch burdock root,1
1 astragalus root,1
1 casing,1
1 piece mushrooms,1
1 tablespoon sweet chilli sauce,1
1 bag pepper,1
1 g chili pepper flakes,1
1 roast beef seasoning,1
1 g coleslaw mix,1
1 box noodles,1
1 bunch cellophane noodles,1
1 cup soy ginger glaze,1
1 longan,1
1 lb wheat gluten,1
1 oz daikon sprouts,1
1 teaspoon dry mustard,1
1 sushi vinegar,1
1 tablespoon pisco,1
1 pack cream of chicken soup mix,1
1 teaspoon roe,1
1 lb chinese greens,1
1 shank,1
1 slab konnyaku,1
1 pack glass noodle,1
1 pack bamboo shoots,1
1 cup dried shiitake mushroom,1
1 oz dumplings,1
1 g sesame oil,1
1 wakame,1
1 sansho,1
1 oz alfalfa,1
1 cup dashi broth,1
1 box rice powder,1
1 tablespoon lotus seeds,1
1 cup vegetarian steak,1
1 teaspoon dashi powder,1
1 slice pork sirloin,1
1 tempura mix,1
1 teaspoon kelp powder,1
1 bottle raspberry vinaigrette,1
1 teaspoon goji berries,1
1 slice ginseng,1
1 teaspoon date,1
1 tempura batter,1
1 ml bamboo shoots,1
1 cup rock candy,1
1 leaf iceberg lettuce,1
1 ml coca cola,1
1 tablespoon pikliz,1
1 bottle lemon extract,1
1 cup brown mushroom,1
1 g maitake mushroom,1
1 tablespoon shiitake mushroom,1
1 piece burdock root,1
1 teaspoon umeboshi vinegar,1
1 lb sea cucumber,1
1 teaspoon fermented black bean paste,1
1 cocktail sausage,1
1 cup okonomi sauce,1
1 piña colada mix,1
1 tablespoon abalone sauce,1
1 g dory,1
1 radish greens,1
1 handful tofu,1
1 pack white wine,1
1 cup butterfly pea flower,1
1 lb meat floss,1
1 handful gotu kola,1
1 cup nasturtium bouillon,1
1 cup nasturtium butter,1
1 nasturtium pesto,1
1 oz natto,1
1 bag seafood boil seasoning,1
1 cup palm nuts,1
1 set meringue,1
1 cup mint ice cream,1
1 teaspoon chipotle barbecue sauce,1
1 cube pork jowl,1
1 piece butter lettuce,1
1 lb new york strip steak,1
1 fish balls,1
1 pack red bean,1
1 pack pinto beans,1
1 pack navy beans,1
1 pack great northern beans,1
1 salam leaf,1
1 cup goat broth,1
1 oz lillet,1
1 tempeh,1
1 lb goat chops,1
1 tablespoon mango ginger,1
1 g lamb leg,1
1 tablespoon acai powder,1
1 teaspoon maca,1
1 quart lamb's lettuce,1
1 cube mozzarella,1
1 tablespoon fennel cream,1
1 pack nachos,1
1 black bean and cherry tomato salsa,1
1 nacho cheese sauce,1
1 oz Monterey Jack cheese,1
1 winged bean,1
1 piece yuba,1
1 tablespoon almond cashew paste,1
1 teaspoon black peppercorn,1
1 bottle habanero hot sauce,1
1 piece tempeh,1
1 cup prawn cracker,1
1 cup oha leaf,1
1 bahmi spice mix,1
1 cup bean starch,1
1 gardenia extract,1
1 teaspoon clementine zest,1
1 chile arbol,1
1 tablespoon onion chutney,1
1 pack five cheese blend,1
1 set potato,1
1 pack garlic pita chips,1
1 bar cream cheese frosting,1
1 shot fernet,1
1 orange vinaigrette,1
1 beef top round,1
"1 teaspoon black pepper, sea salt",1
1 lb wild rice,1
1 tablespoon bonito,1
1 horse mackerel,1
1 tablespoon osmanthus,1
1 cup pappardelle,1
1 pack Daiya cheese,1
1 tablespoon malt sugar,1
1 butter flavored cooking spray,1
1 tablespoon all purpose seasoning,1
1 andouille chicken sausage,1
1 cup black olive pesto,1
1 lb camel meat,1
1 pack duck breast,1
1 piece salt,1
1 cup sloppy joe sauce,1
1 lb pearl spot fish,1
1 g gratin mix,1
1 cup cinnamon syrup,1
1 tablespoon caramel syrup,1
1 camel hump,1
1 lb periwinkle,1
1 bottle peanut oil,1
1 cup berry coulis,1
1 g mulato chili pepper,1
"1 thyme, rosemary",1
1 katsuobushi,1
1 aonori,1
1 cup crab sticks,1
1 cup kvass,1
1 gourd,1
1 lb branzino,1
1 piece pork tenderloin,1
1 cup thai stock,1
1 bread and butter pickle,1
1 oz lager,1
1 cup peach apricot jam,1
1 cup palm butter,1
1 teaspoon cacao nibs,1
1 cup coffee caramel sauce,1
1 cup cream-filled chocolate sandwich cookies,1
1 bottle orange soda,1
1 lb beef feet,1
1 cup beef intestine,1
1 tablespoon fish,1
1 oz cornbread stuffing,1
1 cup steel-cut oats,1
1 tablespoon mint syrup,1
1 bottle mojo criollo sauce,1
1 jar mole sauce,1
1 chilhuacle negro chili,1
1 tablespoon mole poblano,1
1 ancho raisin sauce,1
1 tablespoon bones,1
1 leaf maguey leaf,1
1 teaspoon ginger-garlic paste,1
1 cup guava barbecue sauce,1
1 tablespoon yuzukosho,1
1 cup chocolate mint,1
1 quart simple syrup,1
1 pint pineapple coconut ice cream,1
1 piece chocolate mint sauce,1
1 lb Spanish mackerel,1
1 tablespoon chestnut cream,1
1 cup red pepper jelly vinaigrette,1
1 quart pork stock,1
1 teaspoon ginger syrup,1
1 cup walnut oil vinaigrette,1
1 salsify,1
1 cup chili dressing,1
1 lb black cod,1
1 handful radish sprouts,1
1 cup miso sesame grilling sauce,1
1 teaspoon lime pepper,1
1 jar beans,1
1 tablespoon cilantro lime vinaigrette,1
1 piece Parmesan cheese,1
1 piece dumpling wrappers,1
1 oz dry white wine,1
1 can red chile enchilada sauce,1
1 multigrain malt waffle mix,1
1 teaspoon fenugreek leaf,1
1 teaspoon melon seeds,1
1 teaspoon dried fenugreek leaves,1
1 slice lemon lime,1
1 gyoza wrapper,1
1 chili flake,1
1 cup riesling,1
1 stone flower,1
1 tablespoon coconut and poppy seeds,1
1 kasuri methi,1
1 oz four cheese Italian blend,1
1 pack cornbread stuffing,1
1 roll bolillo,1
1 sesame bun,1
1 jar roasted red pepper pasta sauce,1
1 oz havarti,1
1 oz pecorino,1
1 cup marrowfat peas,1
1 jar pickled vegetables,1
1 oz brine,1
1 g coppa,1
1 cup pike conger eel flakes,1
1 tablespoon Hunan red chili sauce,1
1 cup chile jam,1
1 cup soy curls,1
1 piece green chili paste,1
1 tablespoon sake lees,1
1 piece meatball,1
1 piece dinner roll,1
1 cup shrimp paste,1
1 cup malt,1
1 tablespoon kalamata olives,1
1 cup duck egg yolk,1
1 profiterole,1
1 slice tangerine,1
1 cup mopane worms,1
1 tablespoon lippia,1
1 lb pork tripe,1
1 g semi-sweet chocolate,1
1 teaspoon thai basil paste,1
1 lb chilean seabass,1
1 white sugar,1
1 butterscotch candy,1
1 piece pimento cheese,1
1 tablespoon peri peri sauce,1
1 chipotle avocado salsa,1
1 bottle alfredo sauce,1
1 g hazelnuts,1
1 cup passionfruit puree,1
1 oz canton noodles,1
1 lb cheddar cheese sauce,1
1 pack stroganoff,1
1 deli rolls,1
1 teaspoon silver leaf,1
1 tablespoon hot chile sauce,1
1 cup perilla,1
1 oz stracchino,1
1 tamarind sauce,1
1 cup robolia cheese,1
1 oz ramps,1
1 bowl peas,1
1 cup berries and cherries,1
1 tablespoon pilau spice mix,1
1 cup tabasco sauce,1
1 piece basmati rice,1
1 bunch chinese chives,1
1 red wine sauce,1
1 lb farmer's cheese,1
1 lb fish ball,1
1 lb prawn heads and shells,1
1 piece spinach,1
1 cup fortified wine,1
1 pack salad,1
1 cup pecorino siciliano,1
1 mustard aioli,1
1 tablespoon cocktail onion,1
1 tablespoon calabash nutmeg,1
1 cup cranberry apricot sauce,1
1 lb peppermint candy,1
1 sheet butter,1
1 cup chocolate chip ice cream,1
1 cup peppermint crunch,1
1 lb candy coating,1
1 teaspoon candy cane,1
1 count portobello mushroom,1
1 jar tikka masala paste,1
1 kg catfish,1
1 cup dijon cream sauce,1
1 tablespoon chipotle pepper in adobo sauce,1
1 Calabrese pepper,1
1 bottle riesling,1
1 cup mushroom spinach,1
1 cup poblano crema,1
1 cup lemongrass syrup,1
1 cup advocaat,1
1 mushroom dressing,1
1 cambozola,1
"1 teaspoon cinnamon, coriander, cumin",1
1 oz pomegranate syrup,1
1 cup pomegranate soda,1
1 cup rice starch,1
1 piece chicken nuggets,1
1 tablespoon poppy seed dressing,1
1 cup giblet stock,1
1 cup hokkien noodles,1
1 teaspoon arbol chile,1
1 can white bean,1
1 oz guajillo pepper,1
1 cup calcium carbonate,1
1 piece licorice root,1
1 cup apple kiwi dressing,1
1 teaspoon seroendeng,1
1 cup tropical fruit mix,1
1 cup pineapple jam,1
1 cup citrus dressing,1
1 sesame custard sauce,1
1 tablespoon grape juice concentrate,1
1 tablespoon golden raisins,1
1 coconut sauce,1
1 casserole sauce,1
1 pack chicken meatballs,1
1 galette dough,1
1 oz naan,1
1 beefy onion soup mix,1
1 sheet pizza dough,1
1 g bread roll,1
1 slice calabrese sausage,1
1 pack tomato sauce,1
1 kg spelt flour,1
1 lb water spinach,1
1 garlic bouillon,1
1 rum butter sauce,1
1 g chinese broccoli,1
1 set choux pastry,1
1 tablespoon pear nectar,1
1 curly endive,1
1 tablespoon crab fat,1
1 tablespoon pandan juice,1
1 tablespoon starter,1
1 tablespoon kewra water,1
1 cup chaat chutney,1
1 teaspoon caraway seeds,1
1 roll Italian roll,1
1 cheese sticks,1
1 cup sundried tomato jam,1
1 cup porridge,1
1 corn flatbread,1
1 tablespoon papaya seeds,1
1 g wild boar meat,1
1 lb cured pork,1
1 can San Marzano tomatoes,1
1 jar fish stock,1
1 filet steak,1
1 cranberry orange sauce,1
1 ancho chili sauce,1
1 teaspoon kokum extract,1
1 piece snake bean,1
1 sangrita,1
1 cup mignonette sauce,1
1 tablespoon cucumber horseradish relish,1
1 cup Japanese mustard spinach,1
1 bunch Japanese mustard spinach,1
1 clove juniper berries,1
1 pabda,1
1 g green peppercorn,1
1 handful soybean,1
1 cup black cherry soda,1
1 cup shrimp heads,1
1 cup roman beans,1
1 lb soy chorizo,1
1 date onion chutney,1
1 pack wrap,1
1 tablespoon cashew cream,1
1 cup arrowroot flour,1
1 cup crimini mushroom,1
1 piece macaron filling,1
1 lb porgy,1
1 quart garlic,1
1 cup kale microgreens,1
1 cup vanilla low-fat ice cream,1
1 cup oatmeal cookie crumbs,1
1 piece grain,1
1 pack rhubarb,1
1 pecan ice cream,1
1 bunch maitake mushroom,1
1 inch chocolate crust,1
1 pack cake,1
1 count puff pastry cups,1
1 set peanut butter ice cream,1
1 pint vanilla chocolate chip ice cream,1
1 lb stir fry vegetables,1
1 cup kelp noodles,1
1 tablespoon pear eau-de-vie,1
1 piece crème anglaise,1
1 handful turbinado sugar,1
1 set quinoa oat crumble topping,1
1 cup sherry wine vinegar,1
1 l veal stock,1
1 roll yeast,1
1 teaspoon granola,1
1 sheep foot,1
1 l pasta water,1
1 cup chickpea alfredo sauce,1
1 inch parsnip,1
1 lb tonnarelli,1
1 g chili sausage,1
1 bottle tomato puree,1
1 g hake,1
1 cup ragu sauce,1
1 jar tomato mozzarella pasta sauce,1
1 oz tubettini,1
1 buffalo foot,1
1 jar sun-dried tomatoes,1
1 cup parmesan and romano cheese,1
1 oz turkey and pancetta meatballs,1
1 teaspoon coriander cumin seed powder,1
1 lb bitter gourd,1
1 g bitter gourd,1
1 cow foot,1
1 goat trotter,1
1 tablespoon peppermint schnapps,1
1 stalk chocolate mint,1
1 thin mint cookies,1
1 cup dark meat,1
1 vegetable pakora,1
1 lb pigeon breast,1
1 cup almond pistachio mix,1
1 lb green chile,1
1 can collard greens,1
1 cup chipotle ranch dressing,1
1 hard cheese,1
1 teaspoon sweet rice wine,1
1 handful lamb's lettuce,1
1 can beef consommé,1
1 lb burdock,1
1 oz blackcurrant liqueur,1
1 tablespoon levain,1
1 oz apricot ale,1
1 teaspoon pandan paste,1
"1 lemon, mint",1
1 tablespoon masala powder,1
1 lb fermented fish,1
1 handful kale and swiss chard,1
1 tablespoon khmeli suneli,1
1 cup cherry plum puree,1
1 tablespoon padaek,1
1 g ground mutton and chicken,1
1 tablespoon kasuri methi,1
1 cup daikon greens,1
1 slice turkey meatloaf,1
1 cup wonton strips,1
1 pork cutlet,1
1 lb ground lamb,1
1 lb ground mutton,1
1 g mutton liver,1
1 l peanut oil,1
1 cup lotus stem,1
1 g burdock root,1
1 cup rose vinaigrette,1
1 quart tomato puree,1
1 oz crescent rolls,1
1 cup mornay sauce,1
1 teaspoon carom seed,1
1 piece kokom,1
1 dried fruit chutney,1
1 ash gourd,1
1 cup jackfruit jam,1
1 piece lamb kidney,1
1 cup nut flakes,1
1 oz crushed tomatoes,1
1 oz spinach pasta dough,1
1 lb lasagna,1
1 jar wine,1
1 scoop broth,1
1 teaspoon red chili peppers,1
1 lb bottle gourd,1
1 bottle tomato passata,1
1 teaspoon lavender extract,1
1 cup lavender syrup,1
1 vanilla cream,1
1 bottle brownie glaze,1
1 bottle parmesan peppercorn dressing,1
1 teaspoon ranch dressing seasoning,1
1 pack salsa,1
1 can wine,1
1 oz cappellini,1
1 cornbread batter,1
1 cup palm sap,1
1 teaspoon celery oil,1
1 lime vinaigrette,1
1 inch apple,1
1 cup field pea,1
1 teaspoon wok sauce,1
1 tablespoon kabob seasoning,1
1 cup nut powder,1
1 cup pandan leaf,1
1 lb chicken nugget,1
1 cup chitterlings,1
1 cup kudzu,1
1 piece duck breast,1
1 cup rice bean,1
1 ml mushroom stock,1
1 tablespoon daylily buds,1
1 cup green pepper sauce,1
1 strip kampyo,1
1 bonito stock,1
1 leaf cardamom,1
1 teaspoon mixed spices,1
1 cilantro mint chutney,1
1 sweet potato roll,1
1 piece lamb brain,1
1 pork intestine,1
1 cup shortbread cookie crumbs,1
1 teaspoon zest,1
1 pack veggie meatballs,1
1 cup lingonberry gravy,1
1 lb amaretto,1
1 shark,1
1 cup penne pasta,1
1 piece parmesan toast points,1
1 breakfast sausage,1
1 jar vegetable sauce,1
1 cup five cheese blend,1
1 red finger chili pepper,1
1 quart turkey bone broth,1
1 tablespoon fruit vinegar,1
1 l orange soda,1
1 teaspoon garlic herb seasoning,1
1 handful savory,1
1 stick baguette,1
1 l red wine vinegar,1
1 pack parmesan,1
1 salad spice mix,1
1 wholegrain bun,1
1 bar provolone cheese,1
1 oz roasted peppers,1
1 tablespoon roasted pepper,1
1 count ciabatta,1
1 slice sweet soppressata,1
1 oz speck,1
1 whole wheat bread dough,1
1 ml vegetable juice,1
1 handful banana pepper,1
1 lb spicy Italian chicken sausage,1
1 sugarcane,1
1 lb mild italian sausage,1
1 shot limoncello,1
1 lb Italian bread,1
1 oz scamorza,1
1 cup sun-dried red pepper,1
1 tablespoon chicken bouillon granules,1
1 bunch parsley and chives,1
1 oz beef top loin steak,1
1 log mozzarella cheese,1
1 tablespoon italian herbs seasoning,1
1 ml herb vinegar,1
1 tablespoon lima bean,1
1 cup dried fenugreek leaves,1
1 cup anchovy broth,1
1 g nectaire cheese,1
1 tablespoon wine yeast,1
1 pack vegetable seasoning blend,1
1 lb wheat dough,1
1 cup prune jam,1
1 lb pork collar,1
1 g vegetable burger mixture,1
1 g emmental cheese,1
1 oz blackberry jam,1
1 oz lemon curd,1
1 clove fennel seed,1
1 shot chocolate liqueur,1
1 pumpkin puree,1
1 tablespoon olive pate,1
1 kg sheep liver,1
1 rabbit liver,1
1 ml rabbit stock,1
1 teaspoon green bell pepper,1
1 l brine,1
1 cup Bombay mix,1
1 cup makgeolli,1
1 bearnaise sauce,1
1 cup umeboshi paste,1
1 laver,1
1 teaspoon meringue,1
1 shot rye,1
1 shot port wine,1
1 teaspoon stir-fry seasoning,1
1 cup vegetable sauce,1
1 cup kampyo,1
1 sheet laver,1
1 lb ramen,1
1 cup raspberry chipotle sauce,1
1 head bass,1
1 cup buttercup squash,1
1 oz arame,1
1 g cod roe,1
1 g nori,1
1 pack American cheese,1
1 oz pancake batter,1
1 cup fruit preserve,1
1 strip dough,1
1 choux pastry,1
1 roll pizza dough,1
1 tablespoon mentsuyu,1
1 piece pickle,1
1 tablespoon meatball,1
1 garlic herb cheese,1
1 teaspoon sriracha dry seasoning,1
1 green chile tomato gravy,1
1 tablespoon chocolate sauce,1
1 cup lemon aioli,1
1 chicken wing tip,1
1 heart,1
1 handful sunflower seeds,1
1 cup noodle,1
1 piece luncheon meat,1
1 piece sambal,1
1 otak-otak,1
1 g snap pea,1
1 piece locust beans,1
1 cup raspberry walnut vinaigrette dressing,1
1 charentais melon,1
1 galia melon,1
1 lb calamarata,1
1 lb meat loaf mix,1
1 tablespoon Mexican seasoning,1
1 pint green tea ice cream,1
1 cup black chickpeas,1
1 cup yak butter,1
1 oz shortbread cookie,1
1 teaspoon montreal steak seasoning,1
1 parsley and mint,1
1 egg eggs,1
1 g gobindobhog rice,1
1 cup cream substitute,1
1 g matsutake mushroom,1
1 g fava beans,1
1 tablespoon curry masala,1
1 matzah,1
1 cup matzah balls,1
1 g soy chunks,1
1 set basil,1
1 set parsley,1
1 inch mushroom,1
1 cup eru,1
1 cup parsley and fennel greens,1
1 cup Mexican blended cheese,1
1 pickled vegetables,1
1 teaspoon jalapeño pepper,1
1 tablespoon hemp oil,1
1 bottle carbonated water,1
1 cup guajillo,1
1 piece green chile,1
1 roll sub roll,1
1 count saltine crackers,1
1 bouillon powder,1
1 lb lamb bones,1
1 cup corn and rice cereal,1
1 tablespoon instant noodles,1
1 teaspoon instant noodles,1
1 cup bread rolls,1
1 cup tubettini,1
1 quart shiitake mushroom,1
1 cup sweet pepper relish,1
1 rib roast,1
1 caramel rum glaze,1
1 vanilla glaze,1
1 count phyllo shells,1
1 pickled serrano chili,1
1 jar green chile,1
1 scoop chicken stock,1
1 garlic shoots,1
1 slice chicken bacon,1
"1 can tomato, green chili",1
1 cup cheddar cheese and monterey jack cheese,1
1 soy,1
1 set broth,1
1 lb pork shoulder bones,1
1 clove allspice,1
1 cup almond bark,1
1 pack pancake mix,1
1 teaspoon flaxseed meal,1
1 soft tortilla,1
1 crème fraîche,1
1 cup chaya,1
1 teaspoon salsa seasoning mix,1
1 cup biscoff cookie crumbs,1
1 bag cereal,1
1 oz masa,1
1 jar tomato salsa,1
1 teaspoon tamarind water,1
1 teaspoon masala powder,1
1 box whole wheat spaghetti,1
1 oz cabernet sauvignon,1
1 cup parmesan oil,1
1 handful lime basil,1
1 lb chicken Italian sausage,1
1 fava flowers,1
1 cup shirataki noodles,1
1 tablespoon poblano pepper,1
1 cup rose sauce,1
1 sheet cannelloni,1
1 wedge lemon juice,1
1 head Belgian endive,1
1 cup salvadoran cream,1
1 cup tomato-chile de árbol salsa,1
1 cup quesadilla cheese,1
1 strip jicama,1
1 spam,1
1 can brown gravy,1
1 lb longaniza,1
1 teaspoon Cajun Creole seasoning,1
1 g red meat,1
1 oz sweet potato gnocchi,1
1 cup aspartame,1
1 branch basil,1
1 set cake,1
1 pack lemon pudding,1
1 lemon glaze,1
1 handful bread,1
1 cup yogurt alternative,1
1 cup amaretto cookie,1
1 cup lemon cream sauce,1
1 tablespoon blueberry preserves,1
1 cup meringue topping,1
1 set lemon curd,1
1 tablespoon oyster,1
1 set meringue buttercream,1
1 cup mint syrup,1
1 cup prickly pear,1
1 teaspoon chili ginger paste,1
1 g red pesto,1
1 cup iceberg lettuce,1
1 handful green peas,1
1 teaspoon sriracha chili sauce,1
1 cup sugar substitute,1
1 piece cocktail sauce,1
1 cup slaw dressing,1
1 cup seafood boil seasoning,1
1 lemon iced tea,1
1 oz mango nectar concentrate,1
1 g greek yogurt,1
1 sweet chili soy sauce,1
1 tablespoon mango puree,1
1 orange gel paste,1
1 bottle mango nectar,1
1 dried cherries,1
1 cup chestnut jam,1
1 oz pork chop,1
1 maple glaze,1
1 Spanish mackerel,1
1 instant ramen,1
1 lb lap cheong,1
1 cup tamarind broth,1
1 cup mirabelle plum,1
1 cup huckleberries,1
1 cup citrus vinaigrette,1
1 cup caper dill sauce,1
1 cup bitter almond,1
1 cream stabilizer,1
1 cup quince paste,1
1 citrus fruit,1
1 marshmallow creme,1
1 cup shredded Mexican cheese,1
1 teaspoon cassia,1
1 cup Penicillium candidum,1
1 head sheep head,1
1 tablespoon sand ginger,1
1 cup calamus,1
1 can pickled jalapeno,1
1 tablespoon soybean flour,1
1 tablespoon malvani masala,1
1 tablespoon broad bean sauce,1
1 lb maccheroni,1
1 cm chicken,1
1 lb quinoa fettuccine,1
1 teaspoon kombu,1
1 piece wasabi,1
1 teaspoon garlic ginger,1
1 lb bamboo shoots,1
1 lb shiitake,1
1 bunch purslane,1
1 teaspoon chile de árbol flakes,1
1 lb tortilla,1
1 teaspoon camu berry,1
1 lb capocollo,1
1 cup kelp stock,1
1 teaspoon fresno chili,1
1 g freshwater fish,1
1 pack brown rice noodles,1
1 bunch Asian greens,1
1 tablespoon red chilli,1
1 lb hog casings,1
1 cinnamon stick,1
1 cup chipotle crema,1
1 teaspoon blackened fish rub,1
1 box roasted red pepper,1
1 pint carrot juice,1
1 tablespoon macadamia oil,1
1 tablespoon asian blend,1
1 count lemongrass,1
1 count Thai chili,1
1 cup chili jam,1
1 cup pear preserves,1
1 mango sauce,1
1 teaspoon egg,1
1 bunch beetroot,1
1 oz Moscato d'Asti,1
1 tropical fruit mix,1
1 vanilla rum sauce,1
1 cup herb oil,1
1 cup spice rub,1
1 piece artichoke parmesan dressing,1
1 teaspoon sugarcane juice,1
1 cup grapefruit rind,1
1 cup potato and pea filling,1
1 oz diced tomatoes with green chile,1
1 oz white chocolate pudding mix,1
1 raw vegetables,1
1 pack iced tea mix,1
1 pack orange drink mix,1
1 bag orange spice,1
1 lemon cream,1
1 empanada disc,1
1 tablespoon Thai roasted chili paste,1
1 cm kombu,1
1 strawberry ice cream,1
1 cup tiger nuts,1
1 g yellow split peas,1
1 tablespoon fish curry powder,1
1 teaspoon squid ink,1
1 lb salted fish,1
1 jar bordelaise sauce,1
1 horseradish sauce,1
1 pilchards,1
1 tablespoon green sauce,1
1 horseradish dressing,1
1 oz iceberg lettuce,1
1 inch beef strip steak,1
1 lb beef shank bones,1
1 lb beef trimmings,1
1 pork neck bone,1
1 oz bone marrow,1
1 head baby bok choy,1
1 piece mayonnaise,1
1 cup lotus leaf,1
1 tablespoon lily,1
1 cup padron peppers,1
1 biscuit mix,1
1 cup mixed winter greens,1
1 oz Jerusalem artichoke,1
1 bottle coffee creamer,1
1 oz cannelloni,1
1 tablespoon paratha masala,1
1 tablespoon strawberry vinegar,1
1 herb toast,1
1 tablespoon horseradish Dijon mustard,1
1 pack queso fresco,1
1 lb soba,1
1 tablespoon wild garlic,1
1 lb split pea,1
1 vanilla candy coating,1
1 tea biscuits,1
1 tablespoon raspberry wine vinegar,1
1 oz spring salad mix,1
1 g broad bean,1
1 bunch spring onions,1
1 tablespoon wheatgrass juice,1
1 cup spring lettuce,1
1 pack spring vegetable mix,1
1 g parma ham,1
1 manila clams,1
1 teaspoon bonito,1
1 spoon cocoa powder,1
1 cilantro lime crema,1
1 avocado lime salsa,1
1 chipotle rub,1
1 chipotle barbecue sauce,1
1 avocado mango salsa,1
1 handful ham,1
1 oz dr pepper,1
1 cup pistou,1
1 teaspoon lapsang souchong tea,1
1 tablespoon chipotle chili paste,1
1 cup beef consommé,1
1 lb snails,1
1 handful wood chips,1
1 bag chex,1
1 veggie burger patty,1
1 slice sourdough toast,1
1 lb jack cheese,1
1 bunch curly endive,1
1 softshell crab,1
1 avocado and red onion relish,1
1 bar pepper jack cheese,1
1 tablespoon hickory smoke flavoring,1
1 cup cheddar pepper jack,1
1 roll cornmeal,1
1 piece cilantro,1
1 cup carrots,1
1 pack tamale,1
1 pasilla and ancho chilies,1
1 can stewed tomato,1
1 piece chicken leg quarter,1
1 hard taco shells,1
1 cup meatloaf mix,1
1 tablespoon herb salt,1
1 porgy,1
1 teaspoon rasam powder,1
1 slab bison ribs,1
1 tin cannellini beans,1
1 lb smoked gouda,1
1 cup special sauce,1
1 tablespoon pili pili sauce,1
1 tablespoon pebre sauce,1
1 spoon powdered sugar,1
1 teaspoon myoga,1
1 teaspoon parsley bouillon,1
1 cup split black gram,1
1 box black-eyed peas,1
1 cup rose wine,1
1 piece cilantro coconut chutney,1
1 cup soy meat,1
1 pack rice spaghetti,1
1 kg mussel,1
1 parmigiano reggiano rind,1
1 kg clams,1
1 handful clams,1
1 piece monkfish,1
1 lb capon,1
1 tablespoon hot pepper garlic sauce,1
1 grana padano,1
1 g peppadew,1
1 oz roasted red pepper,1
1 oz cabrales cheese,1
1 lb dogfish,1
1 tablespoon fernet,1
1 tablespoon orgeat syrup,1
1 box lima beans,1
1 tablespoon chipotle ketchup,1
1 tablespoon Mrs. Dash Southwest Chipotle,1
1 piece raspberry sauce,1
1 pint sorbet,1
1 teaspoon sorbet,1
1 pint boysenberry,1
1 cup potato cake,1
1 cup quinoa macaroni noodles,1
1 spoon nutritional yeast,1
1 spoon parmesan cheese,1
1 oz panko breadcrumbs,1
1 oz frozen vegetables,1
1 set pita bread,1
1 peanut brittle,1
1 chili cheese sauce,1
1 roll whole wheat sandwich thins,1
1 bag salad,1
1 slice jalapeno pepper,1
1 cornbread muffin,1
1 cup black bean salsa,1
1 set ranchero sauce,1
1 piece orange marmalade,1
1 handful porcini mushrooms,1
1 avocado corn salsa,1
1 egg noodle,1
1 cup blue cheese vinaigrette,1
1 teaspoon xylitol,1
1 stalk bamboo shoot,1
1 stick leek,1
1 handful holy basil,1
1 cup coconut rice,1
1 multigrain roll,1
1 bowl basil,1
1 bowl bell pepper,1
1 crimini mushroom,1
1 teaspoon red chile paste,1
1 round pita bread,1
1 tablespoon sweet thai chili sauce,1
1 tablespoon thai chili sauce,1
1 cup Thai red curry paste,1
1 handful bamboo shoots,1
1 sprig pandan leaf,1
1 lb tongue,1
1 teaspoon ginger nuts,1
1 piece bourbon,1
1 teaspoon chipotle chile powder,1
1 beef frank,1
1 kaffir lime sauce,1
1 pack coconut milk,1
1 cup prawn crackers,1
1 coconut cilantro chutney,1
1 teaspoon dill pickle,1
1 tablespoon pineapple marmalade,1
1 cup cranberry raspberry,1
1 tablespoon demerara sugar,1
1 reblochon,1
1 cup Parmesan cheese,1
1 root vegetable,1
1 cup shallot skin,1
1 tiger prawn,1
1 clove roasted garlic,1
1 tablespoon chili garlic vinaigrette,1
1 cup jalapeno mayo,1
1 teaspoon all-purpose seasoning,1
1 avocado orange salsa,1
1 lb lamb testicles,1
1 bag snow peas,1
1 lb basa,1
1 slice flatbread,1
1 cup roe,1
1 teaspoon sugar snap pea,1
1 oz crab sticks,1
1 bream,1
1 cup Thai tea,1
1 tablespoon olive oil cooking spray,1
1 tablespoon asian seasoning mix,1
1 handful sweet potato,1
1 teaspoon Thai chili,1
1 kabosu,1
1 can Thai red curry paste,1
1 tablespoon lemongrass oil,1
1 handful leek,1
1 g bamboo shoot,1
1 cup tapioca pudding,1
1 slice monterey jack,1
1 l tomato sauce,1
1 cup pinot noir wine,1
1 cup demi-glaze,1
1 tablespoon preserved mustard greens,1
1 dried Thai red chili,1
1 piece sugarcane,1
1 cup chicken drumette,1
1 set sugar,1
1 lb pad thai noodles,1
1 cup hot and sour sauce,1
1 shot ginger liqueur,1
1 jalapeno hot sauce,1
1 green papaya,1
1 sambal chili paste,1
1 pack bamboo skewers,1
1 leaf kaffir lime leaves,1
1 teaspoon thai tea,1
1 ramen seasoning,1
1 Thai chili paste,1
1 piece sriracha,1
1 tablespoon thai green curry powder,1
1 sweet peas,1
1 oz noodle,1
1 cup ginger liqueur,1
1 cup red curry sauce,1
1 bird's eye pepper,1
1 bunch celery leaves,1
1 cup hung curd,1
1 slice prosciutto di San Daniele,1
1 round rice paper,1
1 piece striped bass,1
1 clove nutmeg,1
1 oz onion roll,1
1 piece sauce,1
1 wedge blue cheese,1
1 cup roasted pepper vinaigrette,1
1 cup onion sprouts,1
1 cup Romano cheese,1
1 cup red lentil,1
1 lb yellowtail snapper,1
1 cup mallow,1
1 set stuffing,1
1 white bean,1
1 pineapple chutney,1
1 food dye,1
1 pack pickled mustard greens,1
1 apple jam,1
1 cup chrysanthemum greens,1
1 oz wax beans,1
1 cup munster cheese,1
1 tablespoon pasilla chile,1
1 cup strawberry vinegar,1
1 lb stone fruit,1
1 tablespoon chilli vinegar,1
1 lb nian gao,1
1 oz napa cabbage,1
1 teaspoon cooking wine,1
1 cup puffball mushroom,1
1 oz chinese sausage,1
1 can pickled napa cabbage,1
1 cup Nam Prik Pao,1
1 wedge parmesan cheese,1
1 cup strawberry cheesecake ice cream,1
1 ml red wine essence,1
1 lb pork blood,1
"1 jalapeño, red onion",1
1 bottle tawny port,1
1 teaspoon strawberry oil,1
1 cup lemon poppy seed dressing,1
1 pack strawberry cake mix,1
1 non-dairy whipped topping,1
1 cup frisée,1
1 tablespoon champagne vinegar,1
1 cup myrtle,1
1 head lollo rosso lettuce,1
1 slab pork spare ribs,1
1 cup white cake mix,1
1 ml goat stock,1
1 cup sweet and sour dressing,1
1 tablespoon broad bean paste,1
1 teaspoon tandoor masala,1
1 handful mushrooms,1
1 handful bok choy,1
1 teaspoon barley malt syrup,1
1 vanilla bean ice cream,1
1 teaspoon rose powder,1
1 cup chili beans,1
1 scoop tortilla chip,1
1 handful corn chips,1
1 bar achiote paste,1
1 cup dal,1
1 handful olives,1
1 cup brown sugar syrup,1
1 g sand ginger,1
1 box pearl onions,1
1 rum cream,1
1 oz turkey breakfast sausage,1
1 tin sardine,1
1 cup caciocavallo,1
1 slice pepperoncini,1
1 tablespoon lemon herb dressing,1
1 oz luncheon meat,1
1 pack turkey gravy,1
1 tablespoon fire sauce,1
1 piece tater tots,1
1 ml lemon vodka,1
1 g wiener sausage,1
1 sweet potatoes,1
1 pan oregano,1
1 pan sage,1
1 cup whole grain cereal,1
1 pack smoked salmon,1
1 oz aged cheese,1
1 teaspoon Cajun seasoning,1
1 flute bread,1
1 cup persimmon puree,1
"1 basil, parmesan cheese",1
1 colby jack cheese,1
1 morita peppers,1
1 piece vegetable broth,1
1 cup rock sugar syrup,1
1 set ice cream,1
1 g scallion,1
1 cup masoor dal,1
1 wedge tortilla,1
1 lb whole wheat bread dough,1
1 lb ribeye roast,1
1 g Swiss chard,1
1 tablespoon ramen broth,1
1 tablespoon shrimp butter,1
1 tablespoon roasted meat drippings,1
1 slice panela cheese,1
1 tablespoon jalapeño brine,1
1 cup tomatillo chipotle salsa,1
1 oz rapini,1
1 pint blueberry,1
1 set gnocchi,1
1 tablespoon basil arugula pesto,1
1 cup figs,1
1 oz beef frank,1
1 piece yogurt,1
1 piece mascarpone,1
1 bag red bean,1
1 tablespoon raspberry puree,1
1 cup raspberry barbecue sauce,1
1 gel food coloring,1
1 cup birch wood chips,1
1 cup spruce wood chips,1
1 g ravioli,1
1 quart pea shoots,1
1 oz red bean paste,1
1 pack duck,1
1 noodle,1
1 kg chili,1
1 tin pineapple,1
1 set sweet pastry dough,1
1 cup red currant curd,1
1 handful rice noodle,1
1 tablespoon guajillo pepper,1
1 tablespoon baobab powder,1
1 champagne shallot vinaigrette,1
1 pack vegetable gumbo mix,1
1 teaspoon hickory salt,1
"1 tablespoon linseed, sunflower, almond",1
1 g stracchino,1
"1 sea salt, black pepper",1
1 tablespoon pickled jalapeno peppers,1
1 can sourdough biscuit dough,1
1 count fennel,1
1 pack Greek yogurt dip,1
1 lb anaheim pepper,1
1 pack empanada pastry,1
1 jar four cheese alfredo sauce,1
1 sprig verbena,1
1 piece anaheim pepper,1
1 artichoke fritters,1
1 cup spring lettuce mix,1
1 teaspoon chili pepper seeds,1
1 tablespoon red pepper pesto,1
1 cup horseradish vinaigrette,1
1 cup crème fraiche,1
1 piece bacon dressing,1
1 oz Oaxaca cheese,1
1 tablespoon aged cheese,1
1 cup fig relish,1
1 count pumpkin,1
1 shallot vinaigrette,1
1 set red potato mash,1
1 oz squacquerone cheese,1
1 piece pecorino romano cheese,1
1 l meat broth,1
1 can artichokes,1
1 ground black pepper,1
1 lb risotto,1
1 lb marrow bones,1
1 beef reduction,1
1 tablespoon marionberry jam,1
1 sheet mozzarella,1
1 roll parrano cheese,1
1 lb kumquat,1
1 pomegranate juice,1
1 cup celery herb stuffing,1
1 cup quince syrup,1
1 cup acorn squash seeds,1
1 cup apple barbecue sauce,1
1 cup ricotta whey,1
1 cup raspberry puree,1
1 jar great northern beans,1
1 pluot,1
1 whole-wheat hamburger buns,1
1 tablespoon cashew nuts,1
"1 tablespoon coriander, cashew nuts",1
1 tablespoon ajwa seed,1
1 lb parmesan,1
1 tablespoon butter cooking spray,1
1 cup melon seed,1
1 set red sauce,1
1 radish leaf,1
1 cup praline liqueur,1
1 cup pecans,1
1 count green chilli,1
1 g wood ear mushroom,1
1 cup candy melt,1
1 slice soft cheese,1
1 pie pastry,1
1 cup skimmed milk,1
1 cup kokum,1
1 cup chipotle in adobo,1
1 lb pulled pork,1
1 teaspoon salad dressing,1
1 inch pepper,1
1 ginger soy sauce,1
1 cup colby and monterey jack cheese blend,1
1 cup pomegranate blueberry juice concentrate,1
1 tablespoon plum butter,1
1 cup cilantro lime sauce,1
1 cube butternut squash,1
1 tablespoon sorghum molasses,1
1 tomatillo chile,1
1 piece tortilla,1
1 pack wonton dough,1
1 teaspoon moringa seed,1
1 pack potsticker,1
1 lb cutlet,1
1 kg tomatillo,1
1 cup cranberry orange relish,1
1 soy ginger dipping sauce,1
1 jar roasted garlic salsa,1
1 carrot cabbage slaw,1
1 lb turkey liver,1
1 count enchilada sauce,1
1 piece pork shoulder,1
1 whole wheat hamburger bun,1
1 oz salsa ranchera,1
1 box vanilla ice cream,1
1 pack phyllo,1
1 jar sundried tomato,1
1 quince paste,1
1 piece flour,1
1 cup quince marmalade,1
1 stalk green garlic,1
1 g meat-free chicken,1
1 pack quorn chicken tenders,1
1 g quorn sausage,1
1 cup coriander mint chutney,1
1 cup tamarind date chutney,1
1 lb sweetbread,1
1 calf brain,1
1 bunch cassava leaves,1
1 jar sausage sauce,1
1 teaspoon rajma masala,1
1 stalk ramp,1
1 sprig pepper,1
1 piece potato chips,1
1 bag grated cheese,1
1 tablespoon vegetable soup,1
1 pack instant rice,1
1 cup kidney bean stock,1
1 wedge pita,1
1 tablespoon truvia,1
1 cup damson plum preserve,1
1 oz fish bouillon,1
1 beurre blanc,1
1 cup kabocha,1
1 ginger butter,1
1 amla,1
1 tablespoon punsch liqueur,1
"1 cup cheddar cheese, pepper jack cheese, monterey jack cheese",1
1 ml artichoke,1
1 cup pickled eggs,1
1 cup meat floss,1
1 cup ranchera salsa,1
1 tablespoon pineapple salsa,1
1 lb Monterey Jack cheese,1
1 tablespoon greek yogurt dip,1
"1 salt, ground black pepper",1
1 tablespoon sherry vinaigrette,1
1 teaspoon creme fraiche,1
1 cup shredded Mexican cheese blend,1
1 hot dog buns,1
1 tablespoon shahi paneer masala,1
1 handful chili,1
1 oz nian gao,1
1 teaspoon ginseng,1
1 medlar,1
1 wedge parmesan,1
1 quart brussels sprouts,1
1 cup tarragon dressing,1
1 crab leg,1
1 tablespoon chive,1
1 teaspoon mushroom bouillon,1
1 tablespoon ginger liqueur,1
1 lb plaice,1
1 red chile salsa,1
1 pack white bean,1
1 sheet flatbread,1
1 cup cornbread crackers,1
1 slice white sandwich bread,1
1 strip carrot,1
1 piece shad roe,1
1 tablespoon dipping sauce,1
1 pack ginger,1
1 lb farro fusilli pasta,1
1 set shortcrust pastry,1
1 ml quince jelly,1
1 bunch lemon mint,1
1 piece flounder,1
1 handful fennel greens,1
1 oz mexican spice blend,1
1 teaspoon urfa chili flakes,1
1 cup sea urchin roe,1
1 Fresno chili,1
1 cup pandan juice,1
1 cup pea flowers,1
1 oz chicory,1
1 cup queso blanco,1
1 bag steak fries,1
1 cup huacatay,1
1 cup candy pebbles,1
1 kg monkfish fillet,1
1 teaspoon lemon oil,1
1 shrimp bouillon cubes,1
1 pack instant ramen,1
1 handful soybean sprouts,1
1 piece noodles,1
1 straw,1
1 quart bone broth,1
1 cup dijonnaise,1
1 pork ear,1
1 pork snout,1
1 lb liver spread,1
1 piece skate,1
"1 cheese, basil",1
1 pouch skillet sauce,1
1 pack taco sauce,1
1 cup caul fat,1
1 sandwich cookies,1
1 bottle garlic herb marinade,1
1 box tomato soup,1
1 Fritos Scoops,1
1 can fire roasted tomatoes,1
1 teaspoon southwest rub,1
1 lb pork kidney,1
1 cup western dressing,1
1 cup prawn broth,1
1 cup prawn heads,1
1 inch tart crust,1
1 piece breadsticks,1
1 piece corn husk,1
1 cup cendol,1
1 doubanjiang,1
1 lb dumpling dough,1
1 handful baby corn,1
1 oz scallions,1
1 roll brioche,1
1 cup tomato meat sauce,1
1 handful black olive,1
1 lb fennel sausage,1
1 cup cheese croutons,1
1 longganisa,1
1 teaspoon shichimi,1
1 pack herb blend,1
1 oz cherry tomato,1
1 g quorn chicken-style pieces,1
1 teaspoon chive blossoms,1
1 handful prawns,1
1 lb red meat,1
1 tablespoon rennet,1
1 set lasagna noodle,1
1 layer pork skin,1
1 piece turkey sausage,1
1 slice parmesan cheese,1
1 cup marshmallow spread,1
1 oz semolina flour,1
1 jar tomatoes,1
1 lb gyoza,1
1 tablespoon ginger garlic onion paste,1
1 cup mango pickle,1
1 set pea puree,1
1 oz fenugreek greens,1
1 sablefish,1
1 teaspoon andaliman pepper,1
1 sakura leaf,1
1 balsamic vinaigrette dressing,1
1 cup pickled red onion,1
1 lb sockeye salmon,1
1 piece salmon skin,1
1 fig leaves,1
1 cup cucumber dill sauce,1
1 cup cookie butter,1
1 cup jellyfish,1
1 teaspoon herb salt,1
1 wheat roll,1
1 g robiola cheese,1
1 cup fish fry mix,1
1 piece t-bone steak,1
1 slice brie,1
1 cup sangiovese,1
1 g white wine vinegar,1
1 g sherry vinegar,1
1 blue cheese vinaigrette,1
1 cup bun,1
1 tablespoon pemmican,1
1 tablespoon rosé wine,1
1 veal escallops,1
1 lamb rib,1
1 venison tenderloin,1
1 teaspoon rosemary salt,1
1 mint chimichurri,1
1 cube chicken breast,1
1 cup fondant icing,1
1 slab pork fat,1
1 layer meat,1
1 reduction sauce,1
1 cup roasted tomato salsa,1
1 quart ragu,1
1 dressing,1
1 soy sesame,1
1 jar mango thai sauce,1
1 pack Italian hot sausage,1
1 oz pork breakfast sausage,1
1 lb linguica sausage,1
1 pack mushroom blend,1
1 oz buttermilk cornbread mix,1
1 fiddlehead fern,1
1 inch chicken,1
1 gazpacho,1
1 lb radish greens,1
1 saveloy,1
1 pot roast seasoning,1
1 handful cucumber,1
1 cup wine syrup,1
1 cup melinjo beans,1
1 cup melinjo leaf,1
1 tablespoon fenugreek leaf,1
1 cup pecorino sardo,1
1 g pecorino sardo,1
1 cup peanut satay sauce,1
1 bottle salsa verde,1
1 jar chili verde sauce,1
1 lb flathead,1
1 bag sea salt and vinegar,1
1 lb charcoal,1
1 bunch wild garlic,1
1 tablespoon palm wine,1
1 tablespoon sambal goreng,1
1 teaspoon ginger-green chilli paste,1
1 cup Israeli couscous,1
1 piece green chutney,1
1 oz seafood stock,1
"1 cup rice, wheat, sago",1
1 cup black nightshade,1
1 cup cassava leaf,1
1 dash grapefruit bitters,1
1 jar apple juice,1
1 cup bone marrow,1
1 set marinara sauce,1
1 cup meatballs,1
1 cup turkey meatballs,1
1 handful cherry,1
"1 bunch thyme, rosemary",1
1 bunch soup vegetables,1
"1 sprig chervil, tarragon",1
1 lb shrimp heads,1
1 g kamaboko,1
1 burger sauce,1
1 cup soft cheese,1
1 lb monterey jack,1
1 pint cherry tomatoes,1
1 oz tonnarelli,1
1 piece strawberry sauce,1
1 piece lemon rind,1
1 bag tortilla strips,1
1 can condensed cheddar cheese soup,1
1 oz cheddar cheese sauce,1
1 count buttermilk biscuits,1
1 pack shredded cheese,1
1 cup roquefort dressing,1
1 cup alfalfa sprout,1
1 banh mi roll,1
1 teaspoon red yeast rice,1
1 cup white wine vinaigrette,1
1 tablespoon chai concentrate,1
1 handful sultanas,1
1 cauliflower rice,1
1 head broccoflower,1
1 tablespoon ginger and green chilli paste,1
1 hazelnut pastry dough,1
1 lb veal tongue,1
1 cup rice hull,1
1 tablespoon jalapeno juice,1
1 lb turnip cake,1
1 cup chana masala,1
1 jackfruit seeds,1
1 masa,1
1 bag chamomile,1
1 sugar pearls,1
1 quart butter lettuce,1
1 cup champagne vinaigrette,1
1 tablespoon chole masala,1
1 tablespoon flax meal,1
1 cherimoya,1
1 cup cherry sauce,1
1 cup caterpillars,1
1 bottle pinot grigio,1
1 lb ground chicken thigh,1
1 cup mushroom and olive pasta sauce,1
1 piece ramen noodle,1
1 bowl lettuce,1
1 piece sandwich buns,1
1 tablespoon white pepper oil,1
1 tablespoon splenda brown sugar blend,1
1 lb short pasta,1
1 cup chipotle adobo,1
1 sprig papalo,1
1 teaspoon tortilla soup spice blend,1
1 oz chicken demi-glace,1
1 teaspoon berbere spice blend,1
1 oz green chile sauce,1
1 oz turnip greens,1
1 herb crust,1
1 piece orange raspberry vinaigrette,1
1 lb whole wheat pizza dough,1
1 strip mozzarella cheese,1
1 oz fatback,1
1 cup tomato mozzarella sauce,1
1 teaspoon Shaoxing rice wine,1
1 g chihuahua cheese,1
1 cup ginger soda,1
1 cup cherry syrup,1
1 cup armagnac simple syrup,1
1 cup chocolate armagnac glaze,1
1 box chex,1
1 strip tomato,1
1 jar desert pepper,1
1 pint giardiniera,1
1 piece pico de gallo,1
1 pinch coriander,1
1 oz fettuccine pasta,1
1 can alfredo sauce,1
1 sheet prosciutto,1
1 teaspoon stone flower,1
1 cup port,1
1 roll sourdough bread,1
1 piece fajita marinade,1
1 cup mizithra,1
1 fennel seeds,1
1 bunch vegetable stock,1
1 chicken wing,1
1 lb beef tip,1
1 dong leaf,1
1 bunch piper sarmentosum leaves,1
1 g snails,1
1 cup water dropwort,1
1 stalk romaine lettuce,1
1 handful scallion,1
1 piece rice and naan bread,1
1 g stone flower,1
1 cup longan,1
1 tablespoon queso fresco,1
1 green salsa,1
1 oz aioli,1
1 cafe brulot sauce,1
1 piece whole wheat pasta,1
1 dirty rice,1
1 cup vanilla cake mix,1
1 cup fig vinaigrette,1
1 lb brain,1
1 round eggplant,1
1 tablespoon scallion oil,1
1 cocoa syrup,1
1 cup butterscotch caramel topping,1
1 chicken meatballs,1
1 cup buffalo,1
1 tablespoon buffalo sauce,1
1 cup nata de coco,1
1 g kabanos,1
1 pan wild garlic,1
1 zucchini flowers,1
1 g smoked bacon,1
1 g spaetzle,1
1 yellow noodles,1
1 teaspoon black walnut extract,1
1 pack waffles,1
1 buttermilk vanilla glaze,1
1 fruit compote,1
1 cup blackberry blueberry sauce,1
1 buttermilk custard sauce,1
1 tres leches sauce,1
"1 sprig rosemary, thyme",1
1 oz sourdough bread,1
1 portobello mushrooms,1
1 lb beef strip steak,1
1 cup bonito,1
1 cup peach mango salsa,1
1 teaspoon cocoa flour,1
1 caramel frosting,1
1 pint pecan,1
1 mincemeat ice cream,1
1 set zucchini,1
1 set poblano crema,1
1 set bechamel sauce,1
1 slice brisket,1
1 lb cardoon,1
1 cardoon,1
1 jar chipotle peppers in adobo,1
1 bag corn tortilla,1
1 potassium nitrate,1
1 pickled jalapenos,1
1 cup carrot cake mix,1
1 teaspoon coconut flavor,1
1 white miso dressing,1
1 bunch belgian endive,1
1 bunch carrot greens,1
1 box apple dip,1
1 set oatmeal,1
1 cup caramel ice cream topping,1
1 oz veal shoulder,1
1 ñora pepper,1
1 cup camachile,1
1 teaspoon vanilla essence,1
1 set shortbread,1
1 satsuma,1
1 lb cannelloni,1
1 count cannelloni,1
1 tablespoon red pesto,1
1 wedge cantaloupe,1
1 pack gingerbread mix,1
1 lb quahog,1
1 cup coffee beans,1
1 cup chocolate covered espresso beans,1
1 oz torrone,1
1 box chocolate wafer cookie,1
1 fresh mozzarella,1
1 cup shortbread crust,1
1 pack caramel sauce,1
1 oz lasagna,1
1 tablespoon pulao masala,1
"1 cup carrot, celery",1
1 cup smoked gouda cheese,1
1 pack peanut butter,1
1 cup chocolate-covered raisins,1
1 jar fudge sauce,1
1 tablespoon cocoa liqueur,1
1 pack marshmallow fluff,1
1 teaspoon pate,1
1 can garbanzo beans,1
1 tablespoon chana masala,1
1 cup sweet and spicy dressing,1
1 oz bottarga,1
1 box lima bean,1
1 cranberry vinaigrette,1
1 oz arbol chili,1
1 teaspoon pasilla chili pepper,1
1 cup pig blood,1
1 cup chow mein mixture,1
1 tablespoon yellow pepper sauce,1
1 pack tea biscuits,1
1 chilaca pepper,1
1 scoop peppermint ice cream,1
1 set chocolate ganache,1
1 box hot roll mix,1
1 oz croissant,1
1 grape seed oil,1
1 tablespoon chipotle oil,1
1 teaspoon chipotle oil,1
"1 monterey jack cheese, cheddar cheese",1
1 tablespoon jicama,1
1 tablespoon bittersweet chocolate sauce,1
1 handful peppermint,1
1 teaspoon cherry extract,1
1 cup chocolate creme anglaise,1
1 tablespoon amaranth flour,1
1 g glucose,1
1 g glucose syrup,1
1 oz tapioca flour,1
1 tablespoon cherry compote,1
1 malted milk candy,1
1 piece chocolate mint,1
1 set cookie filling,1
1 white chocolate buttercream frosting,1
1 jar turkey,1
1 piece youtiao,1
1 corn flour,1
1 jar habanero salsa,1
1 john dory,1
1 jar caramel sauce,1
1 cup semolina noodles,1
1 teaspoon coconut vinegar,1
1 lb mixed meat,1
1 teaspoon pepper garlic spice rub,1
1 hanger steak,1
1 cup tripe,1
1 bottle coca cola,1
1 pint cremini mushroom,1
1 tablespoon oyster crackers,1
1 Italian vinaigrette,1
1 teaspoon quatre épices,1
1 lb fondant,1
1 sugar cookie,1
1 piece candy,1
1 cup almond cream,1
1 cup old-fashioned oats,1
1 g chocolate wafer crumbs,1
1 lb cluster bean,1
1 leaf coconut,1
1 cup cleome,1
1 cup bread and butter pickle,1
1 set pico de gallo,1
1 set cilantro lime crema,1
1 cup sweet roll,1
1 cup tangelo,1
1 pack pomegranate seeds,1
1 bunch beet stems,1
1 piece salad greens,1
1 cup citrus salt rub,1
1 jar bread and butter pickles,1
1 tablespoon clementine juice,1
1 tablespoon A1 sauce,1
1 lb parmesan rind,1
1 set gravy,1
1 tablespoon creole seafood seasoning,1
1 piece salted fish,1
1 brown rice lasagna noodles,1
1 tablespoon hemp,1
1 goji berry,1
1 tablespoon butt rub,1
1 cup corn stock,1
1 lb chicken intestines,1
1 pack sweet and sour sauce,1
1 oz string cheese,1
1 count rock shrimp,1
1 cup lime dressing,1
1 pack cheddar jack cheese,1
1 quart peach,1
1 raspberry cream,1
1 raspberry puree,1
1 pea sprouts,1
1 cup vegetarian bacon,1
1 teaspoon chinkiang vinegar,1
1 teaspoon five spice seasoning,1
1 teaspoon whipped cream stabilizer,1
1 pack hot dog bun,1
1 tablespoon soju,1
1 piece noodle,1
1 piece beef stock,1
1 pack ramen seasoning,1
1 bunch napa cabbage,1
1 stir fry mix,1
1 cup papalo,1
1 teaspoon green chili powder,1
1 lb green chilies,1
1 quince jelly,1
1 cup Asian greens,1
1 cup mushroom soaking liquid,1
1 tablespoon candlenut,1
1 cup roquefort,1
1 cup lime vinaigrette,1
1 tablespoon rosemary garlic rub,1
1 cup raspberry dressing,1
1 bag ginseng,1
1 orange raspberry vinaigrette,1
1 cup dried chili salsa,1
1 cup onion and garlic,1
1 pouch brown rice and wild rice,1
1 cup flax,1
1 cashew cream,1
1 vegan cheese,1
1 set guacamole,1
1 piece rouille,1
1 bunch chicory,1
1 cup mandarin orange juice,1
1 zucchini noodles,1
1 tablespoon chorizo oil,1
1 cup abalone sauce,1
1 tablespoon fermented black bean sauce,1
1 handful sugar snap peas,1
1 piece red dates,1
1 leaf green onion,1
1 foot pork,1
1 oz baby back ribs,1
1 teaspoon ginger wine,1
1 oz brown rice spaghetti,1
1 oz bean thread noodle,1
1 oz chai powder,1
1 prawn crackers,1
1 cube ginger,1
1 slab spare ribs,1
1 can diced tomatoes with green chiles,1
1 oz chipotle salsa,1
1 inch water,1
1 lb mixed ground meat,1
1 count chipotle in adobo,1
1 piece chipotle caesar dressing,1
1 giblet,1
1 piece seaweed,1
1 cup shark fin,1
1 head choy sum,1
1 black bean garlic sauce,1
1 teaspoon glycerin,1
1 lb wiener,1
1 kofta,1
1 lb kudzu root,1
1 cup raspberry marmalade,1
1 dried orange peel,1
1 piece licorice,1
1 head mustard greens,1
1 tablespoon ginger-garlic paste,1
1 oz brown candy,1
1 teaspoon dark soy sauce,1
1 cup cuttlefish,1
1 Sichuan pepper,1
1 pizza crust mix,1
1 teaspoon chili seeds,1
1 oz Shaoxing wine,1
1 cup fermented bean curd,1
1 count potato roll,1
1 cup bacon ranch dressing,1
1 cup chocolate wafer cookies,1
1 tablespoon ketjap,1
1 count parma ham,1
1 cup poppy seed salad dressing,1
1 cup pear butter,1
1 cup maple cider vinaigrette,1
1 count ladyfingers,1
1 slice celeriac,1
1 pink grapefruit,1
1 can hatch chile,1
1 handful seaweed,1
1 tablespoon passion fruit juice concentrate,1
1 oz green bean,1
1 chili hot sauce,1
1 cup key lime zest,1
1 cup keluak nuts,1
1 cassava leaves,1
1 cup acai pulp,1
1 oz butter lettuce,1
1 set french fries,1
1 pack lemon poppy seed muffin mix,1
1 count lasagna sheets,1
1 count thyme,1
1 cup ajvar,1
1 tablespoon maple balsamic dressing,1
1 piece bamboo skewers,1
1 lb arrowroot,1
1 cup matzah meal,1
1 cup chipotle artichoke dip,1
1 bag lima beans,1
1 tablespoon arugula pesto,1
1 set arugula pesto,1
1 cup anchovy dressing,1
1 cup maple balsamic dressing,1
1 ml orange blossom oil,1
1 cup hamburger bun,1
1 can stir-fry vegetables,1
1 sesame roll,1
1 cup krupuk,1
1 cup ambarella,1
1 tablespoon mustard-mayonnaise sauce,1
1 baby potatoes,1
1 cup red leicester,1
1 cup olive vinaigrette,1
1 g vegetable blend,1
1 oz arctic char,1
1 inch apricot,1
1 oz roasted red pepper and tomato soup,1
1 chipotle crema,1
1 g chervil,1
1 handful coleslaw mix,1
1 oz smoked gouda,1
1 oz wonton wrapper,1
1 gomasio,1
1 cup yam paste,1
1 lb beef skin,1
1 g cane sugar,1
1 l balsamic vinegar,1
1 tablespoon mitsuba,1
1 bahmi goreng spice mix,1
1 cup banana flower,1
1 pack vanilla cream filling,1
1 tablespoon strawberry,1
1 cup chocolate cookie crumbs,1
1 scoop pistachio ice cream,1
1 arepa,1
1 streusel topping,1
1 cup berry sauce,1
1 lb Italian fennel sausage,1
1 piece pork rinds,1
1 cup basting sauce,1
1 teaspoon jelly,1
1 cup raclette cheese,1
1 hazelnut biscuit,1
1 cornmeal whole wheat dough,1
1 white wine vinaigrette,1
1 tater tots,1
1 tube breadsticks,1
1 set sausage casing,1
1 oz guava jam,1
1 can pate,1
1 lb rock cod,1
1 jalapeno Tabasco sauce,1
1 cup bajra,1
1 cup apple cranberry chutney,1
1 artichoke heart,1
1 salmoriglio,1
1 jar olive oil,1
1 cup beef floss,1
1 cup meat ragù,1
1 lb black pudding,1
1 tablespoon sugar snap pea,1
1 oz abalone,1
1 cup mamey coulis,1
1 cup ackee,1
1 tablespoon bitter almond,1
1 cup chocolate icing,1
1 cup managu,1
1 handful cress,1
1 tablespoon katsuobushi,1
1 oz delicata squash,1
1 oz pasta water,1
1 bird pepper,1
1 blackmouth angler,1
1 lb lung,1
1 lb heart,1
1 cup spice paste,1
1 g garlic shoots,1
1 box lasagna,1
1 cup crab fat,1
1 oz Parmigiano Reggiano,1
1 lb ancho chile,1
1 lb guajillo chile,1
1 oz aperol,1
1 cup pink lemonade concentrate,1
1 inch parmesan cheese,1
1 piece pesto,1
1 teaspoon caramel extract,1
1 jar pimiento cheese,1
1 lb slaw mix,1
1 oz egg tagliatelle,1
1 tablespoon mahlab,1
1 cup capelin roe,1
1 bar paneer,1
1 cup v-8 juice,1
1 cup tomato pesto,1
1 lb Ritz crackers,1
1 tablespoon buttermilk powder,1
1 teaspoon chicken bouillon powder,1
1 teaspoon kaffir lime leaf powder,1
1 tablespoon juice concentrate,1
1 cup bellavitano cheese,1
1 tablespoon cauliflower cheese sauce,1
1 wafer cookie,1
1 daikon radish shoots,1
1 jar balsamic vinegar,1
1 tablespoon iced tea powder,1
1 teaspoon herbs de provence,1
1 sheet sage,1
1 sheet basil,1
1 g balsamic herb dressing,1
1 tube french bread,1
1 dash brandy,1
1 cup candy chips,1
1 stick licorice,1
1 ml rye,1
1 dash maple bitters,1
1 tablespoon crème fraiche,1
1 round brie cheese,1
1 piece cranberry vinaigrette,1
1 set pecan,1
1 orange ice cream,1
1 cup applewood smoking chips,1
1 piece apricot ginger sauce,1
1 tablespoon apricot nectar,1
1 ml apricot,1
1 tablespoon morel mushroom,1
1 jar mustard mayonnaise,1
1 piece mustard vinaigrette,1
1 lavender food coloring,1
1 oz fennel syrup,1
1 tablespoon madras masala,1
1 tablespoon onion paste,1
1 paratha,1
1 cup tamarind sauce,1
1 cup plantain flour,1
1 cup jute leaf,1
1 set buttercream,1
1 teaspoon luster dust,1
1 set meatball,1
1 bottle porter beer,1
1 cup almond shortbread cookie crumbs,1
1 cup orange curd,1
1 cup pastry strips,1
1 tablespoon amchur powder,1
1 black peppercorn,1
1 lb pork chitterlings,1
1 cup pepper stir fry mix,1
1 cup hogao,1
1 kg ribbon noodles,1
1 cordial,1
1 count potato bun,1
1 tablespoon habanero,1
1 lb shad,1
1 cup gobo,1
1 rye malt,1
1 g beet sugar,1
1 tablespoon earl grey tea,1
1 cm choux pastry,1
1 cup dark chocolate fondant icing,1
1 piece pickled green chilies,1
1 lb pork intestines,1
1 cup green seasoning,1
1 count bay leaf,1
1 cup chocolate buttercream,1
1 cup bracken,1
1 piece Parmesan cheese rind,1
1 dash ginger juice,1
1 set polenta,1
1 cup chipotle honey barbecue sauce,1
1 jalapeno salsa,1
1 cup canned whole peeled tomatoes,1
1 teaspoon myrtle berries,1
1 slice turkey bologna,1
1 cup ginger syrup,1
1 jar blackberry preserves,1
1 cup mango avocado salsa,1
1 caramel pecan frosting,1
1 piece cherry pepper,1
1 oz english muffin,1
1 teaspoon olive brine,1
1 tablespoon acai,1
1 inch lemon,1
1 box raspberry yogurt,1
1 pack vegetarian burger crumbles,1
1 pack lemon instant pudding,1
1 piece bluefish,1
"1 count guajillo pepper, pasilla de Oaxaca pepper",1
1 bunch cilantro and green onions,1
1 horseradish chive bread,1
1 mixed pepper,1
1 sachet seafood boil,1
1 cup mustard sauce,1
1 piece mojo sauce,1
1 leaf celery,1
1 cup coconut whipped cream,1
1 tablespoon sichuan bean paste,1
1 handful croutons,1
1 piece soy lemon dipping sauce,1
1 lb grapefruit,1
1 teaspoon yuzu extract,1
1 handful flat-leaf parsley,1
1 chocolate chip cookie dough,1
1 oz chinese broccoli,1
1 cup apple peel,1
1 cup butterscotch hard candy,1
1 cup caramel ice cream,1
1 pumpkin seed pie crust,1
1 stalk sage,1
1 cup black glutinous rice,1
1 bunch Vietnamese coriander,1
1 ml marinara sauce,1
1 handful capers,1
1 oz cured pork,1
1 g guanciale,1
1 cup fermented vegetables,1
"1 pack broccoli, cauliflower florets",1
1 pack broccoli florets,1
1 inch broccoli rabe,1
1 lb john dory,1
1 veal breast,1
1 ml beef jus,1
1 g parmigiano reggiano,1
1 leaf margarine,1
1 kg roast beef,1
1 tablespoon absinthe,1
1 cup giblet broth,1
1 cup pickle brine,1
1 cup African oil bean,1
1 cup cranberry horseradish sauce,1
1 bar Daiya cheese,1
1 set pizza crust,1
1 cup kale pesto,1
1 tablespoon corn salsa,1
1 slice jicama,1
1 quart chocolate ice cream,1
1 pack wafer,1
1 piece onion raisin garlic compote,1
1 lb salt and pepper,1
1 cornbread crackers,1
1 handful cherry tomato,1
1 cup jaggery syrup,1
1 tablespoon suya spice,1
1 cup honey beans,1
1 oz cremini mushrooms,1
1 set dumplings,1
1 peperonata,1
1 cup espagnole sauce,1
1 g rib-eye steak,1
1 tablespoon herb garlic cream,1
1 teaspoon prawn,1
1 g beef eye fillet,1
1 teaspoon pickled turnip,1
1 count lettuce,1
1 count beef,1
1 count chives,1
1 tablespoon tex mex seasoning,1
1 cup dark lager,1
1 cup peach chipotle barbecue sauce,1
1 lb soft-shell clam,1
1 cup luffa,1
1 oz green chile peppers,1
1 vegetable bouillon cube,1
1 pack fish fry mix,1
1 oz hamburger bun,1
1 tablespoon pineapple jam,1
1 tablespoon cassava,1
1 cup baobab seeds,1
1 pack slaw mix,1
1 jar chipotle pepper sauce,1
1 cup dry rub,1
1 beef rib steak,1
1 tomato gravy,1
1 lb wild game,1
1 pecan sauce,1
1 cup ketjap manis,1
1 bag pine nut,1
1 green sauce,1
1 set hog casings,1
1 teaspoon espelette pepper,1
1 cup mussel stock,1
1 cup cacio di roma cheese,1
1 cup pinipig,1
1 tablespoon bengali 5 spice,1
1 tablespoon fondant icing,1
1 teaspoon chipotle seasoning blend,1
1 probiotic,1
1 cup fire-roasted diced tomatoes with green chiles,1
1 bison flank steak,1
1 tablespoon beef demiglace,1
1 lb bison tenderloin,1
1 cup ndole leaves,1
1 bunch bitter leaf,1
1 teaspoon grapefruit peel,1
1 candied citrus peel,1
1 box ricotta cheese,1
1 pack vegan cheddar cheese,1
1 handful avocado leaf,1
1 black currant tea,1
1 black currant,1
1 BBQ sauce,1
1 teaspoon cherry jam,1
1 handful pistachio,1
1 tablespoon mbongo,1
1 pack hush puppy mix,1
1 cup tomato relish,1
1 cup calabash,1
1 parmesan biscuit topping,1
1 biscoff cookies,1
1 quart seltzer water,1
1 lb barramundi,1
1 handful coconut,1
1 g sea bass,1
1 oz frosting,1
1 pint gooseberry,1
1 oreo crust,1
1 cup blueberry preserves,1
1 tablespoon whey protein,1
1 jar tomato and basil sauce,1
"1 pack onion, coconut",1
1 pack bruschetta,1
1 cup butterscotch sauce,1
1 pack beyond beef crumbles,1
1 lb somyeon,1
1 wedge cabbage,1
1 oz acorn squash,1
1 lb bacon drippings,1
1 purple yam,1
1 macaron,1
1 tablespoon butter lettuce,1
1 count breadsticks,1
1 shoulder chop,1
1 tablespoon dried herb rub,1
1 cup raspberry tarragon dressing,1
1 chicken apple sausage,1
1 roll yeast rolls,1
1 handful onion,1
1 lb sweet pepper,1
1 cup chicken wings,1
1 cup hard winter wheat berries,1
1 tablespoon cucumber yogurt dressing,1
1 bunch Chinese cabbage,1
1 lb squab,1
1 lemon herb dressing,1
1 waffle cup,1
1 red pepper aioli,1
1 cup corn and tomato relish,1
1 bunch tatsoi,1
1 tablespoon peach apricot jam,1
1 cup lemon buttermilk dressing,1
1 catla,1
1 cedar,1
1 cup plum salsa,1
1 count red finger chili pepper,1
1 tablespoon green hot sauce,1
1 count radish,1
1 count pepper,1
1 tortillas,1
1 bar fresh cheese,1
1 yerba santa,1
1 cup pickled turnip,1
1 cup Chinese chives,1
1 quart arugula,1
1 tablespoon okra,1
1 cup frank's redhot sauce,1
1 cup laver,1
1 quart salad mix,1
1 cup chili garlic vinaigrette,1
1 set pizza sauce,1
1 tablespoon herb paste,1
1 horseradish walnut sauce,1
1 pebre sauce,1
1 lb amberjack,1
1 teaspoon achari masala,1
1 oz shoulder chop,1
1 pint salsa verde,1
1 piece lamb shoulder,1
1 peach dressing,1
1 piece vinaigrette,1
1 bulgur wheat,1
1 cup basil vinaigrette,1
1 tablespoon ancho chili and lime seasoning,1
1 garlic herb sauce,1
1 teaspoon herb mixture,1
1 cup tomato ginger chutney,1
1 cup mustard vinaigrette,1
1 red onion relish,1
1 cup mango ginger sauce,1
1 guava glaze,1
1 tomato molasses dressing,1
1 tablespoon curry seasoning,1
1 cup balsamic cream,1
1 tablespoon blackberry preserves,1
1 lb tri-tip roast,1
1 lb tri-tip steak,1
1 bunch onion,1
1 blood orange vinaigrette,1
1 jar grapefruit,1
1 cup yuzu dipping sauce,1
1 set almond ricotta,1
1 yogurt mint sauce,1
1 smoked Gouda cheese,1
1 inch pork,1
1 slice chipotle cheese,1
1 bar cotija cheese,1
1 new york strip steak,1
1 wedge onion,1
1 oz brown sugar simple syrup,1
1 tablespoon roasted red pepper paste,1
1 pumpernickel roll,1
1 tablespoon garlic olive oil,1
1 cup pluot,1
1 sun-dried tomatoes,1
1 cup light soy sauce,1
1 raspberry vinaigrette,1
1 cup potato salad dressing,1
1 set naan,1
1 buttermilk dressing,1
1 count cubanelle pepper,1
1 pack beans,1
1 cup cilantro butter,1
1 coley,1
1 tablespoon turkey drippings,1
1 cup ginger simple syrup,1
1 cup dried tropical fruit,1
1 pack gingerbread cake mix,1
1 cup brandy-cointreau syrup,1
1 oz ginger snap,1
1 teaspoon chai masala,1
1 cup blue cheese dip,1
1 cup coffee and pepper jelly,1
1 pack black bean,1
1 pack lentil soup mix,1
1 oz rice pasta,1
"1 cup zucchini, yellow squash",1
1 bag asparagus,1
1 oz fire roasted tomatoes,1
1 cup eru leaves,1
1 handful salt,1
1 tablespoon soy protein,1
1 piece marinara sauce,1
1 set butter glaze,1
1 set powdered sugar,1
1 oz fondant,1
1 tablespoon rice semolina,1
1 jar horseradish cream,1
1 g poultry liver,1
1 speck,1
1 marsala,1
1 tablespoon vanilla pudding powder,1
1 tablespoon bahmi goreng spice mix,1
1 g red mullet,1
1 stick spring onion,1
1 bag nasi spice mix,1
1 set chocolate frosting,1
1 oz chicken bouillon,1
1 bottle General Tso's sauce,1
1 teaspoon spice mixture,1
1 cup matzo,1
1 babi ketjap seasoning,1
1 g prawn crackers,1
1 babi pangang seasoning,1
1 tablespoon egg noodles,1
1 teaspoon morel,1
1 cup mint pesto,1
1 teaspoon herb vegetable seasoning blend,1
1 teaspoon red pepper jelly,1
1 cup white chocolate liqueur,1
1 pint mint chocolate ice cream,1
1 lb grasshopper,1
1 g truffle cheese,1
1 oz dried beef,1
1 cup taramasalata,1
1 tablespoon mastic,1
1 sheet lavash,1
1 piece pita chips,1
1 cup sun-dried tomato paste,1
1 teaspoon gyros seasoning,1
1 cup crumble topping,1
1 pack pie filling,1
1 tablespoon dark chocolate chips,1
1 lb lamb rump,1
1 cup safflower,1
1 oz apricot pineapple nectar,1
1 lb portobello mushrooms,1
1 rosemary vinaigrette,1
1 cup grass jelly,1
1 teaspoon grappa,1
1 grapefruit rind,1
1 tablespoon pear juice,1
1 cup Puy lentils,1
1 piece pineapple sauce,1
1 piece plum sauce,1
1 piece chili sauce,1
1 lb oats,1
1 cup mitsuba,1
1 bunch sorrel leaves,1
1 kalamansi,1
1 cup duxelles,1
1 inch grapefruit,1
1 cup sherry vinaigrette,1
1 lemon mustard vinaigrette,1
1 oz rye,1
1 oz artichoke liqueur,1
1 oz granola,1
1 granola,1
1 cup grape skins,1
1 tablespoon sea buckthorn berry juice,1
1 Thai chili sauce,1
1 cup preserved lemon vinaigrette,1
1 l marsala,1
1 g trevally,1
1 tablespoon chai tea concentrate,1
1 cup rooibos,1
1 slice sheep milk cheese,1
1 cup white chocolate buttercream,1
1 g red pepper flakes,1
1 g ranch dressing,1
1 oz almond butter,1
1 avocado oil,1
1 teaspoon avocado oil,1
1 handful chickpeas,1
1 g shellfish,1
1 mustard seeds,1
1 piece greens,1
1 tablespoon curry mix,1
1 cup tikka masala paste,1
1 serrano chile seeds,1
1 tablespoon vadouvan,1
1 stalk sugarcane,1
1 can anaheim chile,1
1 cup malt ball,1
1 pack bean,1
1 tablespoon caraway seeds,1
1 lb nixtamal,1
1 apricot-lemon chutney,1
1 tablespoon cranberry shallot chutney,1
1 lb root vegetable,1
1 string cheese,1
1 tin bamboo shoots,1
1 ml curry gravy,1
1 bottle jerk sauce,1
1 poppy seeds,1
1 lime leaf,1
1 tamarind pulp,1
1 bunch red curry paste,1
1 bottle coconut milk,1
1 lobster butter,1
1 can nopal,1
1 cup poblano chile sauce,1
1 cup maraschino cherries,1
1 cup flower petals,1
1 tablespoon charoli seeds,1
1 g papadum,1
1 chicken korma,1
1 roll egg tofu,1
1 g almond flakes,1
1 g panettone,1
1 tablespoon tuaca liqueur,1
1 lb cold cut,1
1 tablespoon tomato tapenade,1
1 cup peach pie filling,1
1 cup garlic mushrooms,1
1 oz cooked ham,1
1 lb giblets,1
1 pack spinach pesto sausage,1
1 cup red pepper pesto,1
1 roll multigrain ciabatta bread,1
1 box flatbread mix,1
1 teaspoon pizza sauce,1
1 cup sweet cherry peppers,1
1 cup lemon pie filling,1
1 lb elbow macaroni,1
1 sponge biscuit,1
1 count mozzarella,1
1 count basil,1
1 head salad greens,1
"1 parsley, oregano",1
1 pack chicken flavor,1
1 tablespoon herb blend,1
1 inch cornmeal,1
1 pack chicken strips,1
1 cup raspberry ice cream,1
1 candlenuts,1
1 cup onion puree,1
1 goat head,1
1 cup gelato,1
1 tablespoon balsamic garlic vinaigrette,1
1 bottle balsamic basil vinaigrette,1
1 cup artichoke parmesan pesto,1
1 tin borlotti beans,1
1 can cream of chicken,1
1 jar tomato garlic pasta sauce,1
1 cup parma rosa sauce,1
1 malted milk ball,1
1 tube biscuit dough,1
1 sheet crescent dough,1
1 g breadcrumb,1
1 scallion vinaigrette,1
1 cup hatch chiles,1
1 cucumber avocado salsa,1
1 g lamb stock,1
1 g beef tendon,1
1 g chili oil,1
1 ml Shaoxing wine,1
1 piece mandarin peel,1
1 piece olive oil,1
1 g whole wheat fusilli,1
1 oz rice crackers,1
1 bag hash brown,1
1 oz hamachi,1
1 cup black cherry filling,1
1 set chocolate buttercream,1
1 pack nougat,1
1 set chocolate cookie,1
1 g praline paste,1
1 g crème fraîche,1
1 oz whole wheat elbow macaroni,1
1 teaspoon cajun spice,1
1 cup vegetable sticks,1
1 roll cinnamon,1
1 piece yellowtail collar,1
1 cup tangerine chutney,1
1 cup buttermilk biscuits,1
1 can chicken gumbo,1
1 whole wheat dinner roll,1
1 tablespoon steak and burger seasoning,1
1 thai green chili,1
1 cup watermelon seeds,1
1 bottle Guinness Stout,1
1 wheel pumpkin,1
1 banana stem,1
1 teaspoon cajun creole seasoning,1
1 set rice,1
1 tablespoon tomato jam,1
1 lb gourami,1
1 tablespoon pollock roe,1
1 bowl rice,1
1 cup black cherry jam,1
1 hatch pepper,1
1 whole-wheat sandwich rolls,1
1 puttanesca sauce,1
1 slice soy ham,1
1 bag pepper onion blend,1
1 cup bacon dressing,1
1 hot fudge sauce,1
1 tablespoon anise hyssop,1
1 jarlsberg cheese,1
1 set masa,1
1 tablespoon pink curing salt,1
1 cup chocolate pudding,1
1 egg pasta,1
1 cup strawberry rhubarb jam,1
1 tablespoon meringue,1
1 cup hominy grits,1
1 tablespoon dry milk,1
1 teaspoon lavender oil,1
1 oz green chile enchilada sauce,1
1 piece chipotle peppers in adobo sauce,1
1 pack bittersweet chocolate,1
1 duck bones,1
1 jar cherry peppers,1
1 g red chili,1
1 jar butterscotch caramel topping,1
1 pack black olive,1
1 tub crab meat,1
1 inch ice-cream cone,1
1 cup mustard glaze,1
1 tablespoon pork liver,1
1 skate,1
1 oz pecorino pepato,1
1 slice guanciale,1
1 lb poultry neck skin,1
1 onion marmalade,1
1 piece vegetable,1
1 g dijon mustard,1
1 juniper,1
1 tablespoon five pepper blend,1
1 tablespoon chicken glaze,1
1 g fish cake,1
1 oz carrots,1
1 chicken giblets and neck,1
1 cheese grits,1
1 mango avocado relish,1
1 ginger soy vinaigrette,1
1 pack cocoa powder,1
1 piece hoisin peanut dipping sauce,1
1 oz vegetable blend,1
1 piece leek,1
1 g calf liver,1
1 oz gammon,1
1 barbecue rub,1
1 cup chocolate spread,1
1 salt and white pepper,1
1 chocolate ganache frosting,1
1 piece black olive,1
1 piece olives,1
1 piece herbs,1
1 tablespoon green chilli ginger garlic paste,1
1 cup red cabbage,1
1 oz dried chipped beef,1
1 slice olive,1
1 rose hips,1
1 teaspoon sodium nitrite,1
1 lb loach,1
1 cup doughnut holes,1
1 chocolate mousse,1
1 bunch red currant,1
1 can dr pepper,1
1 count doughnut holes,1
1 cup candy decorations,1
1 g Boursin cheese,1
1 cup Monterey Jack cheese with jalapeno peppers,1
1 oz dark chocolate-covered dried cherries,1
1 tablespoon flattened rice,1
1 teaspoon curry pepper,1
1 cup curry,1
1 cup curry gravy,1
1 cup apricot lime sauce,1
1 cilantro yogurt chutney,1
1 bar goat cheese,1
1 ricotta salata,1
1 cup coriander chutney,1
1 tablespoon dal makhani masala,1
1 box chocolate brownie mix,1
1 vegan butter,1
1 cup red kidney beans,1
1 cup corn couscous,1
1 tablespoon tsuyu,1
1 tablespoon sesame sauce,1
1 cup pickled vegetable,1
1 cup dandelion leaf,1
1 cup adzuki bean,1
1 l dr pepper,1
1 cup bbq glaze,1
1 teaspoon pizza spice mix,1
1 cup dragon fruit,1
1 oz duck leg quarters,1
1 slice duck bacon,1
1 g dulce de leche,1
1 cup cocoa puffs,1
1 pack cheese sauce,1
1 teaspoon goat meat,1
1 cup cow skin,1
1 tablespoon hot cocoa mix,1
1 count raisin,1
1 oz raclette cheese,1
1 tablespoon soft icing mixture,1
1 pack earl grey tea,1
1 tablespoon screwpine water,1
1 cup pasilla chile sauce,1
1 cup pepper blend,1
1 cup potato nuggets,1
1 cup Italian dressing mix,1
1 g capicola,1
1 cup vegetable spread,1
1 handful jack cheese,1
1 cup duck breast,1
1 duck neck skin,1
1 lb snap beans,1
1 cup ewedu leaves,1
1 shot absinthe,1
1 lb lamb offal,1
1 cup cream gravy,1
1 cup chicken drumstick,1
1 lb gluten,1
1 oz rib-eye steak,1
1 tablespoon Sichuan chili bean paste,1
1 tablespoon fermented bean chili paste,1
1 duck gizzards,1
1 g bean,1
1 shot elderflower liqueur,1
1 piece spaetzle,1
1 jar black cherry preserves,1
1 pomegranate vinaigrette,1
1 oz duck fat,1
1 g duck liver,1
1 ml blackcurrant liqueur,1
1 lb chicken skin,1
1 pack papadum,1
1 quart mixed greens,1
1 bar gruyere cheese,1
1 bunch nasturtium,1
1 cup cranberry grape juice,1
1 almond cookie cup,1
1 almond tart dough,1
1 pita crisps,1
1 pack ramen noodle soup mix,1
1 cream cheese glaze,1
1 piece candied kumquat,1
1 pack cranberries,1
1 seafood boil seasoning,1
1 cup crawfish tails,1
1 tablespoon dill relish,1
1 piece remoulade sauce,1
1 cup miracle whip light dressing,1
1 cup shredded cheddar cheese,1
1 cup pepperjack cheese,1
1 oregano and salt,1
1 scoop hemp protein,1
1 tablespoon honey mustard,1
1 teaspoon roasted chili paste,1
1 oz gemelli,1
1 jar passata,1
1 cup cranberry juice cocktail concentrate,1
1 count curry leaves,1
1 cup masa flour,1
1 oz chayote,1
1 tube creamed corn,1
"1 cup onion, bell pepper, celery",1
1 piece honey butter,1
1 quart cornbread,1
1 cup poultry broth,1
1 cup pepperoncini mayo,1
1 cup hush puppy mix,1
1 cup turkish delight,1
1 cup oak chips,1
1 branch sage,1
1 cup cardoon,1
1 piece coleslaw,1
1 dill caper cream,1
1 cup saltine cracker crumbs,1
1 tub garlic cream,1
1 pack butter and herb,1
1 quart mushrooms,1
1 teaspoon stew seasoning,1
1 lb beef meatballs,1
1 cup bread roll,1
1 can picante sauce,1
1 lb cooking spray,1
1 cup Frank's RedHot Wings Sauce,1
1 tablespoon beef seasoning,1
1 oz chicken skin,1
1 lb pork crown roast,1
1 sugar snap pea,1
1 cup herb cheese,1
1 cup amasi,1
1 cornflakes,1
1 blue corn chips,1
1 slice egg,1
1 cup buttercream frosting,1
1 pack candy melt,1
1 cup corn juice,1
1 cup puy lentils,1
1 peach chutney,1
1 lb snoek,1
1 cup parmigiano reggiano cheese,1
1 spoon milk,1
1 tablespoon orange soy vinaigrette,1
1 slice cantal cheese,1
1 bunch scallions,1
1 oz verjuice,1
1 pack italian meatball blend,1
1 oz green salsa,1
1 slice lemongrass,1
1 cup cheddar cheese sauce,1
1 bourbon sauce,1
1 cup turkey smoked sausage,1
1 teaspoon kuli-kuli,1
1 cup wonton,1
1 cup dried beans,1
1 g foie gras,1
1 lemon mint,1
1 roll whole wheat sub roll,1
1 tablespoon zaatar,1
1 tablespoon chia flour,1
1 tablespoon bbq seasoning,1
1 morita chile,1
1 cup brown and wild rice,1
1 set mango salsa,1
1 tablespoon wok sauce,1
1 teaspoon basil pesto,1
1 g dried sausage,1
1 teaspoon furikake,1
1 cup Mexican cheese,1
1 tablespoon sun-dried tomato paste,1
1 ml soy oil,1
1 tablespoon lillet blanc,1
1 oz calf liver,1
1 tablespoon red onion jam,1
1 slice garlic bread,1
1 slice gouda,1
1 cup comte,1
1 cantal cheese,1
1 cup brownie batter,1
1 piece French toast mix,1
1 cup scone mix,1
1 cup apple syrup,1
1 tablespoon basil simple syrup,1
1 cup pecan butter,1
1 cup pink grapefruit,1
1 g biltong,1
1 tablespoon pepperoncini brine,1
1 slice truffle,1
1 bag stir-fry vegetables,1
1 g long grain rice,1
1 cup green chilli,1
1 g cascabel chili,1
1 oz olive oil and vinegar dressing,1
1 cup basil mayonnaise,1
1 box fish sticks,1
1 bag sweet corn,1
1 salad,1
1 cup camembert,1
1 cm pizza dough,1
1 Mexican Jack cheese,1
1 lb ground bison,1
1 cup garbanzo-fava flour,1
1 pack cream cheese frosting,1
1 can butter beans,1
1 mint leaf,1
1 lb seal,1
1 teaspoon ham bouillon,1
1 wedge parmigiano reggiano,1
1 spoon mustard,1
1 cup light brown sugar,1
1 spoon honey,1
1 cup pear puree,1
1 tablespoon apricot spread,1
1 chocolate tart shell,1
1 set cookie dough,1
1 cup chocolate malt mix,1
1 pint peppermint ice cream,1
1 lb pufferfish,1
1 piece black pudding,1
1 oz fudge sauce,1
1 lb glass noodles,1
1 cm leek,1
1 g Vasterbotten cheese,1
1 cup peanut rice,1
1 pack herb salad mix,1
1 jar garlic alfredo sauce,1
1 cube fermented tofu,1
1 set pesto,1
1 cup garlic Parmesan seasoning,1
1 oz Iberico cheese,1
1 cup maltodextrin,1
1 teaspoon natural flavor,1
1 coffee ice cream,1
1 lb frisée,1
1 handful romaine lettuce,1
1 handful grape,1
1 sweet potato biscuit,1
1 cup chipotle cream,1
1 teaspoon aleppo chili flakes,1
1 piece blue cheese dressing,1
1 slice green tomato,1
1 oz Bucheron cheese,1
1 garlic sprouts,1
1 box ice cream,1
1 lb soft shell crab,1
1 pack tempura batter,1
1 strip fruit leather,1
1 cup hot fudge topping,1
1 tablespoon hot fudge,1
1 tablespoon marshmallow syrup,1
1 teaspoon orange bitters,1
1 jar pumpkin butter,1
1 g plaice,1
1 spring roll,1
1 set sweet chili lime crema,1
1 seafood fry mix,1
1 cup gingerbread syrup,1
1 teaspoon peanut powder,1
1 count fenugreek,1
1 tablespoon lumpfish roe,1
1 lb pork brain,1
1 tablespoon egg liqueur,1
1 cup sourdough bread,1
1 teaspoon sourdough starter,1
1 leaf cocoyam,1
1 cup elderflower syrup,1
1 tablespoon elderflower syrup,1
1 elk,1
"1 bag crawfish, shrimp and crab boil",1
1 cup red enchilada sauce,1
1 piece garlic lemon crema,1
1 cup colby monterey jack cheese blend,1
1 tube tomato paste,1
1 quart whey,1
1 g salsa verde,1
1 cranberry apple compote,1
1 duck egg yolk,1
1 teaspoon calamansi zest,1
1 cup herb sauce,1
1 pack Mexican cheese,1
1 g sunflower sprouts,1
1 teaspoon aonori,1
1 tablespoon rasam powder,1
1 tablespoon mixed dried herbs,1
1 ice cream sandwich,1
1 cup mustard and molasses sauce,1
1 butter pecan ice cream,1
1 tablespoon ginger garlic puree,1
1 teaspoon salad seasoning,1
1 cup vegan bacon,1
1 tablespoon enchilada seasoning,1
1 dash apple bitters,1
1 lb bush meat,1
"1 handful mint, coriander leaves",1
1 handful mustard greens,1
1 handful egg noodles,1
1 box puff pastry cups,1
1 pinch cilantro,1
1 cup cooked filling,1
1 lb canton noodles,1
1 pack cream stabilizer,1
1 oz pork cutlet,1
1 tasmanian pepper berries,1
1 tablespoon rose bud,1
1 lb gray mullet,1
1 g baguette,1
1 jar goose stock,1
1 teaspoon ghost pepper,1
1 teaspoon anchovy oil,1
1 cup zucchini blossom,1
1 soup base,1
1 lb fiddleheads,1
1 tablespoon raspberry vinaigrette,1
1 cup plant protein,1
1 four cheese blend,1
1 cup fig paste,1
1 jar fig preserves,1
1 quart fig,1
1 cup wine reduction,1
1 lb longanisa,1
1 champagne vinaigrette,1
1 piece pecorino romano,1
1 piece porcini mushrooms,1
1 chocolate-covered espresso beans,1
1 g coconut zwieback,1
1 ball ice cream,1
1 tablespoon amaretto liqueur,1
1 tablespoon pudding powder,1
1 g mandarin orange,1
1 tiramisu,1
1 cup mala sauce,1
1 cup ant larvae,1
1 tablespoon espresso coffee,1
1 oz edible flowers,1
1 pack blueberry,1
1 cup onion marmalade,1
1 teaspoon caramel color,1
1 cup corn puff cereal,1
1 g iceberg lettuce,1
1 pack falafel,1
1 pack kale,1
1 piece balsamic vinaigrette,1
1 oz cuttlefish balls,1
1 oz cocoa liqueur,1
1 pack soft drink mix,1
1 cup vincotto,1
1 oz whole wheat linguine,1
1 pack sandwich bun,1
1 green cherry pepper,1
1 tablespoon black olive paste,1
1 cup stuffed green olive,1
1 cup meatless ground burger,1
1 l distilled spirits,1
1 pack food coloring,1
1 cup asiago parmesan cheese,1
1 kg ricotta,1
1 lb spinach ravioli,1
1 hot cocoa mix,1
1 stick watermelon,1
1 stick feta cheese,1
1 cup caramel bits,1
1 jar cucumber,1
1 teaspoon Parmesan cheese,1
1 leaf chervil,1
1 oz shrimp stock,1
1 oz demi-glace,1
1 pack gnocchetti,1
1 cup garlic spread,1
1 g capellini,1
1 ml shiitake mushroom,1
1 slice scamorza,1
1 pack Chicken Helper Fettuccine Alfredo,1
1 balsamic dressing,1
1 pack whole-wheat penne pasta,1
1 garlic spread,1
1 teaspoon matzo meal,1
1 pack garlic butter,1
1 marsala wine,1
1 roasted red peppers,1
1 bag rigatoni,1
1 roll whole wheat,1
1 cup cheese tortellini,1
1 pack savory herb garlic soup mix,1
1 artichoke hearts,1
1 Hungarian wax chili,1
1 tablespoon bone marrow,1
1 cup chicken stuffing,1
1 jar mozzarella,1
1 pack smoked beef sausage,1
1 teaspoon wheat bran,1
1 oz sour apple liqueur,1
1 cup pimento stuffed olive,1
1 g sazon seasoning,1
1 g whole wheat macaroni,1
1 cup dried tomato,1
1 pepper blend,1
1 box orecchiette,1
1 count lasagna noodle,1
"1 cup broccoli, cauliflower, carrots",1
1 oz sausage meatballs,1
1 oz porter,1
"1 oz broccoli, cauliflower, carrots",1
1 oz mirto wine,1
1 cup cream of tomato soup,1
1 oz savoy biscuits,1
1 oz grape juice concentrate,1
1 cup garlic paste,1
1 green pimento stuffed olives,1
1 gallon whey,1
1 piece lasagna noodles,1
1 pork bones,1
1 bunch Brussels sprouts,1
1 dash pepperoncini juice,1
1 pack shell pasta,1
1 cup parmigiano-reggiano cheese,1
1 tube dough,1
1 panini bun,1
1 cup garlic and herb seasoning,1
1 pint marinara sauce,1
1 slice caciocavallo cheese,1
1 jar water,1
1 pack beef luncheon meat,1
1 lb scamorza,1
1 lb taglierini pasta,1
1 cup cream of onion soup,1
1 cup Italian sauce,1
1 box rotini pasta,1
1 teaspoon apple jelly,1
1 oz bread rolls,1
1 cup artichoke oil,1
1 pack turkey bacon,1
1 cup mushroom puree,1
1 g tagliolini,1
1 jar chicken stock,1
1 g pecorino siciliano,1
1 teaspoon white grape vinegar,1
1 ml cheese sauce,1
1 cup cappelletti,1
1 l pork blood,1
"1 oz parmesan cheese, romano cheese",1
1 tablespoon arugula,1
1 oz pilchards,1
1 oz pine nuts,1
1 spaghetti noodles,1
1 cup scamorza,1
1 ditalini,1
"1 salt, red pepper flakes",1
1 tomato oil,1
1 lb soy sausage,1
1 box rotelle pasta,1
1 oz chestnut flour,1
1 cup parmesan romano cheese,1
1 ml mint,1
1 box pasta shells,1
1 cup parmesan romano asiago cheese,1
1 oz Italian cheese blend,1
1 teaspoon anisette extract,1
1 tablespoon chablis,1
1 tagliolini,1
1 lemon pie filling,1
1 g whole wheat bread,1
1 frog,1
1 pack parmesan romano asiago cheese,1
1 cup pickled hot pepper,1
1 stick cream cheese,1
1 tablespoon pesto mayonnaise,1
1 g tomato chili sauce,1
1 pack parmesan romano cheese,1
1 pizza seasoning,1
1 rigatoni,1
1 lb ground sausage,1
1 g mullet,1
1 g sole,1
1 pack lobster ravioli,1
1 cup zucchini blossoms,1
1 g sweet italian sausage,1
1 slice beef liver,1
1 cup whole wheat bow tie pasta,1
1 oz coppa,1
1 bunch mixed greens,1
1 bottle sherry,1
1 scoop pesto,1
1 teaspoon spaghetti seasoning,1
1 teaspoon amaretto extract,1
1 box meatball,1
1 scoop sticky rice,1
1 ziti,1
1 can nuts,1
1 oz popcorn,1
1 pack spinach noodles,1
1 count anchovies,1
1 pack chicken cutlet,1
1 tablespoon turkey broth,1
1 artichoke brine,1
1 jar sundried tomato and sweet basil pasta sauce,1
1 tablespoon cacio di fossa,1
1 oz white vermouth,1
1 lb bel paese cheese,1
"1 lb parmesan cheese, romano cheese",1
1 pack garlic toast,1
1 cup herb cheese spread,1
1 bag ziti,1
1 tablespoon alfredo sauce,1
1 pack Italian roll,1
1 dash tamari,1
1 bag navy beans,1
1 can tomato passata,1
"1 oz tomato sauce, garlic",1
1 cup roasted red pepper Italian parmesan dressing,1
1 box spaghettini,1
1 handful romano cheese,1
1 tablespoon coffee ice cream,1
1 slice pastrami,1
1 ml beans,1
1 lb portabella mushroom,1
1 pack bread roll mix,1
1 l pecorino cheese,1
1 ml olive,1
1 cream cheese icing,1
1 pack seasoning,1
1 pack chicken turkey sausage,1
1 oz scamorza cheese,1
1 quart brown stock,1
1 pack bow tie pasta,1
1 tablespoon brown sugar substitute,1
1 tablespoon salt substitute,1
1 cup balsamic rice wine vinegar,1
1 cup demerara sugar,1
1 cup dried figs,1
1 pack Quorn,1
1 dash xanthan gum,1
1 piece brewer's yeast,1
1 seitan,1
"1 pepper, paprika, salt",1
1 tablespoon tiger sauce,1
1 tablespoon Italian herb seasoning,1
1 jar anchovies,1
1 oz bell pepper and onion,1
1 rue,1
1 dill seed,1
1 piece pepperoni,1
1 dash arugula and parsley,1
1 lb spinach rotini pasta,1
1 oz elbow pasta,1
1 jar puttanesca sauce,1
1 oz parmesan dressing,1
1 cup candied fruit peel,1
1 g tomato basil pasta sauce,1
1 piece asiago cheese,1
1 quart grain alcohol,1
1 bag fettuccine,1
1 cup chocolate-covered coffee beans,1
1 pack spinach tortellini,1
1 wedge Swiss cheese,1
1 can refrigerated biscuits,1
1 box vanilla wafer cookies,1
1 advocaat,1
1 cup creme fraiche liqueur,1
1 shot Irish cream liqueur,1
1 jar tomato puree,1
1 g kabocha squash,1
1 slice vegetarian Canadian bacon,1
1 can four cheese spaghetti sauce,1
1 pink beans,1
1 yellow split peas,1
1 pearl barley,1
1 sachet potato,1
1 shell pasta,1
1 cup Morningstar Farms Grillers crumbles,1
1 oz sloppy joe seasoning mix,1
1 cup peppers,1
1 gallon tomato paste,1
1 bag provolone cheese,1
1 g garlic butter,1
1 lb beef braciola,1
1 can sour cherries,1
1 oz Italian bread,1
1 g garlic powder,1
1 pack whole wheat bread mix,1
1 g lasagna,1
1 teaspoon tomato basil garlic seasoning,1
1 inch basil,1
1 lb veggie burger,1
1 cup stove top stuffing mix,1
1 cm mozzarella cheese,1
1 oz bolognese sauce,1
1 tablespoon dashi powder,1
1 oz caponata,1
1 crumble topping,1
1 honeycomb,1
1 jar sweet pepper,1
1 cup pepper relish,1
1 can steak,1
1 bucket ice cream,1
1 pack soy mozzarella cheese,1
1 pack shoestring french fries,1
1 gallon mayonnaise,1
1 g four cheese sauce,1
1 oz pecorino siciliano,1
1 bag turkey meatballs,1
1 lb ground Italian sausage,1
1 cm vanilla bean,1
1 oz pepper sauce,1
1 lb sweet soppressata,1
1 oz garlic bread,1
1 box shell noodles,1
1 teaspoon curing salt,1
1 bottle balsamic vinegar,1
1 tablespoon bread enhancer,1
1 cup lecithin,1
1 tablespoon vitamin C,1
1 oz montasio cheese,1
1 tablespoon peppercorns,1
1 lb vegetarian meatballs,1
"1 parmesan cheese, pecorino romano cheese",1
1 count meatball,1
1 oz pork fatback,1
1 cabanossi,1
1 pint tomato passata,1
1 mixed beans,1
1 ml rhubarb liqueur,1
1 bunch mixed herbs,1
1 cup summer sausage,1
1 tablespoon semi-sweet chocolate,1
1 tablespoon lemonade mix,1
1 teaspoon lemon basil,1
1 oz smoked scamorza cheese,1
1 oz sweet italian sausage,1
1 cup lactose-free light cream,1
1 fromage frais,1
"1 oz parsley, cilantro",1
1 tablespoon enriched flour,1
1 oz basil pesto,1
1 sheet spinach,1
1 cup lambrusco wine,1
1 count fennel seed,1
1 pack pasta salad dressing,1
1 lb pork sirloin roast,1
1 buttercup squash,1
1 tablespoon turkey sausage,1
1 g biscotti,1
1 g lemon frosting,1
1 dash beer,1
1 stick parsley,1
1 jar tomato and basil pasta sauce,1
1 cup duck blood,1
1 tablespoon dough enhancer,1
1 cube beef,1
1 box capellini,1
1 pack colby-monterey jack cheese,1
1 cup morningstar farms crumbles,1
"1 oz prosciutto, ham",1
1 head broccoli rabe,1
1 quart ricotta,1
1 anchovy paste,1
1 oz baby clams,1
1 pack bread mix,1
1 tablespoon imitation vanilla butter and nut flavor,1
1 soda bread,1
1 g gluten-free bread mix,1
1 dried red chilies,1
1 can banana pepper,1
1 teaspoon pepperoncini juice,1
1 leek soup mix,1
1 potato bread,1
1 lb farro,1
1 cup four cheese Italian cheese blend,1
1 box tomato paste,1
1 pack elbow macaroni,1
1 cup smoked mozzarella,1
1 bottle garlic dressing,1
1 pack chicken nuggets,1
1 cipollini onion,1
1 oz cotto salami,1
1 g cranberry bean,1
1 pint artichoke,1
1 pint bell pepper,1
1 pint parmesan cheese,1
1 g durum flour,1
1 oz garlic herb sauce,1
1 oz gingerbread syrup,1
1 capicola,1
1 basting mix,1
1 tablespoon whey powder,1
1 cherry peppers,1
1 teaspoon sweet pepper,1
1 lb rotelle,1
1 pack bittersweet chocolate chips,1
1 oz lemon schnapps,1
1 pack tomato concentrate,1
1 g ostrich,1
1 ml spinach,1
1 cup montasio cheese,1
1 chicken gizzards,1
1 tablespoon ranch dip mix,1
1 ml pasta,1
1 pack escarole,1
1 bottle romano cheese,1
1 dry marsala wine,1
1 oz langostino,1
1 pack Italian cheese blend,1
1 count olives,1
1 cup lemongrass pesto,1
1 oz whole wheat pasta shells,1
1 teaspoon bittersweet chocolate,1
1 cup parmesan breadcrumbs,1
1 cup cooked ham,1
1 russet potatoes,1
1 can green anaheim chili,1
1 g black cloud ear mushroom,1
1 teaspoon hazelnut butter,1
1 oz giardiniera,1
1 bottle olive,1
1 pack butter lettuce,1
1 box whole wheat rotini,1
1 bottle salad seasoning,1
1 oz italian salad dressing,1
1 jar salad seasoning,1
1 seasoned pepper,1
1 frangelico,1
1 lb ricotta cheese,1
1 teaspoon almond,1
1 piece mixed berries,1
1 cup candied orange,1
1 g almond extract,1
1 g candied orange,1
1 tablespoon tuna oil,1
1 cup tuna oil,1
1 cup pecorino dolce,1
1 chicken bouillon cube,1
1 box israeli couscous,1
1 g beef marrow,1
1 pork rib,1
1 bag cavatelli,1
1 inch pancetta,1
1 pack squid ink pasta,1
1 pack soppressata,1
1 lb gluten flour,1
1 peppadew peppers,1
1 fontina,1
"1 cup basil, flat leaf parsley, tarragon, mint",1
1 parmesan romano cheese,1
1 pack garlic butter rice mix,1
1 bag herb stuffing mix,1
1 carnaroli rice,1
1 box cannelloni,1
1 tablespoon cress,1
1 stick bamboo shoots,1
1 chocolate liqueur,1
1 cup pecorino toscano,1
1 lb durum flour,1
1 g cassava,1
1 g soy milk,1
1 sprig lemon basil,1
1 sweet vermouth,1
1 lb custard cream,1
1 strawberry puree,1
1 lb unsweetened chocolate,1
1 piece egg whites,1
1 oz amaretto cookie,1
1 lb cookies,1
1 tablespoon mulberry,1
1 peach brandy,1
1 light cream,1
1 pack sponge cake,1
1 teaspoon espresso coffee,1
1 chocolate hazelnut cream filled wafer,1
1 teaspoon fiori di sicilia flavoring,1
1 box flour,1
1 tablespoon rose lime syrup,1
1 hot fudge,1
1 box instant pudding mix,1
1 box cheesecake instant pudding,1
1 g tootsie roll,1
1 lb ladyfingers,1
1 stick vegetable shortening,1
1 oz almond meal,1
1 pint jam,1
1 tablespoon muscat liqueur,1
1 cup butterscotch caramel sauce,1
1 tablespoon candied lemon rind,1
1 cup baileys,1
1 quart pistachio ice cream,1
1 tablespoon strega,1
1 cup semi-sweet chocolate morsels,1
1 tablespoon fruit punch,1
1 slice vanilla,1
1 tablespoon cilantro lime butter,1
1 sambuca,1
1 g agave syrup,1
1 g fig jam,1
1 lemon oil,1
1 jar chocolate sprinkles,1
1 lb parmesan cheese and pecorino romano cheese,1
1 tablespoon steak seasoning rub,1
1 cup pomegranate liqueur,1
1 kg chicken giblets,1
1 wasabi horseradish mayonnaise,1
1 oz Ritz crackers,1
1 lb appenzeller cheese,1
1 pack kaiser roll,1
1 oz veal kidney,1
1 lb lamb's lettuce,1
1 cup yellow bell pepper,1
1 oz Appenzeller cheese,1
1 teaspoon swiss cheese,1
1 oz brown gravy,1
1 cup chocolate bread,1
1 pack coconut almond frosting mix,1
1 ml red currant jam,1
1 ml orange zest,1
1 teaspoon hot cocoa mix,1
1 hazelnuts,1
1 cup boysenberry preserves,1
1 cup whole wheat cracker,1
1 oz soy chorizo,1
1 oz appenzeller cheese,1
1 oz tilsiter cheese,1
1 ribeye,1
1 g Swiss cheese,1
1 g candied citrus peel,1
1 raspberry flavoring,1
1 peppermint flavor,1
1 tablespoon lime pepper,1
1 egg bun,1
1 tablespoon jarlsberg cheese,1
1 oz fernet,1
1 oz Dubonnet,1
1 lb Gruyère,1
1 lb vacherin cheese,1
1 g vacherin fribourgeois cheese,1
1 teaspoon butter spread,1
1 cup california blend vegetables,1
1 cup double cream,1
1 box dry milk powder,1
1 jar garlic spread,1
1 cup cornichon,1
1 g veal steak,1
1 beef and onion dry soup mix,1
1 kg clam,1
1 teaspoon sun-dried tomato pesto,1
1 cup crushed red pepper sauce,1
1 cup pimento pepper paste,1
1 dash piri-piri sauce,1
1 rib chop,1
1 cup navy beans,1
1 can wax beans,1
1 dash piri piri sauce,1
1 jar mixed vegetables,1
1 piece tripe,1
1 box campanelle,1
1 teaspoon salad dressing mix,1
1 kitchen twine,1
1 tablespoon galliano,1
1 box ditalini,1
1 tablespoon corn grits,1
1 cup garlic onion scallop mix,1
1 wedge pecorino romano,1
1 oz plum tomatoes,1
1 oz durum flour,1
1 jar italian dressing,1
1 box Spanish rice and vermicelli,1
1 g candlenut,1
1 g stingray,1
1 oz herbes fines,1
1 tablespoon piri-piri pepper,1
1 cup hot pepper paste,1
1 quahog,1
1 teaspoon Portuguese chicken seasoning,1
1 tablespoon fish bouillon,1
1 oz red pepper flakes,1
1 oz chorizo sausage,1
1 turkey linguica,1
1 count bread roll,1
"1 cabbage, long beans",1
1 handful bell pepper,1
1 oz pork hock,1
1 pack chickpea,1
1 can flour,1
1 oz cavatelli,1
1 oz baby bella mushrooms,1
1 tablespoon piri-piri sauce,1
1 teaspoon sweet red pepper paste,1
1 pack almond,1
1 liquor,1
1 slice lard,1
1 can ricotta,1
1 teaspoon italian herb mix,1
1 jar ricotta,1
1 pack Italian cheese,1
1 sheet egg,1
1 bag carrot and broccoli,1
1 tablespoon truffle butter,1
1 tablespoon lemon sorbet,1
1 pack hamburger helper lasagna mix,1
1 mixed peppercorn,1
1 cup peppermint chocolate chips,1
1 oz red wine,1
1 bluefish,1
1 box portobello mushroom,1
1 oz amaretto liqueur,1
1 lb pork bone,1
1 oz mandarin orange juice,1
1 pesto alfredo sauce,1
1 quart balsamic vinegar,1
1 pack frozen stir-fry vegetables,1
1 cup truffle cream,1
1 pack lasagna,1
1 cup chicken sausage,1
1 pack vegetarian pepperoni,1
1 beef cheek,1
1 bag escarole,1
1 tablespoon sunflower sesame seed butter,1
1 box tagliatelle,1
1 tablespoon black truffle oil,1
1 oz beef ravioli,1
1 cup soybean oil and olive oil blend,1
1 piece veal bones,1
1 bag cannellini beans,1
1 lb neck bones,1
1 lb turkey hot Italian sausage,1
1 sweet italian dressing,1
1 leaf escarole,1
1 oz whole wheat bread dough,1
1 cup caesar salad mix,1
1 oz robolia cheese,1
1 teaspoon olive tapenade,1
1 piece processed cheese,1
1 tablespoon sugar substitute,1
1 pack lamb,1
1 oz mushroom sauce,1
1 bag beef ravioli,1
1 cup pickling brine,1
1 cup sharp cheddar cheese,1
1 cube cheese,1
1 lb whole wheat fusilli,1
1 ml alfredo sauce,1
1 tablespoon sauternes wine,1
1 sweet chile pepper,1
1 tablespoon vegan butter spread,1
1 cup vegetable protein,1
1 kg t-bone steak,1
1 cup dry marsala,1
1 pint alcohol,1
1 tablespoon pepperoni,1
1 g ziti,1
1 oz tortiglioni,1
1 teaspoon anise seed oil,1
1 cup Fresno chili pepper,1
1 lb veal liver,1
1 oz red pepper alfredo sauce,1
1 cup seed oil,1
1 oz garlic sauce,1
1 lb cappellini,1
1 g beer,1
1 g buckwheat,1
1 tablespoon sweet pepper flakes,1
1 ml Italian dressing,1
"1 oregano, thyme, basil, parsley, rosemary",1
1 pack pork neck bones,1
1 vegan Italian sausage,1
1 cup mushroom garlic pasta sauce,1
1 quart lemon juice,1
1 cured meat,1
"1 cup basil, spinach, escarole",1
1 pack ground sausage,1
1 oz goat mozzarella cheese,1
1 ml turkey broth,1
1 kg cranberry bean,1
1 oz tomato cream sauce,1
1 cup shredded mozzarella and provolone cheese,1
1 slice turkey pepperoni,1
1 cup bucatini,1
1 lb brown rice pasta,1
1 oz cheese ravioli,1
1 lb candied fruit,1
1 gallon pinto beans,1
1 chocolate biscuit,1
1 g hazelnut wafer biscuits,1
1 tablespoon amaretti,1
1 oz chips,1
1 cup bitter orange preserves,1
1 pint pistachio ice cream,1
1 box biscuit,1
1 dash grappa,1
1 g tiger nuts,1
1 g maple syrup,1
1 g apple cider vinegar,1
1 limoncello,1
1 wafer paper,1
1 count macaroon,1
1 count ladyfinger,1
1 ml potato starch,1
1 ml grain alcohol,1
1 teaspoon dark chocolate,1
1 handful dried fruit,1
1 cup coconut macaroon,1
1 gallon vanilla ice cream,1
1 oz soybean oil,1
1 jar chocolate hazelnut spread,1
1 box biscuit mix,1
1 maple,1
1 lb orange marmalade,1
1 g violet,1
1 oz devil's food cake mix,1
1 tablespoon nut liqueur,1
1 whipped dessert topping,1
1 oz graviera,1
1 cup plant-based milk,1
1 vanilla liqueur,1
1 tablespoon spaghetti,1
"1 oregano, basil, garlic powder",1
1 teaspoon whipped cream,1
1 cup almond macaroon crumbs,1
1 g ammonium carbonate,1
1 oreo cookie crust,1
1 cup amaretto liqueur,1
1 bag powdered sugar,1
1 tablespoon candied orange,1
1 gallon black-eyed peas,1
1 cup plum tomatoes,1
1 cup artichoke aioli,1
1 count bread,1
1 cup oil and vinegar,1
1 ml half and half,1
1 pint fig preserves,1
1 l tomato passata,1
1 lemon thyme,1
1 teaspoon tomato salsa,1
1 bag kale,1
1 pint pizza sauce,1
1 slice robolia cheese,1
1 ml seed oil,1
1 oz pecorino pepato cheese,1
1 tablespoon white sauce,1
1 oz marzipan paste,1
1 bottle pesto,1
1 slice gorgonzola,1
1 baby squash,1
1 piece artichoke,1
1 cup black olive paste,1
1 cup stracchino cheese,1
1 g vanilla pudding,1
1 inch anchovy paste,1
1 cup mozzarella cheese and provolone blend,1
1 oz tenderloin,1
1 oz caciocavallo,1
1 fish seasoning,1
1 jar caesar dressing,1
1 lemon sorbet,1
1 oz candied citrus peels,1
1 minced meat,1
1 bottle ice cream topping,1
1 slice sweet pepper,1
1 teaspoon beef,1
1 spoon basil,1
1 spoon dill,1
1 spoon oregano,1
1 pack pesto sauce,1
1 oz rib eye,1
1 dash vodka,1
1 jar four cheese pasta sauce,1
1 cup spinach tortellini,1
1 oz habanero pepper cheese,1
1 tablespoon caciocavallo cheese,1
1 pack rye crackers,1
1 oz hazelnut meal,1
1 lb juniper berries,1
1 oz flaxseed,1
1 oz buckwheat,1
1 g speculaas,1
1 dash cocoa,1
1 lb spelt flour,1
1 slice rye toast,1
1 ml lemon balm,1
1 red currant,1
1 g coconut butter,1
1 l strawberry juice,1
1 maple flavoring,1
1 g candied citron peel,1
1 cream liqueur,1
1 piece Lindor truffles,1
1 oat milk,1
1 oz zwieback,1
1 g lingonberry,1
1 cup rhubarb jam,1
1 fruit cocktail,1
1 teaspoon caper brine,1
1 bottle apple cider vinegar,1
1 quart bread crumbs,1
1 g German chocolate cake mix,1
1 teaspoon raspberry essence,1
1 tablespoon pork drippings,1
1 quart yellow beans,1
1 teaspoon cocktail sauce,1
1 oz coconut pecan frosting,1
1 potato dumplings,1
1 cup knockwurst,1
1 can carbonated water,1
1 teaspoon cranberry jam,1
1 lb dried cherries,1
1 vitamin C,1
1 stalk cardoon,1
1 cup woodruff,1
1 pack buttermilk biscuit,1
1 quart beet,1
1 g speculoos cookie crumbs,1
1 orange flavor,1
1 g walnut oil,1
1 l berries,1
1 cup candy sprinkles,1
1 quart fish,1
1 vermouth,1
1 l black currant leaf,1
1 artichoke aioli,1
1 bunch lavender,1
1 oz morels,1
1 count rye bread,1
1 oz microgreens,1
1 nasturtium blossoms,1
1 butter flavor,1
1 l rhubarb,1
1 lb nokkelost cheese,1
1 l blueberries,1
1 bottle sesame seeds,1
1 scoop coffee,1
1 oz ham stock,1
1 g veal liver,1
1 pint whole wheat flour,1
1 jar red pepper pesto,1
1 l almond,1
1 apricot brandy,1
1 cointreau,1
1 cup whole grain cereal flake,1
1 teaspoon remoulade,1
1 cup pesto sauce,1
1 tablespoon lingonberry preserves,1
1 cube ham,1
1 ml macaroni,1
1 havarti cheese,1
1 l cabbage,1
1 l rice,1
1 slice American cheese,1
1 teaspoon cucumber,1
1 g vienna sausage,1
"1 mustard, cress",1
1 lb vienna sausages,1
1 l berry juice,1
1 l lingonberry,1
1 ml wheat bran,1
1 tablespoon aquavit,1
1 pint port wine,1
1 pint ham stock,1
1 oz gravy,1
1 teaspoon ginger ale concentrate,1
1 piece rutabaga,1
1 cm lemon zest,1
1 cup barley malt,1
1 oz handkäse,1
1 tablespoon gravy flavoring,1
1 tablespoon sorrel,1
1 tablespoon salad burnet,1
1 handful oatmeal,1
1 box spaetzle,1
1 oz bay leaf,1
1 cup m&m's,1
1 can ravioli,1
1 g cookies,1
1 ml malt,1
1 bar lard,1
1 lb game meat,1
1 bunch lemon balm,1
1 oz hot roll mix,1
1 ml hefeweizen,1
1 bag blood orange tea,1
1 agave syrup,1
1 cup hard white flour,1
1 can frankfurter,1
1 oz new potatoes,1
1 cube meat stock,1
1 ml strawberry puree,1
1 cup chocolate coconut topping,1
1 oz lemon pudding,1
1 pack dark chocolate,1
1 oz vanillin,1
1 kg boar,1
1 tablespoon riesling wine,1
1 pint black tea,1
1 jar cabbage,1
1 g pudding powder,1
1 chocolate coating,1
1 dash jagermeister,1
1 cup onion mushroom soup mix,1
1 pint marshmallow creme,1
1 lb bockwurst,1
1 cup tomato flour,1
1 cup black cherry preserves,1
1 quart Brussels sprouts,1
1 cup coconut pecan frosting,1
1 l skim milk,1
1 grape juice,1
1 g cervelat,1
1 veal foot,1
1 g deer liver,1
1 garlic pickles,1
1 lb stollen,1
1 cup honey mustard barbecue sauce,1
1 fruit preserve,1
1 chocolate pudding powder,1
1 oz goat milk,1
1 lb fries,1
1 pork head,1
1 pack turkey giblets,1
1 lb candied citron peel,1
1 oz oxtail,1
1 quart clams,1
1 teaspoon whipped topping,1
1 oz lamb shank,1
1 white sausage,1
1 jar carrot,1
1 jar celery,1
1 tablespoon celeriac,1
1 cup chicken apple sausage,1
1 lb beef wiener,1
1 pack german chocolate cake mix,1
1 lb pork suet,1
1 sheep casing,1
1 pack cake decorating gel,1
1 head sauerkraut,1
1 baking wafers,1
1 cup gluten free baking mix,1
1 oz mixed herbs,1
1 tablespoon quark,1
1 tablespoon almond halves,1
1 pumpernickel bun,1
1 tablespoon marzipan,1
1 hot roll mix,1
1 piece flank steak,1
1 lb whipping cream,1
1 cup hot dog,1
1 g quince jelly,1
1 lb carob,1
1 kg quark,1
1 l powdered sugar,1
1 kg mixed berries,1
1 woodruff,1
1 almond flavor,1
1 kg honey,1
1 kg hazelnut,1
1 quart clam juice,1
1 duck liver,1
1 pork fatback,1
1 lb cameros cheese,1
1 dash caster sugar,1
1 pinch rice,1
1 bag roman beans,1
1 tablespoon serrano ham,1
1 tablespoon shallots,1
1 tablespoon salami,1
1 Spanish rice,1
1 teaspoon chipotle lime rub,1
1 pan cornbread,1
1 oz pimento,1
1 confectioners' sugar,1
1 inch candied orange peel,1
1 g cookie crumbs,1
1 sheet serrano ham,1
1 tablespoon blackberry brandy,1
1 green-lipped mussel,1
1 cup cherry brandy liqueur,1
1 tablespoon sweet sherry,1
1 oz Mahon cheese,1
1 piquillo peppers,1
1 l sparkling wine,1
1 pint club soda,1
1 cup corn muffin mix,1
1 can cranberry juice,1
1 box rice pilaf,1
1 bunch grapes,1
1 ml cava,1
1 cup sweet paprika,1
1 dandelion blossoms,1
1 cup hazelnuts,1
1 box Spanish rice,1
1 butifarra,1
1 cup licor 43,1
1 kg cockles,1
1 chocolate milk,1
1 ml strawberry jam,1
1 l black currant juice,1
1 shot Tabasco sauce,1
1 teaspoon citrus peel,1
1 cup infant formula,1
1 tablespoon Louisiana pepper sauce,1
1 dash cheddar cheese,1
1 ml bacon,1
1 ml turnip,1
1 ml asparagus,1
1 ml cajun seasoning,1
1 ml marjoram,1
1 quart maple syrup,1
1 tablespoon graham cracker,1
1 maraschino juice,1
1 box cod,1
1 pack raspberry gelatin,1
1 ml pineapple,1
1 can broccoli,1
1 ml jalapeno jelly,1
1 inch blue cheese,1
1 can orange,1
1 oz seal meat,1
1 jar sweet potato,1
1 cup basil vinegar,1
1 can fruit filling,1
1 piece instant mashed potatoes,1
1 l barley flour,1
1 pack crowder peas,1
1 ml apple wine vinegar,1
1 tablespoon plum marmalade,1
1 butter cookie dough,1
1 fructose,1
1 lb bryndza cheese,1
1 cream of wheat,1
1 g fat,1
1 quart consomme,1
1 piece bread rolls,1
1 l pickle,1
1 pint egg yolk,1
1 slice eidam cheese,1
1 cup sauerkraut juice,1
1 cup peach butter,1
1 sauerkraut juice,1
1 frozen rolls,1
1 teaspoon invert sugar,1
1 kg bread,1
1 l grape juice,1
1 cup orange muscat wine,1
1 oz pickles,1
1 slice rye,1
1 gallon grain alcohol,1
1 cup fruit syrup,1
1 g reindeer meat,1
1 tablespoon pork gravy,1
1 lb grapes,1
1 ml rye flour,1
1 ml aquavit,1
1 l whipped cream,1
1 cup strawberry skyr yogurt,1
1 count butter clams,1
1 count razor clam,1
1 yellow wax pepper,1
1 bottle dry rosé wine,1
1 culantro,1
1 lb beef testicles,1
1 l lobster stock,1
1 inch sausage,1
1 slice roquefort cheese,1
1 inch cauliflower,1
1 lamb liver,1
1 lamb's lettuce,1
1 kg reindeer meat,1
1 ml pearl barley,1
"1 teaspoon lemon extract, bitter almond extract",1
1 cup sweet pickle,1
1 tablespoon dill and chives,1
1 teaspoon smoked sea salt,1
1 ml red currant jelly,1
1 oz blackcurrant,1
1 cup lingonberry jelly,1
1 quart beef bouillon,1
1 strip potato,1
1 bunch fennel,1
1 lb dandelion greens,1
1 kg rutabaga,1
1 lamb breast,1
1 dash whipped cream,1
1 rapeseed oil,1
1 tablespoon instant yeast,1
1 dash habanero sauce,1
1 g dry cured ham,1
1 cup saffron rice,1
1 pack candy coating,1
1 pack sofrito,1
1 oz vegan chorizo,1
1 oz torta del casar,1
1 can green chili peppers,1
1 can sofrito,1
1 bratwurst bun,1
1 cup onion pepper blend,1
1 veal stock,1
1 dash turbinado sugar,1
1 g fig compote,1
1 lb cabra al vino cheese,1
1 sheet salmon,1
1 piece calamari,1
1 pack mexican rice and pasta mix,1
1 shellfish,1
1 cup shredded colby-monterey jack cheese,1
1 can banana orange juice concentrate,1
1 lb cremini mushrooms,1
1 stick sausage,1
1 g sofrito,1
1 salmon roe,1
1 romanesco,1
1 cup annatto seeds,1
1 frozen vegetables,1
1 count hazelnut,1
1 lb black olives,1
1 g padron pepper,1
1 teaspoon seasoned pepper,1
1 lb tasso ham,1
1 lb green pea,1
"1 lb monkfish, halibut",1
1 pack chicken rice pilaf mix,1
1 rye crisp,1
1 g curd cheese,1
1 oz peach nectar,1
1 cup orange mango juice,1
1 quart sherry,1
1 bottle cava wine,1
1 cup manzanilla olives,1
1 oz smoked oysters,1
1 count roll,1
1 count herring,1
1 bunch woodruff,1
1 pack herb and garlic soup mix,1
1 oz Leerdammer cheese,1
1 cup sbrinz cheese,1
1 tablespoon ham fat,1
1 edam cheese balls,1
1 box chicken soup mix,1
1 dash beef extract,1
1 oz mint chocolate liqueur,1
1 slice liverwurst,1
1 dutch rusks,1
1 oz meatloaf seasoning mix,1
1 tablespoon speculaas spice,1
1 g tia maria,1
1 teaspoon strawberry flavor,1
1 handful vermicelli,1
1 buckwheat flour,1
1 g edam cheese,1
1 lb flat noodles,1
1 oz sprouts,1
1 oz celery seed,1
1 l flour,1
1 oz peach liqueur,1
1 g cane syrup,1
1 ml bouillon,1
1 oz berry juice,1
1 bottle molasses,1
1 bag sweet peas,1
1 cup mixed dried fruit,1
1 cup mint chocolate liqueur,1
1 tablespoon mint chocolate liqueur,1
1 tablespoon light corn syrup,1
1 lb corn flakes,1
1 granola bar,1
1 calf tongue,1
1 tablespoon vegetable bouillon granules,1
1 tablespoon sambal bajak,1
1 lb head cheese,1
1 cup ground veal,1
1 teaspoon cardamom extract,1
1 l mutton broth,1
1 tablespoon piccalilli,1
1 roll rye,1
1 cup beef bouillon cubes,1
1 cup maggi seasoning,1
1 kg beef rump steak,1
1 piece top round,1
1 cup dark beer,1
1 baking chocolate,1
1 beef dripping,1
1 oz apple pucker,1
1 lb gummy worms,1
1 oz steel cut oats,1
1 oz wheat germ,1
1 oz root beer extract,1
1 lb cane sugar,1
1 pack lime jelly powder,1
1 teaspoon root beer concentrate,1
1 tablespoon beet horseradish sauce,1
1 tablespoon maraschino liqueur,1
1 chocolate mint cookies,1
1 teaspoon chocolate mint extract,1
1 ml sour milk,1
1 can baileys irish cream,1
1 gallon mint chocolate chip ice cream,1
1 cup blackcurrant concentrate,1
1 oz irish cream,1
1 pint condensed milk,1
1 lb m&ms,1
1 cup oatmeal squares cereal,1
1 oz raspberry vodka,1
1 pint onion,1
1 quart bell pepper,1
1 gallon black beans,1
1 quart parsnip,1
1 vegan sausage,1
1 bag mint chocolate chips,1
1 quart coffee,1
1 piece dinner roll dough,1
1 pack stove top stuffing mix,1
1 bag vanilla chips,1
1 oz chartreuse,1
1 garlic ketchup,1
1 oz butter beans,1
1 mustard glaze,1
1 g vegan bacon,1
1 l Southern Comfort,1
1 oz cockles,1
1 ml molasses,1
"1 dash cinnamon, nutmeg",1
1 oz pie crust mix,1
1 oz pickling spice,1
1 spaghetti sauce mix,1
1 l bechamel sauce,1
1 cup balsamic glaze,1
1 g nduja,1
1 bag stuffing mix,1
1 oz candied lemon peel,1
1 oz pizza dough mix,1
1 oz yellow pepper,1
1 bag meatballs,1
1 jar oyster,1
1 oz tagliolini,1
1 slice radicchio,1
1 can crescent rolls,1
1 honey mustard sauce,1
1 bottle pesto salad dressing,1
1 box creole rice mix,1
1 oz fried onions,1
1 tablespoon vegetable juice,1
1 cup parmesan peppercorn salad dressing,1
1 chicken coating mix,1
1 box ravioli,1
1 lb olives,1
1 slice anchovies,1
1 stalk heart of palm,1
1 mussel broth,1
1 jar pickled cherry peppers,1
1 cup fig spread,1
1 tablespoon caciocavallo,1
1 cup sweetened coconut flakes,1
1 pack oregano,1
1 pack chives,1
1 pack dill,1
1 quart fat,1
1 inch processed cheese,1
1 tablespoon peppers,1
1 orange leaf,1
1 pack spaghetti sauce seasoning,1
1 pack meat loaf seasoning,1
1 cup plum butter,1
1 pack butter cookies,1
1 slice beef round,1
1 piece chives,1
1 oz italian seasoning,1
1 tablespoon jambalaya seasoning,1
1 kg powdered sugar,1
1 tablespoon maple flavor,1
1 l sauerkraut,1
1 lb veal foot,1
1 count pork sausage,1
1 can sauerkraut juice,1
1 cup mashed potato flakes,1
1 g american cheese,1
1 spoon cheeseburger macaroni,1
1 zest,1
1 slice kielbasa,1
1 lemon essential oil,1
1 quart sauerkraut juice,1
1 tablespoon pork seasoning,1
1 pack pork coating mix,1
1 ml black currant liqueur,1
1 oz white chocolate pudding,1
1 cinnamon rolls,1
1 caramel icing,1
1 pack apple tart mix,1
1 pack knockwurst,1
1 pack polish sausage,1
1 lb jam,1
1 gallon cucumber,1
1 pack hog casings,1
1 oz beeswax,1
1 tablespoon carnauba wax,1
1 cup beeswax,1
1 fish bones,1
1 sharp cheddar cheese,1
1 lemon dill seasoning,1
1 ml garlic powder,1
1 stalk lovage,1
1 bovril,1
1 tablespoon mountain ash berries,1
1 oz grain alcohol,1
1 oz orange extract,1
1 lb pierogi,1
1 plum jam,1
1 tablespoon rose hips,1
1 tablespoon hawthorn,1
1 tablespoon elderberry,1
1 tablespoon raspberry leaf,1
1 cup crushed red pepper,1
1 pack sugar cookie dough,1
1 oz pork drippings,1
1 cup semi-sweet chocolate chips,1
1 box chocolate instant pudding,1
1 bottle chocolate shell,1
1 pack peanut butter cups,1
1 english toffee,1
1 tablespoon irish cream,1
1 oz cookie crumbs,1
1 cup Frangelico,1
1 black currant jelly,1
1 black food coloring,1
1 cup fruit sauce,1
1 teaspoon baileys irish cream,1
1 pack vanilla wafer cookie,1
1 g banana chips,1
1 box sugar,1
1 tablespoon Baileys Irish Cream,1
1 tablespoon cornflakes,1
1 tablespoon pear preserves,1
1 cup irish cream liqueur,1
1 scoop lemon sorbet,1
1 pack quick bread mix,1
1 box whipped cream,1
1 teaspoon blueberries,1
1 cup chipotle barbecue sauce,1
1 neufchatel cheese,1
1 g dubliner cheese,1
1 scoop cream,1
1 inch sponge cake,1
1 dash liqueur,1
1 can broccoli cheddar cheese soup,1
1 oz spring onion,1
1 tablespoon meat drippings,1
1 bag Irish moss,1
1 layer cake,1
1 g smoked haddock,1
1 g wheat germ,1
1 cup irish liqueur,1
1 lb sweetened condensed milk,1
1 lb oreo cookies,1
1 tablespoon baileys caramel irish cream,1
1 cup enriched flour,1
1 pack peppermint candy,1
1 pint lemon curd,1
1 g rye bread,1
1 saffron broth,1
1 beurre manie,1
1 ml white sparkling wine,1
1 tablespoon ham soup base,1
1 pork fat,1
1 tablespoon parsnip,1
1 teaspoon butter pecan flavoring,1
1 tablespoon sweet and sour chili sauce,1
1 lb herbs,1
1 teaspoon gingerbread seasoning,1
1 g flax seed,1
1 cup candied citrus peel,1
1 oz angelica,1
1 waffle cookie,1
1 lemon pepper seasoning,1
1 gallon cottage cheese,1
1 g turkey bacon,1
1 semolina flour,1
1 brown mustard,1
1 bottle riesling wine,1
1 oz bologna,1
1 tablespoon beef and onion soup mix,1
1 tablespoon ham broth,1
1 slice caraway seed,1
1 cup red pepper relish,1
1 pint meat stock,1
1 slice pork belly,1
1 slice brick cheese,1
1 tablespoon beer vinegar,1
1 lb hickory chips,1
1 quart pear,1
1 tablespoon green pepper flakes,1
1 bunch savory,1
1 slice onion rye bread,1
1 g wax bean,1
1 cup vanilla wafer cookies,1
1 pack chocolate muffin mix,1
1 can kale,1
1 g bacon drippings,1
1 oz poppy seed,1
1 scoop chocolate protein powder,1
1 teaspoon chocolate flavoring,1
1 Italian herbs,1
1 hard cider,1
1 jar almond,1
1 oz m&m's,1
1 jar american cheese,1
1 can malt syrup,1
1 oz meadowsweet,1
1 oz agrimony,1
1 oz raspberry leaf,1
1 cup milk chocolate covered raisins,1
1 cup dark ale,1
1 pint mint chocolate chip ice cream,1
1 tablespoon american cheese,1
1 cup whiskey cream liqueur,1
1 oz Irish Mist,1
1 tablespoon chocolate milk,1
1 gallon lime sherbet,1
1 tablespoon Irish whiskey,1
1 tablespoon salt pork,1
1 oz cabbage and carrot,1
1 teaspoon chartreuse,1
1 dash creme de menthe,1
1 g beef kidney,1
1 g beef drippings,1
1 pint sparkling water,1
1 walnuts,1
1 oz licorice root,1
1 jar almond paste,1
1 shot blue maui schnapps,1
1 dash lemon-lime,1
1 jar sprinkles,1
1 inch white pudding,1
1 inch blood pudding,1
1 cup cherry soda,1
1 tablespoon baileys irish cream liqueur,1
1 cup turkey gizzard,1
1 can black bean dip,1
1 oz sarsaparilla,1
1 slice blood sausage,1
1 pack batter mix,1
1 skewer,1
1 oz St-Germain liqueur,1
1 cup matcha,1
1 cup Irish Mist,1
1 butcher's twine,1
1 oz sassafras root,1
1 g pastry,1
1 dash ginger ale,1
1 oz cookie dough syrup,1
1 kool-aid drink mix,1
1 l carrot,1
1 oz paraffin wax,1
1 lb calf brain,1
1 oz cream of onion soup,1
1 cup corn and peas,1
1 cup wine cooler,1
1 leaf phyllo pastry,1
1 coffee mate,1
1 chocolate wafer crumbs,1
1 pack pistachio instant pudding,1
1 cup smoked paprika,1
1 oz pistachio pudding mix,1
1 l lime sherbet,1
1 inch salami,1
1 oz orange roughy,1
1 tablespoon corned beef,1
1 ml ginger beer,1
1 l cream soda,1
1 oz peppermint syrup,1
1 bottle stout beer,1
1 jar maraschino cherries,1
1 quart soft drink,1
1 pack ale,1
1 lime sherbet,1
1 cup dried currants,1
1 bunch bay leaf,1
1 pack mesquite sauce,1
1 teaspoon black currant jam,1
1 stick rosemary,1
1 lb caramel malt,1
1 lb wheat flakes,1
1 can cream soda,1
1 box apple juice concentrate,1
1 cup butterscotch syrup,1
1 beef filet,1
1 handful nettles,1
1 oz habanero cheese,1
1 lb graham cracker,1
1 teaspoon lemongrass and chili spice mix,1
1 oz marrowfat peas,1
1 tablespoon orange whiskey marmalade,1
1 piece perch,1
1 cup club crackers,1
1 teaspoon soup base,1
1 can pea,1
1 eclair shells,1
1 g beef extract,1
1 fennel shoots,1
1 ml lavender oil,1
1 egg custard,1
1 quart ale,1
1 cup crabapple,1
1 tablespoon citrus fruit oil,1
1 teaspoon biryani spice mix,1
1 biryani spice mix,1
1 spoon arrowroot,1
1 pack whipped dessert topping,1
1 oz black cherry,1
1 cup pineapple ice cream,1
1 pint brown ale,1
1 oz goose fat,1
1 cup plum puree,1
1 suet,1
1 l vegetable soup mix,1
1 alum,1
1 oz drink mix,1
1 cup elderflower cordial,1
1 oz mace,1
1 gumdrop,1
1 goose liver,1
1 strip grapefruit zest,1
1 slice zest,1
1 cup rice pudding,1
1 g cheese sauce,1
1 ml nut oil,1
1 ml sage,1
1 oz cloves,1
1 veal kidney,1
1 pack cheesecake instant pudding,1
1 g malt extract,1
1 ml brown ale,1
1 teaspoon sweet vermouth,1
"1 mace, clove",1
1 oz candied pear,1
1 cup grand marnier,1
1 pack tuna,1
1 lb rose hips,1
1 oz cereal,1
1 smoked haddock,1
1 cup wholemeal flour,1
1 sprig angelica,1
1 kg monkfish,1
1 inch mozzarella cheese,1
1 teaspoon blueberry preserves,1
1 tablespoon lavender sugar,1
1 lavender sugar,1
1 g pork back fat,1
1 sprig lemon peel,1
1 pack digestive biscuit,1
1 slice beef round steak,1
1 pork broth,1
1 can almonds,1
1 tablespoon red onion marmalade,1
1 piece vanilla sponge cake,1
1 can custard,1
1 teaspoon strawberry jelly,1
1 oz ginger wine,1
1 oat cracker,1
1 banger sausage,1
1 can strawberry,1
1 tablespoon jasmine blossoms,1
1 box double cream,1
1 pint bourbon,1
1 oz Stilton cheese,1
1 cup pimm's liqueur,1
1 teaspoon coconut flour,1
1 ml armagnac,1
1 pack raspberry jelly,1
1 oz custard powder,1
1 cheese and chive dumplings,1
1 g nut butter,1
1 cup monosodium glutamate,1
1 teaspoon Benedictine,1
1 cup rotisserie chicken,1
1 can gravy,1
1 swiss roll,1
1 oz beet juice,1
1 oz toffee syrup,1
1 oz vanilla coffee syrup,1
1 head elderflower,1
1 handful rose petal,1
1 oz lancashire cheese,1
1 tablespoon apricot puree,1
1 g corn syrup,1
1 teaspoon ice,1
"1 lemon, mango chutney",1
1 cream and milk,1
1 teaspoon ricotta,1
1 cube ham stock,1
1 cup salt substitute,1
1 ml chili garlic sauce,1
1 can portobello mushroom,1
1 oz treacle,1
1 chokecherry syrup,1
1 teaspoon gravy mix,1
1 jar three cheese spaghetti sauce,1
1 pint sloe,1
1 pint gin,1
1 ml elderflower cordial,1
1 pint lamb gravy,1
1 teaspoon blackberry liqueur,1
1 pack raspberry swiss roll,1
1 veal bone,1
1 stalk tarragon,1
1 cup ginger wine,1
1 tablespoon mead,1
1 beef suet,1
1 teaspoon English mustard,1
1 minestrone,1
1 pint raspberry ice cream,1
1 bunch radish sprouts,1
1 cup grape nuts,1
1 oz lamb kidneys,1
1 gallon safflower oil,1
1 g lavender syrup,1
"1 tablespoon parsley, thyme, lemon balm, chives",1
1 g button mushroom,1
1 teaspoon rub,1
1 oz red currant jelly,1
1 pimm's liqueur,1
1 oz meat stock,1
1 lb grits,1
1 inch flank steak,1
1 tablespoon lime marmalade,1
1 cup king prawn,1
1 oz kidney,1
1 cup blackcurrant jam,1
1 tablespoon raspberry jelly,1
1 l bacon stock,1
1 jar strawberry jam,1
1 tablespoon orange brandy,1
1 oz violet,1
1 lb mustard seed,1
1 pack cranberry quick bread mix,1
1 orange gelatin,1
1 bag pepperoni,1
1 tablespoon lime curd,1
1 oz puffed rice,1
1 stilton cheese,1
1 count edible flowers,1
1 colored sugar crystals,1
1 vegetable crumbles,1
1 tablespoon walnut vinegar,1
1 oz pear nectar,1
1 pack puff pastry shells,1
1 black caviar,1
1 g multi-grain flour,1
1 cup wheat gluten,1
1 pint cocoa,1
1 chocolate pudding mix,1
1 g honey ale,1
1 g ale,1
1 pint pork stock,1
1 pint cognac,1
1 pint cranberry juice,1
1 tin sweetened condensed milk,1
1 teaspoon vermouth,1
1 ml clementine juice,1
1 oz blackberry preserves,1
1 lb beef gravy,1
1 oz black pudding,1
1 g duck pate,1
1 cup malted wheat flakes,1
1 blueberry syrup,1
1 custard mix,1
1 g drippings,1
1 lb double Gloucester cheese,1
1 bag white tea,1
1 garlic herb seasoning,1
1 cup orange drink,1
1 g oat biscuits,1
1 teaspoon lemon verbena,1
1 oz lincolnshire poacher cheese,1
1 rosemary essential oil,1
1 box egg noodles,1
1 pack walnuts,1
1 dash clamato juice,1
1 carp,1
1 tablespoon brewer's yeast,1
1 cup lemonade mix,1
1 jar iced tea,1
1 pack drink mix,1
1 oz debreceni sausage,1
1 pint ice,1
1 dry soup mix,1
1 gallon sour cream,1
1 oz hazelnut syrup,1
1 oz vanilla syrup,1
1 teaspoon apple mint,1
1 tablespoon cocoa nibs,1
1 hot links,1
1 lb pork cracklings,1
1 oz raspberry vinegar,1
1 cup mace,1
1 quart pickle,1
1 cup shallot dressing,1
1 hungarian pepper,1
1 oz cantal cheese,1
1 oz herring roe,1
1 tomato seafood sauce,1
1 vegetable mix,1
1 oz laverbread,1
1 cup rabbit,1
1 g baby squash,1
1 lb jalapeno cheese,1
1 g soft cheese,1
1 pint bechamel sauce,1
1 spaetzle,1
1 lb caerphilly cheese,1
1 oz green olives,1
1 teaspoon cooking oil,1
1 lb vegetarian beef substitute,1
1 cup vegetarian beef,1
1 jar prune jam,1
1 teaspoon bouillon paste,1
1 ml coca-cola,1
1 seafood stock,1
1 lb paprika,1
1 teaspoon dried herbs,1
1 oz root beer schnapps,1
1 lobster shell,1
1 slice celery,1
1 lb pork jowl,1
1 g rye meal,1
1 pack frozen rolls,1
1 tablespoon all-purpose sauce,1
1 g fish roe,1
1 tablespoon beef marrow,1
1 jar mixed berry jam,1
1 berry sauce,1
1 oz blackberry schnapps,1
1 cup currant juice,1
1 quart port wine,1
1 cup pine nut oil,1
1 oz amarettini,1
1 tablespoon bitter orange peel,1
1 ml quark,1
1 oz fish roe,1
"1 lemon, dill",1
1 tablespoon lobster stock,1
1 dash liquid aminos,1
1 teaspoon fish roe,1
1 teaspoon butter flavoring,1
1 quart lingonberry,1
1 lobster ravioli,1
1 tablespoon biscotti crumbs,1
1 Aleppo pepper,1
1 kg sour cream,1
1 Daim,1
1 Snickers,1
1 count swedish fish candy,1
1 can fruit punch,1
1 teaspoon horseradish relish,1
1 cup cabbage broth,1
1 cup haddock,1
1 ml cookie crumbs,1
1 tablespoon arrack liqueur,1
1 lime sorbet,1
1 dill mustard sauce,1
1 can dry mustard,1
1 kg meatball,1
1 slice leek,1
1 g caerphilly cheese,1
1 teaspoon watercress,1
1 cup malt vinegar,1
1 sprig hyssop,1
1 quart celery,1
1 cape gooseberry,1
1 oz black grapes,1
1 oz dripping,1
1 oz lemon zest,1
1 pint ginger ale,1
1 tablespoon pomegranate jelly,1
1 xanthan gum,1
1 oz kabanossi,1
1 ml lard,1
1 g cherry jam,1
1 lb currant,1
1 lb candied fruit peel,1
1 oz candied citron peel,1
1 ml strawberry yogurt,1
1 lb lamprey,1
1 oz chervil,1
1 tablespoon jasmine flower,1
1 dash whisky,1
1 orange marmalade,1
1 teaspoon raw cane sugar,1
1 oz muscovado sugar,1
1 quart whiskey,1
1 tablespoon red currant jam,1
1 tablespoon honeycomb,1
1 pack cherries,1
1 g mint sauce,1
1 lb banger sausage,1
1 cup garden cress,1
1 sprig borage,1
1 g wensleydale cheese,1
1 jar dill pickle relish,1
1 pack tarragon,1
1 g lamb kidney,1
1 pack pastry crust,1
1 bag gummy worms,1
1 lb applesauce,1
1 teaspoon strawberry liqueur,1
1 tonic water,1
1 king george whiting,1
1 g lamb gravy,1
1 oz pimm's liqueur,1
1 teaspoon Mediterranean seasoning,1
1 oz mandarin juice,1
1 tablespoon pumpkin oil,1
1 can condensed chicken soup,1
1 cup peach yogurt,1
1 cupcake,1
1 mixed grain rice,1
1 g muscovado sugar,1
"1 bay leaf, parsley, thyme",1
1 cup fish veloute sauce,1
1 parchment paper,1
1 l brandy,1
1 piece digestive biscuits,1
1 oz dry mustard,1
1 oz bran,1
1 g fruit mince,1
1 tablespoon plum and apple chutney,1
"1 oz sultanas, currants",1
1 teaspoon treacle,1
1 oz lemon marmalade,1
1 lb laverbread,1
1 tablespoon chili vinegar,1
1 greek yogurt,1
1 pint curry sauce,1
1 oz lox,1
1 cup bocconcini,1
1 g caramel sauce,1
1 chocolate-covered caramel,1
1 broad bean,1
1 green olive,1
1 can raspberry cranberry juice concentrate,1
1 oz cotswold cheese,1
1 g turkey ham,1
1 cup parsley root,1
1 lb rutland cheese,1
1 ground almonds,1
1 oz club crackers,1
1 calf foot,1
1 gravy browner,1
1 cup ginger spice vinegar,1
1 teaspoon nigella,1
1 teaspoon calendula,1
1 oat bran,1
1 eucalyptus essential oil,1
1 peppermint essential oil,1
1 quart muscatel,1
1 cup oil bean,1
1 quart turkey stock,1
1 teaspoon Thai seasoning blend,1
1 tablespoon sesame ginger dressing,1
1 cup apricot sauce,1
1 tablespoon chai tea,1
1 piece dough,1
1 g farro,1
1 cup white kidney beans,1
1 jar portobello mushroom,1
1 g anchovy paste,1
1 cup soffritto,1
1 g provolone,1
1 can plum tomatoes,1
1 whole grain bread,1
1 tablespoon parmesan cheese rind,1
1 lb italian sweet sausage,1
1 piece giblet gravy,1
1 cup bourbon gravy,1
1 teaspoon calcium chloride,1
1 cup mole negro,1
1 dash citrus juice,1
1 lb turkey neck and heart,1
1 morita chili sauce,1
1 cup sprouted beans,1
1 lb soppressa,1
1 jar red pepper jelly,1
1 jar truffle paste,1
1 cup fish cake,1
1 cup lemon herb vinaigrette,1
1 can bonito,1
1 cup mustard barbecue sauce,1
1 tablespoon yogurt dressing,1
1 cup cilantro mint chutney,1
1 multigrain flatbread,1
1 handful potato chips,1
1 jar baked beans,1
1 oz submarine roll,1
1 oz cranberry chutney,1
1 cranberry pecan,1
1 corn biscuits,1
1 gallon vegetable oil,1
1 cup ant,1
1 cup ube,1
1 coconut pie crust,1
1 piece udon noodles,1
1 cup vegan cheddar cheese,1
1 lb vegan chicken,1
1 inch seitan,1
1 tablespoon hemp hearts,1
1 pack ground meat,1
1 soy sour cream,1
1 lb flaxseed meal,1
1 can anaheim pepper,1
1 pack plant-based beef crumbles,1
1 bunch curry leaves,1
1 bowl mixed vegetables,1
1 pack vegetable seasoning mix,1
1 lb quinoa pasta,1
1 inch parmesan rind,1
1 pack cheddar broccoli rice side,1
1 teaspoon tandoori chicken masala,1
1 stick parsnip,1
1 cup curry base,1
1 tablespoon parsley and chives,1
1 teaspoon ginger garlic,1
1 inch black pepper,1
1 veal rib,1
1 cup eel,1
1 oz top round,1
1 teaspoon yuzu zest,1
1 lb northern pike,1
1 lb ruffe,1
1 cup horse gram,1
1 teaspoon ground mustard,1
1 tablespoon umeboshi paste,1
1 cup tare sauce,1
1 cup heart,1
1 g blood sausage,1
1 rusk,1
1 cup sweet red wine,1
1 bag cherry,1
1 oz turbinado sugar,1
1 oz dry milk,1
1 oz dried peach,1
1 piece cookie,1
1 cup berry preserves,1
1 lb sheep feet,1
1 tablespoon scotch bonnet pepper sauce,1
1 cup guajillo pepper salsa,1
1 tablespoon dried fish,1
1 neck bone,1
1 cup rice paste,1
1 slice puff pastry,1
1 cup tinda,1
1 fenugreek seeds,1
1 cumin seeds,1
1 tablespoon dabu-dabu,1
1 teaspoon marsala wine,1
1 piece ladyfingers,1
1 g coffee beans,1
1 pack whipped cream stabilizer,1
1 g lime,1
1 tablespoon blackening spice,1
1 cup ground beans,1
1 cup barley flakes,1
1 piece garlic naan,1
1 tablespoon tomato pickle,1
"1 cayenne pepper, black pepper",1
1 cup Chinese broccoli,1
1 set spaghetti,1
1 l creme fraiche,1
1 cup chinkiang vinegar,1
1 tablespoon bbq sauce,1
1 cup beef demi-glace,1
1 bag sweet potato,1
1 bottle red wine vinegar,1
1 slice bread and butter pickles,1
1 set burger bun,1
1 set ketchup,1
1 set mustard,1
1 set pickle relish,1
1 cup nacho cheese sauce,1
1 pequin pepper,1
1 tablespoon garlic spread,1
1 piece cheese sauce,1
1 set graham crackers,1
1 set marshmallow,1
1 muffuletta bread,1
1 tablespoon nduja,1
1 snakehead,1
1 oz bean sprout,1
1 oz instant ramen,1
1 eggplant spread,1
1 cup tri-tip,1
1 pinch galangal,1
1 tablespoon jalapeño pepper,1
1 pack crouton,1
1 vegetable soup,1
1 cup chamoy,1
1 cup rice chex cereal,1
1 bag sunflower seeds,1
1 tri-tip steak,1
1 g Parmigiano-Reggiano,1
1 cup recaito,1
1 pack candy corn,1
1 pack banana chips,1
1 pack dried mango,1
1 pack pineapple,1
1 pack toffee pretzel,1
1 l apple,1
1 count black pepper,1
1 count black cardamom,1
1 cup mutton stock,1
1 ml kewra water,1
1 tablespoon chihuahua cheese,1
1 g tortelloni,1
1 inch pecorino romano,1
1 branch coriander,1
1 lamb foreshank,1
1 white bean puree,1
1 g seafood mix,1
1 spoon chili paste,1
1 cup lobster tomalley,1
1 stick breadstick,1
1 balsamic cream,1
1 g breadsticks,1
1 roll bread dough,1
1 bottle basil vinaigrette,1
"1 cup pigeon peas, split lentils",1
1 tablespoon peach puree,1
1 handful purslane,1
1 g pasta sheets,1
1 inch olive oil,1
1 pork trotters,1
1 tablespoon soy lecithin,1
1 cup sushi vinegar,1
1 g soy mince,1
1 oz runner beans,1
1 oz cake crumbs,1
1 ball ginger,1
1 lb tallow,1
1 tablespoon meadowsweet,1
1 tablespoon barley flour,1
1 basil pesto,1
1 box broth,1
1 bunch waterleaf,1
1 cup bambara nut,1
1 bar cheese,1
1 teaspoon vadouvan,1
1 bar mozzarella,1
1 pack beef kielbasa,1
1 cup vegetable flakes,1
1 cup garlic tomato vinaigrette,1
1 cup russian salad dressing,1
1 tablespoon scotch whisky,1
1 tablespoon toffee,1
1 can ale,1
1 oz sparkling rosé wine,1
1 g fondant,1
1 tablespoon pilau masala,1
1 cup moringa,1
1 cup fermented milk,1
1 Parmigiano Reggiano,1
1 cup cold cuts,1
1 piece aspic,1
1 lb hard cheese,1
1 cup zhajiang sauce,1
1 youtiao,1
1 g meat strips,1
1 sheet bamboo leaf,1
1 wedge honeydew melon,1
1 g Arborio rice,1
1 polony,1
1 tablespoon ricotta salata,1
1 sheet pane carasau,1
1 pan chervil,1
1 oz clam,1
1 cup lentil flour,1
1 bunch citronella,1
1 tablespoon mrs. ball's chutney,1
1 lb gem squash,1
1 oz ratafia biscuits,1
1 orange candy,1
1 cup kombu stock,1
1 pack pink beans,1
1 l black tea,1
1 ml raspberry juice,1
1 lb rose petals,1
1 pack bouquet garni,1
1 g black caviar,1
1 bunch herbes fines,1
1 teaspoon butter powder,1
1 ml malt vinegar,1
1 ml gravy,1
1 teaspoon steak seasoning rub,1
1 piece clams,1
1 cup apples,1
"1 tablespoon olive oil, coconut oil",1
1 teaspoon tea masala,1
1 deer neck,1
1 gallon apple,1
1 g icing sugar,1
1 cup blackberry wine,1
1 bottle sunflower oil,1
1 oz scrapple,1
1 tablespoon malt powder,1
1 meat juice,1
1 oz haggis,1
1 lb apricot jam,1
1 oz cake,1
1 oz scotch whisky,1
1 slice breadcrumb,1
1 cup vegetable suet,1
1 coarse white sugar,1
1 g fourme d'ambert,1
1 tablespoon beetroot orange chutney,1
1 oz mead,1
1 haggis,1
1 egg egg white,1
1 cup quick oats,1
1 oz mixed seeds,1
1 pint shrimp,1
1 poolish,1
1 tablespoon yeast extract,1
1 pack instant cappuccino mix,1
1 pint peas,1
"1 cup coriander leaves, mint leaves",1
1 cup yuzu zest,1
1 chipotle chile,1
1 cup almond toffee,1
1 teaspoon pandan juice,1
1 cup water lily,1
1 cup water plantain,1
1 bottle red wine vinaigrette,1
1 lb melon,1
1 cup raspberry lime ginger sauce,1
1 cup coconut brittle,1
1 piece horseradish cream,1
1 handful soba noodles,1
1 oz poultry sausage,1
1 g Quorn,1
1 lb wensleydale cheese,1
1 tablespoon red onion vinaigrette,1
1 tablespoon wheat berries,1
1 shot mezcal,1
1 oz tasso,1
1 can white northern beans,1
1 monterey jack,1
1 tablespoon white chocolate syrup,1
1 cup shea butter,1
1 tablespoon flan mix,1
1 tablespoon raspberry syrup,1
1 sheep intestine,1
1 lb enoki mushroom,1
1 poppy seed roll,1
1 pack yogurt,1
1 cup pumpkin enchilada sauce,1
1 pouch jasmine rice,1
1 pack vegetarian breakfast patty,1
1 lb borlotti beans,1
1 teaspoon fennel pollen,1
1 chili garlic mix,1
1 cup bracken starch,1
1 cup pickled daikon and carrot,1
1 ml sweet and sour chili sauce,1
1 teaspoon brown sauce,1
1 teaspoon boemboe ajam paniki,1
1 piece waffle,1
1 oz mesclun,1
1 cup nasturtium blossoms,1
1 slice walnut,1
1 cup corn cereal squares,1
1 oz candy melt,1
1 teaspoon ammonium bicarbonate,1
1 cup béchamel sauce,1
1 cup chocolate kisses,1
1 pack chocolate cookie,1
1 pack fruit roll-up,1
1 oz e-fu noodles,1
1 handful rice,1
1 handful beans,1
1 cup spice mix,1
1 pack wonton noodles,1
1 curry cream sauce,1
1 sheet peppermint,1
1 chicken backbones,1
1 tablespoon unagi sauce,1
1 piece udon,1
1 lb mochi,1
1 cup yam flour,1
1 tablespoon balsamic vinegar syrup,1
1 tablespoon tamarind water,1
1 pouch basmati rice,1
1 pack oatmeal cookie mix,1
1 head savoy cabbage,1
1 caramel ice cream,1
1 handful leafy greens,1
1 cup porcini stock,1
1 bottle orange sparkling water,1
1 tablespoon veal jus,1
1 cup truffle paste,1
1 spoon black pepper,1
1 pack whole wheat sandwich thins,1
1 teaspoon fish rub,1
1 lb whole wheat penne rigate,1
1 jar blueberries,1
1 count baguette,1
1 honey apple cider vinaigrette,1
1 essential oil,1
1 lb ramps,1
1 handful fiddlehead fern,1
1 cup aperol,1
1 kg wild boar,1
1 bunch soup greens,1
1 cran-apple salsa dressing,1
1 tablespoon wing sauce,1
1 lb cocoa powder,1
1 pint sweet vermouth,1
1 lb tilsiter cheese,1
1 bag sweet potatoes,1
1 pack coffee,1
1 quart court bouillon,1
1 dash vanilla liqueur,1
1 cup acorn flour,1
1 piece string cheese,1
1 stick toast,1
1 gin,1
1 elderflower liqueur,1
1 strawberries,1
1 cup buttermilk pancake and waffle mix,1
1 inch camembert,1
1 teaspoon orange flavoring,1
1 light rum,1
1 piece dark chocolate,1
1 oz teleme cheese,1
1 butterscotch liqueur,1
1 cup Alize Red Passion liqueur,1
1 g black truffle,1
1 lb Emmental cheese,1
1 pack risotto mix,1
1 dash campari,1
1 orange bitters,1
1 ml dry vermouth,1
1 g bran flakes,1
1 box oats,1
1 count anchovy,1
1 jar coffee creamer,1
1 cup chocolate milk powder,1
1 teaspoon nut oil,1
1 cherry conserve,1
1 branch tarragon,1
1 quart lamb broth,1
1 tablespoon raspberry brandy,1
1 tablespoon goose liver,1
1 count orange juice,1
1 lamb bone,1
1 bottle scotch whisky,1
1 teaspoon angelica root,1
1 oz lovage cordial,1
1 kg duck fat,1
1 g elderflower,1
1 cup pimm's,1
1 oz Montrachet cheese,1
1 teaspoon lavender syrup,1
1 teaspoon raspberry flavoring,1
1 tofurky hot dogs,1
1 cup pernod,1
1 cup onion soup,1
1 ox tongue,1
1 teaspoon peach jam,1
1 oz currant jelly,1
1 cane syrup,1
1 cup angelica,1
1 cup parmesan cheese sauce,1
1 truffle salt,1
1 tablespoon fresh herbs,1
1 ml ice,1
1 ml borage,1
1 oz venison tenderloin,1
1 teaspoon apple brandy,1
1 demi-glace,1
1 can green pea,1
1 cup white mushrooms,1
1 pack au jus mix,1
1 pack veggie bacon,1
1 tablespoon cremini mushroom,1
1 jar au jus,1
1 g haggis,1
1 apple crumb muffin,1
1 piece panettone,1
1 tablespoon sloe gin,1
1 kg chestnut,1
1 piece havarti cheese,1
1 g croutons,1
1 slice calf liver,1
1 cup beef lard,1
1 tablespoon dark ale,1
1 oz crotenese cheese,1
1 cup meat glaze,1
1 quart sparkling wine,1
1 slice cinnamon raisin bread,1
1 eucalyptus oil,1
1 tablespoon calabrian hot chili sauce,1
1 cup dried cranberries,1
1 pack berries,1
1 oz cacio di roma cheese,1
1 parmesan cheese crouton,1
1 cup brown sugar substitute,1
1 g livarot cheese,1
1 teaspoon fruit preserves,1
1 cup kool-aid,1
1 kg calamari,1
"1 tarragon, chervil",1
1 pack sweet roll,1
1 cup butterfinger,1
1 fruit spread,1
1 cup wild mushrooms,1
1 lb beetroot,1
1 wheel cheese,1
1 slice french toast,1
1 cup Benedictine,1
1 tablespoon pastis,1
1 bag mixed salad greens,1
1 pint French onion dip,1
1 slice reblochon cheese,1
1 teaspoon suet,1
1 tablespoon arak,1
1 slice 9-grain bread,1
1 tablespoon apple pie spice,1
1 can ketchup,1
1 lb mayonnaise,1
1 box bread dough,1
1 shot wine,1
1 mushroom soup mix,1
1 fish stock,1
1 cup vacherin cheese,1
1 cup pie crust,1
1 cup Samsoe cheese,1
"1 cup dill, parsley, coriander, lemon thyme, mint",1
1 saccharin,1
1 dash port wine,1
1 oz onion dip,1
1 oz fish ball,1
1 oz swiss provolone cheese,1
1 oz mussel broth,1
1 slice whole wheat french bread,1
1 montreal steak seasoning,1
1 ml blueberry liqueur,1
1 blueberry jam,1
1 quart demi-glace,1
1 calf head,1
1 tablespoon stilton cheese,1
1 tablespoon orange flavoring,1
1 cup mixed wild mushroom,1
1 tablespoon huacatay,1
1 oz armagnac,1
1 coconut syrup,1
1 g beaufort cheese,1
1 lb beef brain,1
1 buttermilk pancake mix,1
1 quart veal broth,1
1 dash salt and black pepper,1
1 bag pearl onion,1
1 inch preserved lemon,1
1 lb bread flour,1
1 oz smoked herring,1
1 chicken heart,1
1 g juniper berries,1
1 can onion rings,1
1 g bun,1
1 l chicken bouillon,1
1 goose giblets,1
1 teaspoon meat glaze,1
1 cup vanilla instant pudding mix,1
1 tablespoon vanilla powder,1
1 oz rutland cheese,1
1 lb panettone,1
1 raisin walnut bread,1
1 aji chili,1
1 handful tarragon,1
1 cilantro pesto,1
1 oz pistachio oil,1
1 cup bear fat,1
1 teaspoon blue cheese dressing,1
1 pack sweetener,1
1 shortcake,1
1 cup heath candy bar,1
1 count toast,1
1 teaspoon potato flakes,1
1 maple sugar,1
1 dash kitchen bouquet,1
"1 raspberry, mint, blueberry",1
1 foot sheep casing,1
1 cup sweet chestnut spread,1
1 oz reblochon cheese,1
1 bag croutons,1
1 g pont l'eveque cheese,1
1 oz mixed dried pulses,1
1 escargot,1
1 pack egg,1
1 black olive tapenade,1
"1 cup tarragon, flat-leaf parsley",1
1 french dinner rolls,1
1 teaspoon spiced rum,1
1 cup salted caramel,1
1 multigrain bread,1
1 lb black currant,1
1 orange extract,1
1 ml pork,1
1 ml potato,1
1 quart root vegetable,1
1 ml salt water,1
1 oz Alize Red Passion liqueur,1
1 matzo meal,1
1 chips,1
1 lb flageolet beans,1
1 watermelon flavoring,1
1 oz melba toast,1
1 pack crème fraîche,1
1 ml duck broth,1
1 liverwurst,1
1 black pudding,1
1 slice cake,1
1 pint chicken salad,1
1 ml blackberry,1
1 teaspoon dry vermouth,1
1 lb fish heads,1
1 jar lemon spread,1
1 g duck fat,1
1 tablespoon pork fatback,1
1 dash orange zest,1
1 lb dinner roll,1
1 oz violet liqueur,1
1 dash peach schnapps,1
1 dash grapefruit juice,1
1 dash apple schnapps,1
1 pack champagne biscuits,1
1 tablespoon cocoa butter,1
1 teaspoon jojoba oil,1
1 dash pumpkin pie spice,1
1 duck giblets,1
1 lb raspberry jam,1
1 kg cream cheese,1
1 cup beef bacon,1
1 ml carrot juice,1
1 cup gumbo,1
1 garlic paste,1
1 summer sausage,1
1 tablespoon Ovaltine,1
1 l bouillon,1
1 kg chocolate,1
1 lb marmalade,1
1 tablespoon rosemary oil,1
1 oz jam,1
1 piece breadcrumbs,1
1 slice reduced-fat swiss cheese,1
1 tablespoon tomato soup mix,1
1 cream of spinach soup mix,1
1 tablespoon applejack,1
1 tablespoon ground pepper,1
1 cup ground pepper,1
1 g lavender vanilla sugar,1
1 g Gruyère cheese,1
1 piece beef round steak,1
1 club crackers,1
1 teaspoon armagnac,1
1 pack chicken patty,1
1 pack hawaiian rolls,1
1 box lasagna sheets,1
1 ball smoked mozzarella,1
1 tablespoon sauerkraut juice,1
1 apple butter,1
1 bechamel,1
1 tablespoon cranberries,1
1 tablespoon green chili flakes,1
1 g nougat,1
1 tablespoon ginger lemonade,1
1 inch pita bread,1
1 teaspoon poppy seed dressing,1
1 dinner roll dough,1
1 ratafia,1
1 teaspoon truffle butter,1
1 raisin bread,1
1 pack hawaiian roll,1
"1 rosemary, sage",1
1 g lavender,1
1 teaspoon cointreau,1
1 inch brie,1
1 jar sugar,1
1 strawberry glaze,1
1 ml chablis,1
1 tablespoon candied ginger,1
1 g shortbread,1
1 count pecan,1
1 kg panettone,1
1 lb bavette steak,1
1 pack sucralose,1
1 berry syrup,1
1 oz fruit pie filling,1
1 teaspoon monterey jack cheese,1
1 cup pastry flour,1
1 can vegetable shortening,1
1 cup onion chips,1
1 tablespoon clams,1
1 kg ham hock,1
1 oz blueberry jam,1
1 gallon pickles,1
1 gallon apple cider vinegar,1
1 tablespoon alum,1
"1 tablespoon chives, flat-leaf parsley",1
1 cup veloute sauce,1
1 smelt,1
1 teaspoon duck fat,1
1 buttercream icing,1
1 pack muffin mix,1
1 oz mimolette cheese,1
1 cup tomato consomme,1
1 lb mixed fish fillet,1
1 tablespoon four-spice,1
1 tablespoon rouille,1
1 ml duck fat,1
1 oz macaroon,1
1 udder,1
1 slice stilton cheese,1
1 cup licorice liqueur,1
1 cup French onion dip,1
1 pack bucatini,1
1 tablespoon raspberry sorbet,1
1 cup liquid egg,1
1 oz jasmine tea,1
1 mint chocolate,1
1 milk gravy,1
1 lb breakfast sausage,1
1 teaspoon meat extract,1
1 slice portobello mushroom,1
1 mint chocolate chips,1
1 pack shortbread,1
1 tablespoon seafood stock,1
1 tablespoon graham crackers,1
1 spoon cocoa,1
1 teaspoon garlic spread,1
1 cup veal demi-glace,1
1 teaspoon onion seasoning,1
1 kg fennel,1
1 teaspoon walnut extract,1
1 cup eau de vie,1
1 new mexico dried chiles,1
1 oz white pepper,1
1 lb clarified butter,1
1 sachet spice,1
1 pop tarts,1
1 lb frozen potatoes,1
1 pack french onion dip mix,1
1 dash safflower oil,1
1 oz mandarin vodka,1
1 ml bitter lemon soda,1
1 espresso icing,1
1 teaspoon mini chocolate chips,1
1 season all,1
1 bergamot leaf,1
1 lb oatmeal,1
1 pancake syrup,1
1 pork rinds,1
1 cup triticale flour,1
1 cup pancake syrup,1
1 cup red pepper aioli,1
1 cup goat cheese hollandaise sauce,1
1 teaspoon salami,1
1 cup duck broth,1
1 oz cocoa nibs,1
1 teaspoon salmon caviar,1
1 pack havarti cheese,1
1 jar blueberry preserves,1
1 l grain alcohol,1
1 cup dried wild mushrooms,1
1 oyster liquid,1
1 tablespoon New Mexico red chilies,1
1 teaspoon orange syrup,1
1 teaspoon dijon mustard,1
1 bag celery,1
1 ml amarula liqueur,1
1 lb farina,1
1 tablespoon Greek herb and spice seasoning mix,1
1 tablespoon cinnamon liqueur,1
1 teaspoon butterscotch extract,1
1 tablespoon black currant,1
1 piece honeycomb,1
1 banana jelly,1
1 tablespoon fig marmalade,1
1 oz olive oil vinaigrette,1
1 cup freeze-dried fruit,1
1 g pistachios,1
1 pack twinkies,1
1 box kataifi,1
1 tangerine zest,1
1 quince preserves,1
1 teaspoon orange drink mix,1
1 pack chestnut puree,1
1 marshmallow cream,1
1 oz mastic,1
1 wedge orange peel,1
1 wedge lemon zest,1
1 tablespoon vanilla flavoring,1
1 jar strawberry jelly,1
1 cup shallot vinaigrette,1
1 cup garlic herb dressing,1
1 cup olive oil vinaigrette,1
1 tablespoon fruit syrup,1
1 ml italian dressing,1
1 pack vegan chicken,1
1 box tri-color spiral pasta,1
1 cup aleppo pepper,1
1 box pastry dough,1
1 tablespoon greek vinaigrette,1
1 pack tabouli mix,1
1 g kataifi,1
1 g whipped topping,1
1 cup watermelon puree,1
1 tablespoon caramel color,1
1 devil's food cake mix,1
1 leaf geranium,1
1 gallon skim milk,1
1 cup gyros meat,1
1 tablespoon riesling,1
1 oz seasoning,1
1 cup manouri cheese,1
1 tablespoon halloumi cheese,1
1 box phyllo tart shells,1
1 lb celery leaves,1
1 pack crystal light lemonade mix,1
"1 cup green pepper, broccoli, carrot",1
1 oz gyro meat,1
1 cup hot cereal,1
1 tablespoon orange blossom,1
1 oz amaro Montenegro,1
1 rosemary sauce,1
1 teaspoon wheat dextrin,1
1 bottle sun-dried tomato,1
1 kg phyllo dough,1
1 g red bell pepper,1
1 tablespoon pomegranate red wine vinegar,1
1 tablespoon Greek seasoning blend,1
1 dash vanilla syrup,1
1 inch fennel,1
1 slice trout,1
1 pack tomato basil,1
1 bottle almond extract,1
1 piece feta cheese,1
1 box tomato passata,1
1 tablespoon Montreal seasoning,1
1 tarama,1
1 pack whipped cream,1
1 tablespoon greek mixed spice,1
1 teaspoon artichoke,1
1 pint grape leaves,1
1 tablespoon tarama,1
1 g bechamel sauce,1
1 cup cucumber ranch dressing,1
1 oregano and sun-dried tomato dressing,1
1 bonito,1
1 lb garlic scapes,1
1 tablespoon cucumber juice,1
1 teaspoon garlic pepper sauce,1
1 cup trahana,1
1 kalamata olives,1
1 lb spinach pasta,1
1 egg replacer,1
1 tablespoon ascorbic acid,1
1 oz pudding,1
1 lutefisk,1
1 g candy syrup,1
1 ml wheat beer,1
1 tablespoon dried herbs,1
1 slice gingerbread,1
1 oz eau de vie,1
1 stalk belgian endive,1
1 oz gianduja,1
1 lb elderberry,1
1 teaspoon stoofvlees seasoning,1
1 oz royal icing,1
1 kg all-purpose flour,1
1 barley flour,1
1 banana cream,1
1 lb porcini mushroom,1
1 oz rye breadcrumbs,1
1 tablespoon cloudberry syrup,1
1 ml cloudberry jam,1
1 cup instant milk powder,1
1 g nokkelost cheese,1
1 oz peppermint liqueur,1
1 tablespoon béarnaise sauce,1
1 ml mixed herbs,1
1 chocolate hazelnut gelato,1
1 ml rusk crumbs,1
1 pint espresso ice cream,1
1 piece lutefisk,1
1 ml scallion broth,1
1 can mustard,1
1 oz garlic vinegar,1
1 oz swedish meatball seasoning,1
1 lb reindeer,1
1 g herring,1
1 rum extract,1
1 lb new potatoes,1
1 kg Brussels sprouts,1
1 teaspoon almond syrup,1
1 oz Frangelico,1
1 saffron milk cap,1
1 cup waffle batter,1
1 bag grape,1
1 sliver lemon zest,1
1 ml white pepper,1
1 lb almond flour,1
1 dash alcohol,1
1 citron peel,1
1 cup pound cake crumbs,1
1 ml polenta,1
1 roll sugar cookie dough,1
1 slice speck,1
1 leaf savory,1
1 tablespoon chamomile tea,1
1 teaspoon red currant preserves,1
1 rose buds,1
1 button mushrooms,1
1 teaspoon vegetarian broth,1
1 lb liver sausage,1
1 cup peppermint syrup,1
1 pine needle,1
1 candied cherries,1
1 g redcurrant jam,1
1 cherry jam,1
1 tablespoon cranberry jam,1
1 teaspoon almond meal,1
1 cup red currant jam,1
1 pie filling,1
1 pancake batter,1
1 tablespoon cloudberry,1
1 struffoli,1
1 salmon patty,1
1 ml caviar,1
1 handful potato,1
1 pickled herring,1
1 teaspoon apple butter,1
1 sheet wafer paper,1
1 ml cottage cheese,1
1 teaspoon turkey rub,1
1 cup lingonberry jam,1
1 jar cardamom,1
1 sardines,1
1 fruit juice,1
1 oz horseradish cream,1
1 teaspoon lemon dill seasoning,1
1 lb lutefisk,1
1 g barley flour,1
1 oz smoked fish,1
1 teaspoon caviar,1
1 cup candied lemon and orange dried fruit,1
1 oz manouri cheese,1
1 court bouillon,1
1 cup pineau des charentes,1
1 oz watermelon syrup,1
1 kg goat cheese,1
1 cup feta dressing,1
1 roll almond paste,1
1 ml rum extract,1
1 tablespoon fruit liqueur,1
1 teaspoon cherry oil,1
1 pint chocolate ice cream,1
1 quart shortening,1
1 tablespoon plum brandy,1
1 pint eau de vie,1
1 tablespoon bread and butter pickles,1
1 french bread,1
1 cup whole grain wheat and barley cereal,1
1 l dandelion flowers,1
1 teaspoon almond puree,1
1 cube vegetarian beef bouillon,1
1 bag quorn chicken cutlets,1
1 tablespoon lavender simple syrup,1
1 oz passion fruit syrup,1
1 dash olive brine,1
1 pumpkin blossoms,1
1 kg romaine lettuce,1
1 cup vanilla coffee creamer,1
1 roll poppy seed,1
1 greek salad dressing,1
1 lb butter beans,1
1 lb giant beans,1
1 tablespoon Pecorino Romano cheese,1
1 tablespoon lemon basil,1
1 kg dandelion greens,1
1 cup roasted peppers,1
1 kg peach,1
1 lb pearl barley,1
1 cup parboiled long grain rice,1
1 quart alcohol,1
1 g perch,1
1 oz peppers,1
1 piece halloumi cheese,1
1 mizithra cheese,1
1 kg green pepper,1
1 teaspoon lemon concentrate,1
1 currant,1
1 tablespoon pita,1
1 cup green lentils,1
1 head romanesco,1
1 cup quick-cooking rolled oats,1
1 cup green lentil,1
1 ml limoncello,1
1 tablespoon yeast nutrient,1
1 pack bison sausage,1
1 ml persimmon,1
1 camembert cheese,1
1 tablespoon vegetarian beef bouillon,1
1 cup vegetarian beef strips,1
1 chocolate cream,1
1 processed meat,1
1 tablespoon camelina oil,1
1 slice French bread,1
1 oz mixed mushrooms,1
1 oz calvados,1
1 tablespoon blackberry vinegar,1
1 teaspoon egg nog,1
1 tablespoon chipotle chile,1
1 pack caramel creme dessert mix,1
"1 cup toffee bits, almond brickle chips",1
1 emeril's original essence,1
1 basil oil,1
1 oz 7-up soda,1
1 kg apples,1
1 oz tomato jam,1
1 lb split yellow peas,1
1 lb pearled barley,1
1 cup chai liqueur,1
1 cup borage,1
1 kg cherry stem,1
1 g clementine,1
1 oz herb cheese spread,1
1 pack refrigerated flaky dough,1
1 apple syrup,1
1 ml buckwheat,1
1 tablespoon gravy browner,1
1 oz black cherry jam,1
1 slice yogurt cheese,1
1 veggie burger,1
1 tablespoon mackerel,1
"1 black olives, radish",1
1 can liver spread,1
1 quart grape leaves,1
1 tablespoon white rice,1
1 oz custard mix,1
1 pack naan,1
1 kg phyllo pastry,1
1 oz Greek dressing,1
1 plate tomato,1
1 box whole wheat crackers,1
1 cup apricot pineapple jam,1
1 set crescent roll,1
1 kammerjunker biscuit,1
1 pint hummus,1
1 piece kefalotyri,1
1 greek vinaigrette,1
1 tablespoon greek salad dressing,1
1 ml green peppercorn,1
1 g feta,1
"1 cup garlic, sun-dried tomato",1
1 focaccia dough,1
1 head green onion,1
1 pack raspberry dessert mix,1
1 lb portabella mushrooms,1
1 tablespoon maggi liquid seasoning,1
1 tablespoon biscotti,1
1 g prunes,1
1 ml pan drippings,1
1 l tomato paste,1
1 scoop stevia,1
1 raspberry syrup,1
1 jar feta cheese,1
1 sprig arugula,1
1 box orzo,1
1 teaspoon peach preserves,1
1 handful corn flakes,1
1 kg kasseri cheese,1
1 can crescent dinner rolls,1
1 oz citron liqueur,1
1 oz egg white,1
1 lb lemon sole,1
1 box gyro seasoning,1
1 oz yogurt starter,1
1 oz rosé wine,1
1 oz lemon thyme,1
1 box brown sugar,1
1 kg swiss chard,1
1 barley rusk,1
1 leaf feta cheese,1
1 oz samsoe cheese,1
"1 gherkin, rye bread",1
1 kg vinegar,1
1 teaspoon porcini mushroom,1
1 kefalotyri,1
1 tablespoon greek dressing,1
1 pack whole wheat wrap,1
1 cup bean and grain mix,1
1 oz tarama,1
1 teaspoon galliano,1
"1 lettuce, tomato, mayonnaise, sour cream",1
1 oz lemon verbena,1
1 phyllo,1
1 kg beef tripe,1
1 oz tzatziki,1
1 teaspoon flax seed oil,1
1 oz lavash,1
1 cheese and olive spread,1
1 lb kefalotyri cheese,1
1 box raspberry muffin mix,1
1 kg pepper,1
1 g rosé wine,1
1 bag pomegranate,1
1 trail mix,1
1 tablespoon teff flour,1
1 egg egg whites,1
1 cup lemon jam,1
1 teaspoon pudding mix,1
1 box strawberry flavor,1
1 pack dessert mix,1
1 lb roe,1
1 bag spearmint,1
1 skordalia,1
1 stalk spearmint,1
1 oz meat substitute,1
1 pint spinach,1
1 jar red capsicum pasta sauce,1
1 kg kefalotyri,1
1 teaspoon greek herb seasoning,1
1 lb hilopites,1
1 spoon rosemary,1
1 bottle horseradish,1
